Workbook

Sheet Data
B1: Cell proportions (a2/a4) | D1: 99.8/0.2
B2: Treatment | D2: No treatment | AH2: MTD | BL2: Red Calibration MTD | CA2: Red Calibration No treatment | CP2: AT 100 | EN2: AT 80 | GL2: AT 50
B3: Well | D3: A7 | I3: B7 | N3: C7 | S3: D7 | X3: E7 | AC3: F7 | AH3: F1 | AM3: F2 | AR3: F3 | AW3: F4 | BB3: F5 | BG3: F6 | BL3: A8 | BQ3: B8 | BV3: C8 | CA3: D8 | CF3: E8 | CK3: F8 | CP3: A1 | CU3: B1 | CZ3: C1 | DE3: D1 | DJ3: E1 | DO3: A2 | DT3: B2 | DY3: C2 | ED3: D2 | EI3: E2 | EN3: A3 | ES3: B3 | EX3: C3 | FC3: D3 | FH3: E3 | FM3: A4 | FR3: B4 | FW3: C4 | GB3: D4 | GG3: E4 | GL3: A5 | GQ3: B5 | GV3: C5 | HA3: D5 | HF3: E5 | HK3: A6 | HP3: B6 | HU3: C6 | HZ3: D6 | IE3: E6
A4: d | B4: colour | D4: g | E4: r | F4: r' | G4: t | I4: g | J4: r | K4: r' | L4: t | N4: g | O4: r | P4: r' | Q4: t | S4: g | T4: r | U4: r' | V4: t | X4: g | Y4: r | Z4: r' | AA4: t | AC4: g | AD4: r | AE4: r' | AF4: t | AH4: g | AI4: r | AJ4: r' | AK4: t | AM4: g | AN4: r | AO4: r' | AP4: t | AR4: g | AS4: r | AT4: r' | AU4: t | AW4: g | AX4: r | AY4: r' | AZ4: t | BB4: g | BC4: r | BD4: r' | BE4: t | BG4: g | BH4: r | BI4: r' | BJ4: t | BL4: g | BM4: r | BN4: r' | BO4: t | BQ4: g | BR4: r | BS4: r' | BT4: t | BV4: g | BW4: r | BX4: r' | BY4: t | CA4: g | CB4: r | CC4: r' | CD4: t | CF4: g | CG4: r | CH4: r' | CI4: t | CK4: g | CL4: r | CM4: r' | CN4: t | CP4: g | CQ4: r | CR4: r' | CS4: t | CU4: g | CV4: r | CW4: r' | CX4: t | CZ4: g | DA4: r | DB4: r' | DC4: t | DE4: g | DF4: r | DG4: r' | DH4: t | DJ4: g | DK4: r | DL4: r' | DM4: t | DO4: g | DP4: r | DQ4: r' | DR4: t | DT4: g | DU4: r | DV4: r' | DW4: t | DY4: g | DZ4: r | EA4: r' | EB4: t | ED4: g | EE4: r | EF4: r' | EG4: t | EI4: g | EJ4: r | EK4: r' | EL4: t | EN4: g | EO4: r | EP4: r' | EQ4: t | ES4: g | ET4: r | EU4: r' | EV4: t | EX4: g | EY4: r | EZ4: r' | FA4: t | FC4: g | FD4: r | FE4: r' | FF4: t | FH4: g | FI4: r | FJ4: r' | FK4: t | FM4: g | FN4: r | FO4: r' | FP4: t | FR4: g | FS4: r | FT4: r' | FU4: t | FW4: g | FX4: r | FY4: r' | FZ4: t | GB4: g | GC4: r | GD4: r' | GE4: t | GG4: g | GH4: r | GI4: r' | GJ4: t | GL4: g | GM4: r | GN4: r' | GO4: t | GQ4: g | GR4: r | GS4: r' | GT4: t | GV4: g | GW4: r | GX4: r' | GY4: t | HA4: g | HB4: r | HC4: r' | HD4: t | HF4: g | HG4: r | HH4: r' | HI4: t | HK4: g | HL4: r | HM4: r' | HN4: t | HP4: g | HQ4: r | HR4: r' | HS4: t | HU4: g | HV4: r | HW4: r' | HX4: t | HZ4: g | IA4: r | IB4: r' | IC4: t | IE4: g | IF4: r | IG4: r' | IH4: t
A5: 1 | B5: 45492 | C5: Friday | D5: 1159300039 | E5: 8141338 | F5: =INDIRECT("ZS(-1)",0) * 'Correction factor'!$C$13 -> 11290920 | G5: =INDIRECT("ZS(-1)",0) + INDIRECT("ZS(-3)",0) -> 1.170591e+09 | H5: =INDIRECT("ZS(-1)",0) / INDIRECT("Z6S(-1)",0) -> 0.84662681 | I5: 1309688332 | J5: 9235404 | K5: =INDIRECT("ZS(-1)",0) * 'Correction factor'!$C$13 -> 12808240 | L5: =INDIRECT("ZS(-1)",0) + INDIRECT("ZS(-3)",0) -> 1.3224966e+09 | M5: =INDIRECT("ZS(-1)",0) / INDIRECT("Z6S(-1)",0) -> 0.86690106 | N5: 1056157805 | O5: 7237061 | P5: =INDIRECT("ZS(-1)",0) * 'Correction factor'!$C$13 -> 10036812 | Q5: =INDIRECT("ZS(-1)",0) + INDIRECT("ZS(-3)",0) -> 1.0661946e+09 | R5: =INDIRECT("ZS(-1)",0) / INDIRECT("Z6S(-1)",0) -> 0.83003625 | S5: 1237492985 | T5: 6991024 | U5: =INDIRECT("ZS(-1)",0) * 'Correction factor'!$C$13 -> 9695592.3 | V5: =INDIRECT("ZS(-1)",0) + INDIRECT("ZS(-3)",0) -> 1.2471886e+09 | W5: =INDIRECT("ZS(-1)",0) / INDIRECT("Z6S(-1)",0) -> 0.85139397 | X5: 1177989337 | Y5: 7897495 | Z5: =INDIRECT("ZS(-1)",0) * 'Correction factor'!$C$13 -> 10952743 | AA5: =INDIRECT("ZS(-1)",0) + INDIRECT("ZS(-3)",0) -> 1.1889421e+09 | AB5: =INDIRECT("ZS(-1)",0) / INDIRECT("Z6S(-1)",0) -> 0.82920309 | AC5: 1101287616 | AD5: 10198352 | AE5: =INDIRECT("ZS(-1)",0) * 'Correction factor'!$C$13 -> 14143717 | AF5: =INDIRECT("ZS(-1)",0) + INDIRECT("ZS(-3)",0) -> 1.1154313e+09 | AG5: =INDIRECT("ZS(-1)",0) / INDIRECT("Z6S(-1)",0) -> 0.7195805 | AH5: 1302457871 | AI5: 8575971 | AJ5: =INDIRECT("ZS(-1)",0) * 'Correction factor'!$C$13 -> 11893697 | AK5: =INDIRECT("ZS(-1)",0) + INDIRECT("ZS(-3)",0) -> 1.3143516e+09 | AL5: =INDIRECT("ZS(-1)",0) / INDIRECT("Z6S(-1)",0) -> 0.74594188 | AM5: 1216740256 | AN5: 13156257 | AO5: =INDIRECT("ZS(-1)",0) * 'Correction factor'!$C$13 -> 18245926 | AP5: =INDIRECT("ZS(-1)",0) + INDIRECT("ZS(-3)",0) -> 1.2349862e+09 | AQ5: =INDIRECT("ZS(-1)",0) / INDIRECT("Z6S(-1)",0) -> 0.80201652 | AR5: 1106458840 | AS5: 7324191 | AT5: =INDIRECT("ZS(-1)",0) * 'Correction factor'!$C$13 -> 10157649 | AU5: =INDIRECT("ZS(-1)",0) + INDIRECT("ZS(-3)",0) -> 1.1166165e+09 | AV5: =INDIRECT("ZS(-1)",0) / INDIRECT("Z6S(-1)",0) -> 0.79908029 | AW5: 1172890722 | AX5: 10747573 | AY5: =INDIRECT("ZS(-1)",0) * 'Correction factor'!$C$13 -> 14905411 | AZ5: =INDIRECT("ZS(-1)",0) + INDIRECT("ZS(-3)",0) -> 1.1877961e+09 | BA5: =INDIRECT("ZS(-1)",0) / INDIRECT("Z6S(-1)",0) -> 0.816066 | BB5: 1176451019 | BC5: 7932972 | BD5: =INDIRECT("ZS(-1)",0) * 'Correction factor'!$C$13 -> 11001945 | BE5: =INDIRECT("ZS(-1)",0) + INDIRECT("ZS(-3)",0) -> 1.187453e+09 | BF5: =INDIRECT("ZS(-1)",0) / INDIRECT("Z6S(-1)",0) -> 0.80600447 | BG5: 1274891314 | BH5: 8683776 | BI5: =INDIRECT("ZS(-1)",0) * 'Correction factor'!$C$13 -> 12043207 | BJ5: =INDIRECT("ZS(-1)",0) + INDIRECT("ZS(-3)",0) -> 1.2869345e+09 | BK5: =INDIRECT("ZS(-1)",0) / INDIRECT("Z6S(-1)",0) -> 0.78386859 | BL5: 24898417 | BM5: 99696349 | BN5: =INDIRECT("ZS(-1)",0) * 'Correction factor'!$C$13 -> 1.3826517e+08 | BO5: =INDIRECT("ZS(-1)",0) + INDIRECT("ZS(-3)",0) -> 1.6316359e+08 | BP5: =INDIRECT("ZS(-1)",0) / INDIRECT("Z6S(-1)",0) -> 0.78253736 | BQ5: 14730104 | BR5: 90891739 | BS5: =INDIRECT("ZS(-1)",0) * 'Correction factor'!$C$13 -> 1.2605439e+08 | BT5: =INDIRECT("ZS(-1)",0) + INDIRECT("ZS(-3)",0) -> 1.4078449e+08 | BU5: =INDIRECT("ZS(-1)",0) / INDIRECT("Z6S(-1)",0) -> 0.82652597 | BV5: 16438772 | BW5: 84685348 | BX5: =INDIRECT("ZS(-1)",0) * 'Correction factor'!$C$13 -> 1.1744697e+08 | BY5: =INDIRECT("ZS(-1)",0) + INDIRECT("ZS(-3)",0) -> 1.3388574e+08 | BZ5: =INDIRECT("ZS(-1)",0) / INDIRECT("Z6S(-1)",0) -> 0.85211897 | CA5: 11942616 | CB5: 98347705 | CC5: =INDIRECT("ZS(-1)",0) * 'Correction factor'!$C$13 -> 1.3639479e+08 | CD5: =INDIRECT("ZS(-1)",0) + INDIRECT("ZS(-3)",0) -> 1.4833741e+08 | CE5: =INDIRECT("ZS(-1)",0) / INDIRECT("Z6S(-1)",0) -> 0.83962701 | CF5: 19521800 | CG5: 70507177 | CH5: =INDIRECT("ZS(-1)",0) * 'Correction factor'!$C$13 -> 97783793 | CI5: =INDIRECT("ZS(-1)",0) + INDIRECT("ZS(-3)",0) -> 1.1730559e+08 | CJ5: =INDIRECT("ZS(-1)",0) / INDIRECT("Z6S(-1)",0) -> 0.85216093 | CK5: 12300134 | CL5: 74334687 | CM5: =INDIRECT("ZS(-1)",0) * 'Correction factor'!$C$13 -> 1.0309202e+08 | CN5: =INDIRECT("ZS(-1)",0) + INDIRECT("ZS(-3)",0) -> 1.1539216e+08 | CO5: =INDIRECT("ZS(-1)",0) / INDIRECT("Z6S(-1)",0) -> 0.82425207 | CP5: 1213655883 | CQ5: 7404181 | CR5: =INDIRECT("ZS(-1)",0) * 'Correction factor'!$C$13 -> 10268584 | CS5: =INDIRECT("ZS(-1)",0) + INDIRECT("ZS(-3)",0) -> 1.2239245e+09 | CT5: =INDIRECT("ZS(-1)",0) / INDIRECT("Z6S(-1)",0) -> 0.83377385 | CU5: 1043841178 | CV5: 7583144 | CW5: =INDIRECT("ZS(-1)",0) * 'Correction factor'!$C$13 -> 10516782 | CX5: =INDIRECT("ZS(-1)",0) + INDIRECT("ZS(-3)",0) -> 1.054358e+09 | CY5: =INDIRECT("ZS(-1)",0) / INDIRECT("Z6S(-1)",0) -> 0.80670717 | CZ5: 1234053743 | DA5: 8244930 | DB5: =INDIRECT("ZS(-1)",0) * 'Correction factor'!$C$13 -> 11434588 | DC5: =INDIRECT("ZS(-1)",0) + INDIRECT("ZS(-3)",0) -> 1.2454883e+09 | DD5: =INDIRECT("ZS(-1)",0) / INDIRECT("Z6S(-1)",0) -> 0.81749255 | DE5: 1090332111 | DF5: 11132442 | DG5: =INDIRECT("ZS(-1)",0) * 'Correction factor'!$C$13 -> 15439172 | DH5: =INDIRECT("ZS(-1)",0) + INDIRECT("ZS(-3)",0) -> 1.1057713e+09 | DI5: =INDIRECT("ZS(-1)",0) / INDIRECT("Z6S(-1)",0) -> 0.80515364 | DJ5: 950964939 | DK5: 8623505 | DL5: =INDIRECT("ZS(-1)",0) * 'Correction factor'!$C$13 -> 11959620 | DM5: =INDIRECT("ZS(-1)",0) + INDIRECT("ZS(-3)",0) -> 9.6292456e+08 | DN5: =INDIRECT("ZS(-1)",0) / INDIRECT("Z6S(-1)",0) -> 0.7936812 | DO5: 1114730374 | DP5: 9059902 | DQ5: =INDIRECT("ZS(-1)",0) * 'Correction factor'!$C$13 -> 12564843 | DR5: =INDIRECT("ZS(-1)",0) + INDIRECT("ZS(-3)",0) -> 1.1272952e+09 | DS5: =INDIRECT("ZS(-1)",0) / INDIRECT("Z6S(-1)",0) -> 0.84930333 | DT5: 1122586898 | DU5: 10270853 | DV5: =INDIRECT("ZS(-1)",0) * 'Correction factor'!$C$13 -> 14244266 | DW5: =INDIRECT("ZS(-1)",0) + INDIRECT("ZS(-3)",0) -> 1.1368312e+09 | DX5: =INDIRECT("ZS(-1)",0) / INDIRECT("Z6S(-1)",0) -> 0.83713379 | DY5: 1175857738 | DZ5: 10432623 | EA5: =INDIRECT("ZS(-1)",0) * 'Correction factor'!$C$13 -> 14468618 | EB5: =INDIRECT("ZS(-1)",0) + INDIRECT("ZS(-3)",0) -> 1.1903264e+09 | EC5: =INDIRECT("ZS(-1)",0) / INDIRECT("Z6S(-1)",0) -> 0.84179896 | ED5: 1098101432 | EE5: 11588447 | EF5: =INDIRECT("ZS(-1)",0) * 'Correction factor'!$C$13 -> 16071588 | EG5: =INDIRECT("ZS(-1)",0) + INDIRECT("ZS(-3)",0) -> 1.114173e+09 | EH5: =INDIRECT("ZS(-1)",0) / INDIRECT("Z6S(-1)",0) -> 0.85180351 | EI5: 1080733154 | EJ5: 12223988 | EK5: =INDIRECT("ZS(-1)",0) * 'Correction factor'!$C$13 -> 16952996 | EL5: =INDIRECT("ZS(-1)",0) + INDIRECT("ZS(-3)",0) -> 1.0976862e+09 | EM5: =INDIRECT("ZS(-1)",0) / INDIRECT("Z6S(-1)",0) -> 0.83408076 | EN5: 1208781725 | EO5: 9348307 | EP5: =INDIRECT("ZS(-1)",0) * 'Correction factor'!$C$13 -> 12964821 | EQ5: =INDIRECT("ZS(-1)",0) + INDIRECT("ZS(-3)",0) -> 1.2217465e+09 | ER5: =INDIRECT("ZS(-1)",0) / INDIRECT("Z6S(-1)",0) -> 0.83068616 | ES5: 1221034822 | ET5: 7891486 | EU5: =INDIRECT("ZS(-1)",0) * 'Correction factor'!$C$13 -> 10944410 | EV5: =INDIRECT("ZS(-1)",0) + INDIRECT("ZS(-3)",0) -> 1.2319792e+09 | EW5: =INDIRECT("ZS(-1)",0) / INDIRECT("Z6S(-1)",0) -> 0.8421349 | EX5: 1140959184 | EY5: 7987613 | EZ5: =INDIRECT("ZS(-1)",0) * 'Correction factor'!$C$13 -> 11077725 | FA5: =INDIRECT("ZS(-1)",0) + INDIRECT("ZS(-3)",0) -> 1.1520369e+09 | FB5: =INDIRECT("ZS(-1)",0) / INDIRECT("Z6S(-1)",0) -> 0.82136745 | FC5: 1093988652 | FD5: 9985159 | FE5: =INDIRECT("ZS(-1)",0) * 'Correction factor'!$C$13 -> 13848047 | FF5: =INDIRECT("ZS(-1)",0) + INDIRECT("ZS(-3)",0) -> 1.1078367e+09 | FG5: =INDIRECT("ZS(-1)",0) / INDIRECT("Z6S(-1)",0) -> 0.854967 | FH5: 1485331872 | FI5: 11084726 | FJ5: =INDIRECT("ZS(-1)",0) * 'Correction factor'!$C$13 -> 15372996 | FK5: =INDIRECT("ZS(-1)",0) + INDIRECT("ZS(-3)",0) -> 1.5007049e+09 | FL5: =INDIRECT("ZS(-1)",0) / INDIRECT("Z6S(-1)",0) -> 0.84542063 | FM5: 1121039696 | FN5: 8031275 | FO5: =INDIRECT("ZS(-1)",0) * 'Correction factor'!$C$13 -> 11138278 | FP5: =INDIRECT("ZS(-1)",0) + INDIRECT("ZS(-3)",0) -> 1.132178e+09 | FQ5: =INDIRECT("ZS(-1)",0) / INDIRECT("Z6S(-1)",0) -> 0.80012339 | FR5: 1200588868 | FS5: 8039373 | FT5: =INDIRECT("ZS(-1)",0) * 'Correction factor'!$C$13 -> 11149509 | FU5: =INDIRECT("ZS(-1)",0) + INDIRECT("ZS(-3)",0) -> 1.2117384e+09 | FV5: =INDIRECT("ZS(-1)",0) / INDIRECT("Z6S(-1)",0) -> 0.84531433 | FW5: 1039372058 | FX5: 11087867 | FY5: =INDIRECT("ZS(-1)",0) * 'Correction factor'!$C$13 -> 15377352 | FZ5: =INDIRECT("ZS(-1)",0) + INDIRECT("ZS(-3)",0) -> 1.0547494e+09 | GA5: =INDIRECT("ZS(-1)",0) / INDIRECT("Z6S(-1)",0) -> 0.84643553 | GB5: 1173907040 | GC5: 7926037 | GD5: =INDIRECT("ZS(-1)",0) * 'Correction factor'!$C$13 -> 10992327 | GE5: =INDIRECT("ZS(-1)",0) + INDIRECT("ZS(-3)",0) -> 1.1848994e+09 | GF5: =INDIRECT("ZS(-1)",0) / INDIRECT("Z6S(-1)",0) -> 0.82628397 | GG5: 1165681755 | GH5: 9851387 | GI5: =INDIRECT("ZS(-1)",0) * 'Correction factor'!$C$13 -> 13662524 | GJ5: =INDIRECT("ZS(-1)",0) + INDIRECT("ZS(-3)",0) -> 1.1793443e+09 | GK5: =INDIRECT("ZS(-1)",0) / INDIRECT("Z6S(-1)",0) -> 0.82235169 | GL5: 1194933820 | GM5: 8446852 | GN5: =INDIRECT("ZS(-1)",0) * 'Correction factor'!$C$13 -> 11714626 | GO5: =INDIRECT("ZS(-1)",0) + INDIRECT("ZS(-3)",0) -> 1.2066484e+09 | GP5: =INDIRECT("ZS(-1)",0) / INDIRECT("Z6S(-1)",0) -> 0.83240874 | GQ5: 849348495 | GR5: 7993136 | GS5: =INDIRECT("ZS(-1)",0) * 'Correction factor'!$C$13 -> 11085384 | GT5: =INDIRECT("ZS(-1)",0) + INDIRECT("ZS(-3)",0) -> 8.6043388e+08 | GU5: =INDIRECT("ZS(-1)",0) / INDIRECT("Z6S(-1)",0) -> 0.89217015 | GV5: 1125288715 | GW5: 9778502 | GX5: =INDIRECT("ZS(-1)",0) * 'Correction factor'!$C$13 -> 13561442 | GY5: =INDIRECT("ZS(-1)",0) + INDIRECT("ZS(-3)",0) -> 1.1388502e+09 | GZ5: =INDIRECT("ZS(-1)",0) / INDIRECT("Z6S(-1)",0) -> 0.80847704 | HA5: 1117686011 | HB5: 8690479 | HC5: =INDIRECT("ZS(-1)",0) * 'Correction factor'!$C$13 -> 12052503 | HD5: =INDIRECT("ZS(-1)",0) + INDIRECT("ZS(-3)",0) -> 1.1297385e+09 | HE5: =INDIRECT("ZS(-1)",0) / INDIRECT("Z6S(-1)",0) -> 0.82739395 | HF5: 1104006144 | HG5: 10593841 | HH5: =INDIRECT("ZS(-1)",0) * 'Correction factor'!$C$13 -> 14692206 | HI5: =INDIRECT("ZS(-1)",0) + INDIRECT("ZS(-3)",0) -> 1.1186983e+09 | HJ5: =INDIRECT("ZS(-1)",0) / INDIRECT("Z6S(-1)",0) -> 0.82406669 | HK5: 1084579963 | HL5: 12404759 | HM5: =INDIRECT("ZS(-1)",0) * 'Correction factor'!$C$13 -> 17203701 | HN5: =INDIRECT("ZS(-1)",0) + INDIRECT("ZS(-3)",0) -> 1.1017837e+09 | HO5: =INDIRECT("ZS(-1)",0) / INDIRECT("Z6S(-1)",0) -> 0.82021656 | HP5: 1273183380 | HQ5: 8519612 | HR5: =INDIRECT("ZS(-1)",0) * 'Correction factor'!$C$13 -> 11815534 | HS5: =INDIRECT("ZS(-1)",0) + INDIRECT("ZS(-3)",0) -> 1.2849989e+09 | HT5: =INDIRECT("ZS(-1)",0) / INDIRECT("Z6S(-1)",0) -> 0.83305511 | HU5: 1077042576 | HV5: 9025382 | HW5: =INDIRECT("ZS(-1)",0) * 'Correction factor'!$C$13 -> 12516968 | HX5: =INDIRECT("ZS(-1)",0) + INDIRECT("ZS(-3)",0) -> 1.0895595e+09 | HY5: =INDIRECT("ZS(-1)",0) / INDIRECT("Z6S(-1)",0) -> 0.85498092 | HZ5: 1077400263 | IA5: 10317927 | IB5: =INDIRECT("ZS(-1)",0) * 'Correction factor'!$C$13 -> 14309551 | IC5: =INDIRECT("ZS(-1)",0) + INDIRECT("ZS(-3)",0) -> 1.0917098e+09 | ID5: =INDIRECT("ZS(-1)",0) / INDIRECT("Z6S(-1)",0) -> 0.84654762 | IE5: 1068812969 | IF5: 8046869 | IG5: =INDIRECT("ZS(-1)",0) * 'Correction factor'!$C$13 -> 11159905 | IH5: =INDIRECT("ZS(-1)",0) + INDIRECT("ZS(-3)",0) -> 1.0799729e+09 | II5: =INDIRECT("ZS(-1)",0) / INDIRECT("Z6S(-1)",0) -> 0.82640785
A6: 2 | B6: 45493 | C6: Saturday | D6: 1370130511 | E6: 9029242 | F6: =INDIRECT("ZS(-1)",0) * 'Correction factor'!$C$13 -> 12522321 | G6: =INDIRECT("ZS(-1)",0) + INDIRECT("ZS(-3)",0) -> 1.3826528e+09 | H6: =INDIRECT("ZS(-1)",0) / INDIRECT("Z6S(-1)",0) -> 1 | I6: 1511095115 | J6: 10419106 | K6: =INDIRECT("ZS(-1)",0) * 'Correction factor'!$C$13 -> 14449872 | L6: =INDIRECT("ZS(-1)",0) + INDIRECT("ZS(-3)",0) -> 1.525545e+09 | M6: =INDIRECT("ZS(-1)",0) / INDIRECT("Z6S(-1)",0) -> 1 | N6: 1273473078 | O6: 7962316 | P6: =INDIRECT("ZS(-1)",0) * 'Correction factor'!$C$13 -> 11042641 | Q6: =INDIRECT("ZS(-1)",0) + INDIRECT("ZS(-3)",0) -> 1.2845157e+09 | R6: =INDIRECT("ZS(-1)",0) / INDIRECT("Z6S(-1)",0) -> 1 | S6: 1454164391 | T6: 7725300 | U6: =INDIRECT("ZS(-1)",0) * 'Correction factor'!$C$13 -> 10713932 | V6: =INDIRECT("ZS(-1)",0) + INDIRECT("ZS(-3)",0) -> 1.4648783e+09 | W6: =INDIRECT("ZS(-1)",0) / INDIRECT("Z6S(-1)",0) -> 1 | X6: 1421096596 | Y6: 9186500 | Z6: =INDIRECT("ZS(-1)",0) * 'Correction factor'!$C$13 -> 12740417 | AA6: =INDIRECT("ZS(-1)",0) + INDIRECT("ZS(-3)",0) -> 1.433837e+09 | AB6: =INDIRECT("ZS(-1)",0) / INDIRECT("Z6S(-1)",0) -> 1 | AC6: 1534180564 | AD6: 11488353 | AE6: =INDIRECT("ZS(-1)",0) * 'Correction factor'!$C$13 -> 15932771 | AF6: =INDIRECT("ZS(-1)",0) + INDIRECT("ZS(-3)",0) -> 1.5501133e+09 | AG6: =INDIRECT("ZS(-1)",0) / INDIRECT("Z6S(-1)",0) -> 1 | AH6: 1748890653 | AI6: 9454426 | AJ6: =INDIRECT("ZS(-1)",0) * 'Correction factor'!$C$13 -> 13111993 | AK6: =INDIRECT("ZS(-1)",0) + INDIRECT("ZS(-3)",0) -> 1.7620026e+09 | AL6: =INDIRECT("ZS(-1)",0) / INDIRECT("Z6S(-1)",0) -> 1 | AM6: 1517532969 | AN6: 16092676 | AO6: =INDIRECT("ZS(-1)",0) * 'Correction factor'!$C$13 -> 22318336 | AP6: =INDIRECT("ZS(-1)",0) + INDIRECT("ZS(-3)",0) -> 1.5398513e+09 | AQ6: =INDIRECT("ZS(-1)",0) / INDIRECT("Z6S(-1)",0) -> 1 | AR6: 1386101074 | AS6: 8130588 | AT6: =INDIRECT("ZS(-1)",0) * 'Correction factor'!$C$13 -> 11276011 | AU6: =INDIRECT("ZS(-1)",0) + INDIRECT("ZS(-3)",0) -> 1.3973771e+09 | AV6: =INDIRECT("ZS(-1)",0) / INDIRECT("Z6S(-1)",0) -> 1 | AW6: 1440584019 | AX6: 10765863 | AY6: =INDIRECT("ZS(-1)",0) * 'Correction factor'!$C$13 -> 14930777 | AZ6: =INDIRECT("ZS(-1)",0) + INDIRECT("ZS(-3)",0) -> 1.4555148e+09 | BA6: =INDIRECT("ZS(-1)",0) / INDIRECT("Z6S(-1)",0) -> 1 | BB6: 1460631536 | BC6: 9104719 | BD6: =INDIRECT("ZS(-1)",0) * 'Correction factor'!$C$13 -> 12626998 | BE6: =INDIRECT("ZS(-1)",0) + INDIRECT("ZS(-3)",0) -> 1.4732585e+09 | BF6: =INDIRECT("ZS(-1)",0) / INDIRECT("Z6S(-1)",0) -> 1 | BG6: 1628994271 | BH6: 9214345 | BI6: =INDIRECT("ZS(-1)",0) * 'Correction factor'!$C$13 -> 12779034 | BJ6: =INDIRECT("ZS(-1)",0) + INDIRECT("ZS(-3)",0) -> 1.6417733e+09 | BK6: =INDIRECT("ZS(-1)",0) / INDIRECT("Z6S(-1)",0) -> 1 | BL6: 30078311 | BM6: 128655469 | BN6: =INDIRECT("ZS(-1)",0) * 'Correction factor'!$C$13 -> 1.7842751e+08 | BO6: =INDIRECT("ZS(-1)",0) + INDIRECT("ZS(-3)",0) -> 2.0850582e+08 | BP6: =INDIRECT("ZS(-1)",0) / INDIRECT("Z6S(-1)",0) -> 1 | BQ6: 11887396 | BR6: 114247346 | BS6: =INDIRECT("ZS(-1)",0) * 'Correction factor'!$C$13 -> 1.5844541e+08 | BT6: =INDIRECT("ZS(-1)",0) + INDIRECT("ZS(-3)",0) -> 1.7033281e+08 | BU6: =INDIRECT("ZS(-1)",0) / INDIRECT("Z6S(-1)",0) -> 1 | BV6: 10874827 | BW6: 105451029 | BX6: =INDIRECT("ZS(-1)",0) * 'Correction factor'!$C$13 -> 1.4624613e+08 | BY6: =INDIRECT("ZS(-1)",0) + INDIRECT("ZS(-3)",0) -> 1.5712095e+08 | BZ6: =INDIRECT("ZS(-1)",0) / INDIRECT("Z6S(-1)",0) -> 1 | CA6: 8706137 | CB6: 121111073 | CC6: =INDIRECT("ZS(-1)",0) * 'Correction factor'!$C$13 -> 1.6796446e+08 | CD6: =INDIRECT("ZS(-1)",0) + INDIRECT("ZS(-3)",0) -> 1.766706e+08 | CE6: =INDIRECT("ZS(-1)",0) / INDIRECT("Z6S(-1)",0) -> 1 | CF6: 22193066 | CG6: 83255200 | CH6: =INDIRECT("ZS(-1)",0) * 'Correction factor'!$C$13 -> 1.1546355e+08 | CI6: =INDIRECT("ZS(-1)",0) + INDIRECT("ZS(-3)",0) -> 1.3765662e+08 | CJ6: =INDIRECT("ZS(-1)",0) / INDIRECT("Z6S(-1)",0) -> 1 | CK6: 11827025 | CL6: 92416612 | CM6: =INDIRECT("ZS(-1)",0) * 'Correction factor'!$C$13 -> 1.2816918e+08 | CN6: =INDIRECT("ZS(-1)",0) + INDIRECT("ZS(-3)",0) -> 1.399962e+08 | CO6: =INDIRECT("ZS(-1)",0) / INDIRECT("Z6S(-1)",0) -> 1 | CP6: 1455957100 | CQ6: 8635523 | CR6: =INDIRECT("ZS(-1)",0) * 'Correction factor'!$C$13 -> 11976287 | CS6: =INDIRECT("ZS(-1)",0) + INDIRECT("ZS(-3)",0) -> 1.4679334e+09 | CT6: =INDIRECT("ZS(-1)",0) / INDIRECT("Z6S(-1)",0) -> 1 | CU6: 1295332290 | CV6: 8405591 | CW6: =INDIRECT("ZS(-1)",0) * 'Correction factor'!$C$13 -> 11657403 | CX6: =INDIRECT("ZS(-1)",0) + INDIRECT("ZS(-3)",0) -> 1.3069897e+09 | CY6: =INDIRECT("ZS(-1)",0) / INDIRECT("Z6S(-1)",0) -> 1 | CZ6: 1509760852 | DA6: 9940537 | DB6: =INDIRECT("ZS(-1)",0) * 'Correction factor'!$C$13 -> 13786163 | DC6: =INDIRECT("ZS(-1)",0) + INDIRECT("ZS(-3)",0) -> 1.523547e+09 | DD6: =INDIRECT("ZS(-1)",0) / INDIRECT("Z6S(-1)",0) -> 1 | DE6: 1354658830 | DF6: 13489422 | DG6: =INDIRECT("ZS(-1)",0) * 'Correction factor'!$C$13 -> 18707980 | DH6: =INDIRECT("ZS(-1)",0) + INDIRECT("ZS(-3)",0) -> 1.3733668e+09 | DI6: =INDIRECT("ZS(-1)",0) / INDIRECT("Z6S(-1)",0) -> 1 | DJ6: 1199829144 | DK6: 9668815 | DL6: =INDIRECT("ZS(-1)",0) * 'Correction factor'!$C$13 -> 13409321 | DM6: =INDIRECT("ZS(-1)",0) + INDIRECT("ZS(-3)",0) -> 1.2132385e+09 | DN6: =INDIRECT("ZS(-1)",0) / INDIRECT("Z6S(-1)",0) -> 1 | DO6: 1313086635 | DP6: 10261228 | DQ6: =INDIRECT("ZS(-1)",0) * 'Correction factor'!$C$13 -> 14230917 | DR6: =INDIRECT("ZS(-1)",0) + INDIRECT("ZS(-3)",0) -> 1.3273176e+09 | DS6: =INDIRECT("ZS(-1)",0) / INDIRECT("Z6S(-1)",0) -> 1 | DT6: 1342166921 | DU6: 11419469 | DV6: =INDIRECT("ZS(-1)",0) * 'Correction factor'!$C$13 -> 15837239 | DW6: =INDIRECT("ZS(-1)",0) + INDIRECT("ZS(-3)",0) -> 1.3580042e+09 | DX6: =INDIRECT("ZS(-1)",0) / INDIRECT("Z6S(-1)",0) -> 1 | DY6: 1397219239 | DZ6: 12119176 | EA6: =INDIRECT("ZS(-1)",0) * 'Correction factor'!$C$13 -> 16807636 | EB6: =INDIRECT("ZS(-1)",0) + INDIRECT("ZS(-3)",0) -> 1.4140269e+09 | EC6: =INDIRECT("ZS(-1)",0) / INDIRECT("Z6S(-1)",0) -> 1 | ED6: 1289849590 | EE6: 13099260 | EF6: =INDIRECT("ZS(-1)",0) * 'Correction factor'!$C$13 -> 18166879 | EG6: =INDIRECT("ZS(-1)",0) + INDIRECT("ZS(-3)",0) -> 1.3080165e+09 | EH6: =INDIRECT("ZS(-1)",0) / INDIRECT("Z6S(-1)",0) -> 1 | EI6: 1296181403 | EJ6: 14321249 | EK6: =INDIRECT("ZS(-1)",0) * 'Correction factor'!$C$13 -> 19861610 | EL6: =INDIRECT("ZS(-1)",0) + INDIRECT("ZS(-3)",0) -> 1.316043e+09 | EM6: =INDIRECT("ZS(-1)",0) / INDIRECT("Z6S(-1)",0) -> 1 | EN6: 1456012695 | EO6: 10639278 | EP6: =INDIRECT("ZS(-1)",0) * 'Correction factor'!$C$13 -> 14755221 | EQ6: =INDIRECT("ZS(-1)",0) + INDIRECT("ZS(-3)",0) -> 1.4707679e+09 | ER6: =INDIRECT("ZS(-1)",0) / INDIRECT("Z6S(-1)",0) -> 1 | ES6: 1450735058 | ET6: 8788757 | EU6: =INDIRECT("ZS(-1)",0) * 'Correction factor'!$C$13 -> 12188802 | EV6: =INDIRECT("ZS(-1)",0) + INDIRECT("ZS(-3)",0) -> 1.4629239e+09 | EW6: =INDIRECT("ZS(-1)",0) / INDIRECT("Z6S(-1)",0) -> 1 | EX6: 1389595582 | EY6: 9365377 | EZ6: =INDIRECT("ZS(-1)",0) * 'Correction factor'!$C$13 -> 12988495 | FA6: =INDIRECT("ZS(-1)",0) + INDIRECT("ZS(-3)",0) -> 1.4025841e+09 | FB6: =INDIRECT("ZS(-1)",0) / INDIRECT("Z6S(-1)",0) -> 1 | FC6: 1280146353 | FD6: 11262173 | FE6: =INDIRECT("ZS(-1)",0) * 'Correction factor'!$C$13 -> 15619091 | FF6: =INDIRECT("ZS(-1)",0) + INDIRECT("ZS(-3)",0) -> 1.2957654e+09 | FG6: =INDIRECT("ZS(-1)",0) / INDIRECT("Z6S(-1)",0) -> 1 | FH6: 1757840844 | FI6: 12443642 | FJ6: =INDIRECT("ZS(-1)",0) * 'Correction factor'!$C$13 -> 17257626 | FK6: =INDIRECT("ZS(-1)",0) + INDIRECT("ZS(-3)",0) -> 1.7750985e+09 | FL6: =INDIRECT("ZS(-1)",0) / INDIRECT("Z6S(-1)",0) -> 1 | FM6: 1402755464 | FN6: 8831986 | FO6: =INDIRECT("ZS(-1)",0) * 'Correction factor'!$C$13 -> 12248754 | FP6: =INDIRECT("ZS(-1)",0) + INDIRECT("ZS(-3)",0) -> 1.4150042e+09 | FQ6: =INDIRECT("ZS(-1)",0) / INDIRECT("Z6S(-1)",0) -> 1 | FR6: 1420534295 | FS6: 9332133 | FT6: =INDIRECT("ZS(-1)",0) * 'Correction factor'!$C$13 -> 12942390 | FU6: =INDIRECT("ZS(-1)",0) + INDIRECT("ZS(-3)",0) -> 1.4334767e+09 | FV6: =INDIRECT("ZS(-1)",0) / INDIRECT("Z6S(-1)",0) -> 1 | FW6: 1228353052 | FX6: 12801661 | FY6: =INDIRECT("ZS(-1)",0) * 'Correction factor'!$C$13 -> 17754150 | FZ6: =INDIRECT("ZS(-1)",0) + INDIRECT("ZS(-3)",0) -> 1.2461072e+09 | GA6: =INDIRECT("ZS(-1)",0) / INDIRECT("Z6S(-1)",0) -> 1 | GB6: 1421396204 | GC6: 9095111 | GD6: =INDIRECT("ZS(-1)",0) * 'Correction factor'!$C$13 -> 12613673 | GE6: =INDIRECT("ZS(-1)",0) + INDIRECT("ZS(-3)",0) -> 1.4340099e+09 | GF6: =INDIRECT("ZS(-1)",0) / INDIRECT("Z6S(-1)",0) -> 1 | GG6: 1418816506 | GH6: 11028712 | GI6: =INDIRECT("ZS(-1)",0) * 'Correction factor'!$C$13 -> 15295312 | GJ6: =INDIRECT("ZS(-1)",0) + INDIRECT("ZS(-3)",0) -> 1.4341118e+09 | GK6: =INDIRECT("ZS(-1)",0) / INDIRECT("Z6S(-1)",0) -> 1 | GL6: 1436501977 | GM6: 9434602 | GN6: =INDIRECT("ZS(-1)",0) * 'Correction factor'!$C$13 -> 13084500 | GO6: =INDIRECT("ZS(-1)",0) + INDIRECT("ZS(-3)",0) -> 1.4495865e+09 | GP6: =INDIRECT("ZS(-1)",0) / INDIRECT("Z6S(-1)",0) -> 1 | GQ6: 951626166 | GR6: 9230790 | GS6: =INDIRECT("ZS(-1)",0) * 'Correction factor'!$C$13 -> 12801841 | GT6: =INDIRECT("ZS(-1)",0) + INDIRECT("ZS(-3)",0) -> 9.6442801e+08 | GU6: =INDIRECT("ZS(-1)",0) / INDIRECT("Z6S(-1)",0) -> 1 | GV6: 1394694685 | GW6: 10052668 | GX6: =INDIRECT("ZS(-1)",0) * 'Correction factor'!$C$13 -> 13941673 | GY6: =INDIRECT("ZS(-1)",0) + INDIRECT("ZS(-3)",0) -> 1.4086364e+09 | GZ6: =INDIRECT("ZS(-1)",0) / INDIRECT("Z6S(-1)",0) -> 1 | HA6: 1351678348 | HB6: 9906938 | HC6: =INDIRECT("ZS(-1)",0) * 'Correction factor'!$C$13 -> 13739565 | HD6: =INDIRECT("ZS(-1)",0) + INDIRECT("ZS(-3)",0) -> 1.3654179e+09 | HE6: =INDIRECT("ZS(-1)",0) / INDIRECT("Z6S(-1)",0) -> 1 | HF6: 1340785434 | HG6: 12076403 | HH6: =INDIRECT("ZS(-1)",0) * 'Correction factor'!$C$13 -> 16748316 | HI6: =INDIRECT("ZS(-1)",0) + INDIRECT("ZS(-3)",0) -> 1.3575338e+09 | HJ6: =INDIRECT("ZS(-1)",0) / INDIRECT("Z6S(-1)",0) -> 1 | HK6: 1324253781 | HL6: 13721670 | HM6: =INDIRECT("ZS(-1)",0) * 'Correction factor'!$C$13 -> 19030076 | HN6: =INDIRECT("ZS(-1)",0) + INDIRECT("ZS(-3)",0) -> 1.3432839e+09 | HO6: =INDIRECT("ZS(-1)",0) / INDIRECT("Z6S(-1)",0) -> 1 | HP6: 1529245379 | HQ6: 9567148 | HR6: =INDIRECT("ZS(-1)",0) * 'Correction factor'!$C$13 -> 13268323 | HS6: =INDIRECT("ZS(-1)",0) + INDIRECT("ZS(-3)",0) -> 1.5425137e+09 | HT6: =INDIRECT("ZS(-1)",0) / INDIRECT("Z6S(-1)",0) -> 1 | HU6: 1260221853 | HV6: 10199442 | HW6: =INDIRECT("ZS(-1)",0) * 'Correction factor'!$C$13 -> 14145228 | HX6: =INDIRECT("ZS(-1)",0) + INDIRECT("ZS(-3)",0) -> 1.2743671e+09 | HY6: =INDIRECT("ZS(-1)",0) / INDIRECT("Z6S(-1)",0) -> 1 | HZ6: 1272182052 | IA6: 12560946 | IB6: =INDIRECT("ZS(-1)",0) * 'Correction factor'!$C$13 -> 17420311 | IC6: =INDIRECT("ZS(-1)",0) + INDIRECT("ZS(-3)",0) -> 1.2896024e+09 | ID6: =INDIRECT("ZS(-1)",0) / INDIRECT("Z6S(-1)",0) -> 1 | IE6: 1294444792 | IF6: 8928894 | IG6: =INDIRECT("ZS(-1)",0) * 'Correction factor'!$C$13 -> 12383152 | IH6: =INDIRECT("ZS(-1)",0) + INDIRECT("ZS(-3)",0) -> 1.3068279e+09 | II6: =INDIRECT("ZS(-1)",0) / INDIRECT("Z6S(-1)",0) -> 1
A7: 3 | B7: 45494 | C7: Sunday | D7: 1549830112 | E7: 7808635 | F7: =INDIRECT("ZS(-1)",0) * 'Correction factor'!$C$13 -> 10829507 | G7: =INDIRECT("ZS(-1)",0) + INDIRECT("ZS(-3)",0) -> 1.5606596e+09 | H7: =INDIRECT("ZS(-1)",0) / INDIRECT("Z6S(-1)",0) -> 1.1287429 | I7: 1724129151 | J7: 9388587 | K7: =INDIRECT("ZS(-1)",0) * 'Correction factor'!$C$13 -> 13020684 | L7: =INDIRECT("ZS(-1)",0) + INDIRECT("ZS(-3)",0) -> 1.7371498e+09 | M7: =INDIRECT("ZS(-1)",0) / INDIRECT("Z6S(-1)",0) -> 1.1387077 | N7: 1503849956 | O7: 6618873 | P7: =INDIRECT("ZS(-1)",0) * 'Correction factor'!$C$13 -> 9179469.8 | Q7: =INDIRECT("ZS(-1)",0) + INDIRECT("ZS(-3)",0) -> 1.5130294e+09 | R7: =INDIRECT("ZS(-1)",0) / INDIRECT("Z6S(-1)",0) -> 1.1778987 | S7: 1626364043 | T7: 6447086 | U7: =INDIRECT("ZS(-1)",0) * 'Correction factor'!$C$13 -> 8941224.8 | V7: =INDIRECT("ZS(-1)",0) + INDIRECT("ZS(-3)",0) -> 1.6353053e+09 | W7: =INDIRECT("ZS(-1)",0) / INDIRECT("Z6S(-1)",0) -> 1.116342 | X7: 1686039252 | Y7: 7825031 | Z7: =INDIRECT("ZS(-1)",0) * 'Correction factor'!$C$13 -> 10852246 | AA7: =INDIRECT("ZS(-1)",0) + INDIRECT("ZS(-3)",0) -> 1.6968915e+09 | AB7: =INDIRECT("ZS(-1)",0) / INDIRECT("Z6S(-1)",0) -> 1.1834619 | AC7: 1964363333 | AD7: 11048359 | AE7: =INDIRECT("ZS(-1)",0) * 'Correction factor'!$C$13 -> 15322560 | AF7: =INDIRECT("ZS(-1)",0) + INDIRECT("ZS(-3)",0) -> 1.9796859e+09 | AG7: =INDIRECT("ZS(-1)",0) / INDIRECT("Z6S(-1)",0) -> 1.2771233 | AH7: 1578514262 | AI7: 7875049 | AJ7: =INDIRECT("ZS(-1)",0) * 'Correction factor'!$C$13 -> 10921614 | AK7: =INDIRECT("ZS(-1)",0) + INDIRECT("ZS(-3)",0) -> 1.5894359e+09 | AL7: =INDIRECT("ZS(-1)",0) / INDIRECT("Z6S(-1)",0) -> 0.90206214 | AM7: 1466390320 | AN7: 17421025 | AO7: =INDIRECT("ZS(-1)",0) * 'Correction factor'!$C$13 -> 24160574 | AP7: =INDIRECT("ZS(-1)",0) + INDIRECT("ZS(-3)",0) -> 1.4905509e+09 | AQ7: =INDIRECT("ZS(-1)",0) / INDIRECT("Z6S(-1)",0) -> 0.96798365 | AR7: 1307935159 | AS7: 6648965 | AT7: =INDIRECT("ZS(-1)",0) * 'Correction factor'!$C$13 -> 9221203.3 | AU7: =INDIRECT("ZS(-1)",0) + INDIRECT("ZS(-3)",0) -> 1.3171564e+09 | AV7: =INDIRECT("ZS(-1)",0) / INDIRECT("Z6S(-1)",0) -> 0.94259193 | AW7: 1306711049 | AX7: 9099608 | AY7: =INDIRECT("ZS(-1)",0) * 'Correction factor'!$C$13 -> 12619909 | AZ7: =INDIRECT("ZS(-1)",0) + INDIRECT("ZS(-3)",0) -> 1.319331e+09 | BA7: =INDIRECT("ZS(-1)",0) / INDIRECT("Z6S(-1)",0) -> 0.90643596 | BB7: 1310566078 | BC7: 7224683 | BD7: =INDIRECT("ZS(-1)",0) * 'Correction factor'!$C$13 -> 10019645 | BE7: =INDIRECT("ZS(-1)",0) + INDIRECT("ZS(-3)",0) -> 1.3205857e+09 | BF7: =INDIRECT("ZS(-1)",0) / INDIRECT("Z6S(-1)",0) -> 0.89637066 | BG7: 1629258664 | BH7: 7242441 | BI7: =INDIRECT("ZS(-1)",0) * 'Correction factor'!$C$13 -> 10044273 | BJ7: =INDIRECT("ZS(-1)",0) + INDIRECT("ZS(-3)",0) -> 1.6393029e+09 | BK7: =INDIRECT("ZS(-1)",0) / INDIRECT("Z6S(-1)",0) -> 0.99849531 | BL7: 36861887 | BM7: 175236902 | BN7: =INDIRECT("ZS(-1)",0) * 'Correction factor'!$C$13 -> 2.4302957e+08 | BO7: =INDIRECT("ZS(-1)",0) + INDIRECT("ZS(-3)",0) -> 2.7989146e+08 | BP7: =INDIRECT("ZS(-1)",0) / INDIRECT("Z6S(-1)",0) -> 1.3423676 | BQ7: 8744821 | BR7: 135389730 | BS7: =INDIRECT("ZS(-1)",0) * 'Correction factor'!$C$13 -> 1.87767e+08 | BT7: =INDIRECT("ZS(-1)",0) + INDIRECT("ZS(-3)",0) -> 1.9651182e+08 | BU7: =INDIRECT("ZS(-1)",0) / INDIRECT("Z6S(-1)",0) -> 1.1536933 | BV7: 7156354 | BW7: 140712498 | BX7: =INDIRECT("ZS(-1)",0) * 'Correction factor'!$C$13 -> 1.9514895e+08 | BY7: =INDIRECT("ZS(-1)",0) + INDIRECT("ZS(-3)",0) -> 2.0230531e+08 | BZ7: =INDIRECT("ZS(-1)",0) / INDIRECT("Z6S(-1)",0) -> 1.2875769 | CA7: 7640325 | CB7: 153477112 | CC7: =INDIRECT("ZS(-1)",0) * 'Correction factor'!$C$13 -> 2.1285172e+08 | CD7: =INDIRECT("ZS(-1)",0) + INDIRECT("ZS(-3)",0) -> 2.2049205e+08 | CE7: =INDIRECT("ZS(-1)",0) / INDIRECT("Z6S(-1)",0) -> 1.2480404 | CF7: 29996992 | CG7: 98630859 | CH7: =INDIRECT("ZS(-1)",0) * 'Correction factor'!$C$13 -> 1.3678749e+08 | CI7: =INDIRECT("ZS(-1)",0) + INDIRECT("ZS(-3)",0) -> 1.6678448e+08 | CJ7: =INDIRECT("ZS(-1)",0) / INDIRECT("Z6S(-1)",0) -> 1.2115979 | CK7: 20234497 | CL7: 117685670 | CM7: =INDIRECT("ZS(-1)",0) * 'Correction factor'!$C$13 -> 1.632139e+08 | CN7: =INDIRECT("ZS(-1)",0) + INDIRECT("ZS(-3)",0) -> 1.8344839e+08 | CO7: =INDIRECT("ZS(-1)",0) / INDIRECT("Z6S(-1)",0) -> 1.3103812 | CP7: 1318114622 | CQ7: 7134118 | CR7: =INDIRECT("ZS(-1)",0) * 'Correction factor'!$C$13 -> 9894044 | CS7: =INDIRECT("ZS(-1)",0) + INDIRECT("ZS(-3)",0) -> 1.3280087e+09 | CT7: =INDIRECT("ZS(-1)",0) / INDIRECT("Z6S(-1)",0) -> 0.90467911 | CU7: 1117594272 | CV7: 6951748 | CW7: =INDIRECT("ZS(-1)",0) * 'Correction factor'!$C$13 -> 9641121.8 | CX7: =INDIRECT("ZS(-1)",0) + INDIRECT("ZS(-3)",0) -> 1.1272354e+09 | CY7: =INDIRECT("ZS(-1)",0) / INDIRECT("Z6S(-1)",0) -> 0.86246693 | CZ7: 1340269901 | DA7: 8597167 | DB7: =INDIRECT("ZS(-1)",0) * 'Correction factor'!$C$13 -> 11923093 | DC7: =INDIRECT("ZS(-1)",0) + INDIRECT("ZS(-3)",0) -> 1.352193e+09 | DD7: =INDIRECT("ZS(-1)",0) / INDIRECT("Z6S(-1)",0) -> 0.88752955 | DE7: 1199237184 | DF7: 17873214 | DG7: =INDIRECT("ZS(-1)",0) * 'Correction factor'!$C$13 -> 24787699 | DH7: =INDIRECT("ZS(-1)",0) + INDIRECT("ZS(-3)",0) -> 1.2240249e+09 | DI7: =INDIRECT("ZS(-1)",0) / INDIRECT("Z6S(-1)",0) -> 0.89125853 | DJ7: 1038480667 | DK7: 8517936 | DL7: =INDIRECT("ZS(-1)",0) * 'Correction factor'!$C$13 -> 11813210 | DM7: =INDIRECT("ZS(-1)",0) + INDIRECT("ZS(-3)",0) -> 1.0502939e+09 | DN7: =INDIRECT("ZS(-1)",0) / INDIRECT("Z6S(-1)",0) -> 0.86569451 | DO7: 1051363331 | DP7: 8467950 | DQ7: =INDIRECT("ZS(-1)",0) * 'Correction factor'!$C$13 -> 11743886 | DR7: =INDIRECT("ZS(-1)",0) + INDIRECT("ZS(-3)",0) -> 1.0631072e+09 | DS7: =INDIRECT("ZS(-1)",0) / INDIRECT("Z6S(-1)",0) -> 0.80094414 | DT7: 1186011944 | DU7: 10453619 | DV7: =INDIRECT("ZS(-1)",0) * 'Correction factor'!$C$13 -> 14497737 | DW7: =INDIRECT("ZS(-1)",0) + INDIRECT("ZS(-3)",0) -> 1.2005097e+09 | DX7: =INDIRECT("ZS(-1)",0) / INDIRECT("Z6S(-1)",0) -> 0.88402504 | DY7: 1260114983 | DZ7: 11339632 | EA7: =INDIRECT("ZS(-1)",0) * 'Correction factor'!$C$13 -> 15726516 | EB7: =INDIRECT("ZS(-1)",0) + INDIRECT("ZS(-3)",0) -> 1.2758415e+09 | EC7: =INDIRECT("ZS(-1)",0) / INDIRECT("Z6S(-1)",0) -> 0.90227528 | ED7: 1125802303 | EE7: 14101226 | EF7: =INDIRECT("ZS(-1)",0) * 'Correction factor'!$C$13 -> 19556468 | EG7: =INDIRECT("ZS(-1)",0) + INDIRECT("ZS(-3)",0) -> 1.1453588e+09 | EH7: =INDIRECT("ZS(-1)",0) / INDIRECT("Z6S(-1)",0) -> 0.87564553 | EI7: 1150968529 | EJ7: 13714920 | EK7: =INDIRECT("ZS(-1)",0) * 'Correction factor'!$C$13 -> 19020715 | EL7: =INDIRECT("ZS(-1)",0) + INDIRECT("ZS(-3)",0) -> 1.1699892e+09 | EM7: =INDIRECT("ZS(-1)",0) / INDIRECT("Z6S(-1)",0) -> 0.88902052 | EN7: 1230575740 | EO7: 8912360 | EP7: =INDIRECT("ZS(-1)",0) * 'Correction factor'!$C$13 -> 12360222 | EQ7: =INDIRECT("ZS(-1)",0) + INDIRECT("ZS(-3)",0) -> 1.242936e+09 | ER7: =INDIRECT("ZS(-1)",0) / INDIRECT("Z6S(-1)",0) -> 0.8450932 | ES7: 1319943048 | ET7: 7375617 | EU7: =INDIRECT("ZS(-1)",0) * 'Correction factor'!$C$13 -> 10228970 | EV7: =INDIRECT("ZS(-1)",0) + INDIRECT("ZS(-3)",0) -> 1.330172e+09 | EW7: =INDIRECT("ZS(-1)",0) / INDIRECT("Z6S(-1)",0) -> 0.90925581 | EX7: 1306407759 | EY7: 7353735 | EZ7: =INDIRECT("ZS(-1)",0) * 'Correction factor'!$C$13 -> 10198623 | FA7: =INDIRECT("ZS(-1)",0) + INDIRECT("ZS(-3)",0) -> 1.3166064e+09 | FB7: =INDIRECT("ZS(-1)",0) / INDIRECT("Z6S(-1)",0) -> 0.93870051 | FC7: 1050335689 | FD7: 9644346 | FE7: =INDIRECT("ZS(-1)",0) * 'Correction factor'!$C$13 -> 13375386 | FF7: =INDIRECT("ZS(-1)",0) + INDIRECT("ZS(-3)",0) -> 1.0637111e+09 | FG7: =INDIRECT("ZS(-1)",0) / INDIRECT("Z6S(-1)",0) -> 0.82091329 | FH7: 1673319491 | FI7: 10507969 | FJ7: =INDIRECT("ZS(-1)",0) * 'Correction factor'!$C$13 -> 14573113 | FK7: =INDIRECT("ZS(-1)",0) + INDIRECT("ZS(-3)",0) -> 1.6878926e+09 | FL7: =INDIRECT("ZS(-1)",0) / INDIRECT("Z6S(-1)",0) -> 0.95087266 | FM7: 1276837302 | FN7: 7260724 | FO7: =INDIRECT("ZS(-1)",0) * 'Correction factor'!$C$13 -> 10069629 | FP7: =INDIRECT("ZS(-1)",0) + INDIRECT("ZS(-3)",0) -> 1.2869069e+09 | FQ7: =INDIRECT("ZS(-1)",0) / INDIRECT("Z6S(-1)",0) -> 0.90947215 | FR7: 1259099849 | FS7: 7796515 | FT7: =INDIRECT("ZS(-1)",0) * 'Correction factor'!$C$13 -> 10812698 | FU7: =INDIRECT("ZS(-1)",0) + INDIRECT("ZS(-3)",0) -> 1.2699125e+09 | FV7: =INDIRECT("ZS(-1)",0) / INDIRECT("Z6S(-1)",0) -> 0.8858969 | FW7: 1096360288 | FX7: 12364852 | FY7: =INDIRECT("ZS(-1)",0) * 'Correction factor'!$C$13 -> 17148355 | FZ7: =INDIRECT("ZS(-1)",0) + INDIRECT("ZS(-3)",0) -> 1.1135086e+09 | GA7: =INDIRECT("ZS(-1)",0) / INDIRECT("Z6S(-1)",0) -> 0.89358977 | GB7: 1253407224 | GC7: 7478906 | GD7: =INDIRECT("ZS(-1)",0) * 'Correction factor'!$C$13 -> 10372218 | GE7: =INDIRECT("ZS(-1)",0) + INDIRECT("ZS(-3)",0) -> 1.2637794e+09 | GF7: =INDIRECT("ZS(-1)",0) / INDIRECT("Z6S(-1)",0) -> 0.88129061 | GG7: 1185333323 | GH7: 8983858 | GI7: =INDIRECT("ZS(-1)",0) * 'Correction factor'!$C$13 -> 12459380 | GJ7: =INDIRECT("ZS(-1)",0) + INDIRECT("ZS(-3)",0) -> 1.1977927e+09 | GK7: =INDIRECT("ZS(-1)",0) / INDIRECT("Z6S(-1)",0) -> 0.8352157 | GL7: 1224862753 | GM7: 7914068 | GN7: =INDIRECT("ZS(-1)",0) * 'Correction factor'!$C$13 -> 10975728 | GO7: =INDIRECT("ZS(-1)",0) + INDIRECT("ZS(-3)",0) -> 1.2358385e+09 | GP7: =INDIRECT("ZS(-1)",0) / INDIRECT("Z6S(-1)",0) -> 0.85254554 | GQ7: 900183168 | GR7: 7080993 | GS7: =INDIRECT("ZS(-1)",0) * 'Correction factor'!$C$13 -> 9820366.9 | GT7: =INDIRECT("ZS(-1)",0) + INDIRECT("ZS(-3)",0) -> 9.1000353e+08 | GU7: =INDIRECT("ZS(-1)",0) / INDIRECT("Z6S(-1)",0) -> 0.94356813 | GV7: 1278773664 | GW7: 8818691 | GX7: =INDIRECT("ZS(-1)",0) * 'Correction factor'!$C$13 -> 12230316 | GY7: =INDIRECT("ZS(-1)",0) + INDIRECT("ZS(-3)",0) -> 1.291004e+09 | GZ7: =INDIRECT("ZS(-1)",0) / INDIRECT("Z6S(-1)",0) -> 0.91649202 | HA7: 1172601286 | HB7: 8283100 | HC7: =INDIRECT("ZS(-1)",0) * 'Correction factor'!$C$13 -> 11487525 | HD7: =INDIRECT("ZS(-1)",0) + INDIRECT("ZS(-3)",0) -> 1.1840888e+09 | HE7: =INDIRECT("ZS(-1)",0) / INDIRECT("Z6S(-1)",0) -> 0.86719883 | HF7: 1250750536 | HG7: 11979786 | HH7: =INDIRECT("ZS(-1)",0) * 'Correction factor'!$C$13 -> 16614322 | HI7: =INDIRECT("ZS(-1)",0) + INDIRECT("ZS(-3)",0) -> 1.2673649e+09 | HJ7: =INDIRECT("ZS(-1)",0) / INDIRECT("Z6S(-1)",0) -> 0.93357889 | HK7: 1095587823 | HL7: 13798848 | HM7: =INDIRECT("ZS(-1)",0) * 'Correction factor'!$C$13 -> 19137111 | HN7: =INDIRECT("ZS(-1)",0) + INDIRECT("ZS(-3)",0) -> 1.1147249e+09 | HO7: =INDIRECT("ZS(-1)",0) / INDIRECT("Z6S(-1)",0) -> 0.82985061 | HP7: 1341501400 | HQ7: 7008248 | HR7: =INDIRECT("ZS(-1)",0) * 'Correction factor'!$C$13 -> 9719479.6 | HS7: =INDIRECT("ZS(-1)",0) + INDIRECT("ZS(-3)",0) -> 1.3512209e+09 | HT7: =INDIRECT("ZS(-1)",0) / INDIRECT("Z6S(-1)",0) -> 0.87598631 | HU7: 1186498532 | HV7: 7949779 | HW7: =INDIRECT("ZS(-1)",0) * 'Correction factor'!$C$13 -> 11025254 | HX7: =INDIRECT("ZS(-1)",0) + INDIRECT("ZS(-3)",0) -> 1.1975238e+09 | HY7: =INDIRECT("ZS(-1)",0) / INDIRECT("Z6S(-1)",0) -> 0.93970082 | HZ7: 1098935058 | IA7: 13253272 | IB7: =INDIRECT("ZS(-1)",0) * 'Correction factor'!$C$13 -> 18380472 | IC7: =INDIRECT("ZS(-1)",0) + INDIRECT("ZS(-3)",0) -> 1.1173155e+09 | ID7: =INDIRECT("ZS(-1)",0) / INDIRECT("Z6S(-1)",0) -> 0.86640314 | IE7: 1125174999 | IF7: 6902104 | IG7: =INDIRECT("ZS(-1)",0) * 'Correction factor'!$C$13 -> 9572272.4 | IH7: =INDIRECT("ZS(-1)",0) + INDIRECT("ZS(-3)",0) -> 1.1347473e+09 | II7: =INDIRECT("ZS(-1)",0) / INDIRECT("Z6S(-1)",0) -> 0.86832186
A8: 4 | B8: 45495 | C8: Monday | D8: 1745964514 | E8: 8818614 | F8: =INDIRECT("ZS(-1)",0) * 'Correction factor'!$C$13 -> 12230209 | G8: =INDIRECT("ZS(-1)",0) + INDIRECT("ZS(-3)",0) -> 1.7581947e+09 | H8: =INDIRECT("ZS(-1)",0) / INDIRECT("Z6S(-1)",0) -> 1.2716097 | I8: 1933199939 | J8: 10812002 | K8: =INDIRECT("ZS(-1)",0) * 'Correction factor'!$C$13 -> 14994765 | L8: =INDIRECT("ZS(-1)",0) + INDIRECT("ZS(-3)",0) -> 1.9481947e+09 | M8: =INDIRECT("ZS(-1)",0) / INDIRECT("Z6S(-1)",0) -> 1.2770483 | N8: 1790249855 | O8: 8034895 | P8: =INDIRECT("ZS(-1)",0) * 'Correction factor'!$C$13 -> 11143298 | Q8: =INDIRECT("ZS(-1)",0) + INDIRECT("ZS(-3)",0) -> 1.8013932e+09 | R8: =INDIRECT("ZS(-1)",0) / INDIRECT("Z6S(-1)",0) -> 1.4023909 | S8: 1852078510 | T8: 7224203 | U8: =INDIRECT("ZS(-1)",0) * 'Correction factor'!$C$13 -> 10018980 | V8: =INDIRECT("ZS(-1)",0) + INDIRECT("ZS(-3)",0) -> 1.8620975e+09 | W8: =INDIRECT("ZS(-1)",0) / INDIRECT("Z6S(-1)",0) -> 1.2711619 | X8: 2003050974 | Y8: 8809699 | Z8: =INDIRECT("ZS(-1)",0) * 'Correction factor'!$C$13 -> 12217845 | AA8: =INDIRECT("ZS(-1)",0) + INDIRECT("ZS(-3)",0) -> 2.0152688e+09 | AB8: =INDIRECT("ZS(-1)",0) / INDIRECT("Z6S(-1)",0) -> 1.4055076 | AC8: 2368534041 | AD8: 12659188 | AE8: =INDIRECT("ZS(-1)",0) * 'Correction factor'!$C$13 -> 17556559 | AF8: =INDIRECT("ZS(-1)",0) + INDIRECT("ZS(-3)",0) -> 2.3860906e+09 | AG8: =INDIRECT("ZS(-1)",0) / INDIRECT("Z6S(-1)",0) -> 1.5393007 | AH8: 1152710707 | AI8: 8819543 | AJ8: =INDIRECT("ZS(-1)",0) * 'Correction factor'!$C$13 -> 12231498 | AK8: =INDIRECT("ZS(-1)",0) + INDIRECT("ZS(-3)",0) -> 1.1649422e+09 | AL8: =INDIRECT("ZS(-1)",0) / INDIRECT("Z6S(-1)",0) -> 0.66114668 | AM8: 1218735993 | AN8: 20519792 | AO8: =INDIRECT("ZS(-1)",0) * 'Correction factor'!$C$13 -> 28458140 | AP8: =INDIRECT("ZS(-1)",0) + INDIRECT("ZS(-3)",0) -> 1.2471941e+09 | AQ8: =INDIRECT("ZS(-1)",0) / INDIRECT("Z6S(-1)",0) -> 0.80994452 | AR8: 1080537262 | AS8: 7217414 | AT8: =INDIRECT("ZS(-1)",0) * 'Correction factor'!$C$13 -> 10009564 | AU8: =INDIRECT("ZS(-1)",0) + INDIRECT("ZS(-3)",0) -> 1.0905468e+09 | AV8: =INDIRECT("ZS(-1)",0) / INDIRECT("Z6S(-1)",0) -> 0.78042415 | AW8: 1041470709 | AX8: 11005206 | AY8: =INDIRECT("ZS(-1)",0) * 'Correction factor'!$C$13 -> 15262713 | AZ8: =INDIRECT("ZS(-1)",0) + INDIRECT("ZS(-3)",0) -> 1.0567334e+09 | BA8: =INDIRECT("ZS(-1)",0) / INDIRECT("Z6S(-1)",0) -> 0.72602039 | BB8: 973848831 | BC8: 7532688 | BD8: =INDIRECT("ZS(-1)",0) * 'Correction factor'!$C$13 -> 10446806 | BE8: =INDIRECT("ZS(-1)",0) + INDIRECT("ZS(-3)",0) -> 9.8429564e+08 | BF8: =INDIRECT("ZS(-1)",0) / INDIRECT("Z6S(-1)",0) -> 0.66810788 | BG8: 1457747550 | BH8: 7981363 | BI8: =INDIRECT("ZS(-1)",0) * 'Correction factor'!$C$13 -> 11069057 | BJ8: =INDIRECT("ZS(-1)",0) + INDIRECT("ZS(-3)",0) -> 1.4688166e+09 | BK8: =INDIRECT("ZS(-1)",0) / INDIRECT("Z6S(-1)",0) -> 0.89465251 | BL8: 40442625 | BM8: 241448259 | BN8: =INDIRECT("ZS(-1)",0) * 'Correction factor'!$C$13 -> 3.3485565e+08 | BO8: =INDIRECT("ZS(-1)",0) + INDIRECT("ZS(-3)",0) -> 3.7529827e+08 | BP8: =INDIRECT("ZS(-1)",0) / INDIRECT("Z6S(-1)",0) -> 1.7999415 | BQ8: 9287122 | BR8: 171783621 | BS8: =INDIRECT("ZS(-1)",0) * 'Correction factor'!$C$13 -> 2.3824034e+08 | BT8: =INDIRECT("ZS(-1)",0) + INDIRECT("ZS(-3)",0) -> 2.4752746e+08 | BU8: =INDIRECT("ZS(-1)",0) / INDIRECT("Z6S(-1)",0) -> 1.453199 | BV8: 13423677 | BW8: 190410809 | BX8: =INDIRECT("ZS(-1)",0) * 'Correction factor'!$C$13 -> 2.640737e+08 | BY8: =INDIRECT("ZS(-1)",0) + INDIRECT("ZS(-3)",0) -> 2.7749738e+08 | BZ8: =INDIRECT("ZS(-1)",0) / INDIRECT("Z6S(-1)",0) -> 1.7661386 | CA8: 10766516 | CB8: 204367980 | CC8: =INDIRECT("ZS(-1)",0) * 'Correction factor'!$C$13 -> 2.8343038e+08 | CD8: =INDIRECT("ZS(-1)",0) + INDIRECT("ZS(-3)",0) -> 2.941969e+08 | CE8: =INDIRECT("ZS(-1)",0) / INDIRECT("Z6S(-1)",0) -> 1.6652284 | CF8: 35926148 | CG8: 120454603 | CH8: =INDIRECT("ZS(-1)",0) * 'Correction factor'!$C$13 -> 1.6705403e+08 | CI8: =INDIRECT("ZS(-1)",0) + INDIRECT("ZS(-3)",0) -> 2.0298018e+08 | CJ8: =INDIRECT("ZS(-1)",0) / INDIRECT("Z6S(-1)",0) -> 1.4745399 | CK8: 28151635 | CL8: 150093226 | CM8: =INDIRECT("ZS(-1)",0) * 'Correction factor'!$C$13 -> 2.0815874e+08 | CN8: =INDIRECT("ZS(-1)",0) + INDIRECT("ZS(-3)",0) -> 2.3631037e+08 | CO8: =INDIRECT("ZS(-1)",0) / INDIRECT("Z6S(-1)",0) -> 1.687977 | CP8: 1086147530 | CQ8: 7592099 | CR8: =INDIRECT("ZS(-1)",0) * 'Correction factor'!$C$13 -> 10529201 | CS8: =INDIRECT("ZS(-1)",0) + INDIRECT("ZS(-3)",0) -> 1.0966767e+09 | CT8: =INDIRECT("ZS(-1)",0) / INDIRECT("Z6S(-1)",0) -> 0.74708889 | CU8: 954855980 | CV8: 7583324 | CW8: =INDIRECT("ZS(-1)",0) * 'Correction factor'!$C$13 -> 10517031 | CX8: =INDIRECT("ZS(-1)",0) + INDIRECT("ZS(-3)",0) -> 9.6537301e+08 | CY8: =INDIRECT("ZS(-1)",0) / INDIRECT("Z6S(-1)",0) -> 0.73862328 | CZ8: 985248044 | DA8: 9839675 | DB8: =INDIRECT("ZS(-1)",0) * 'Correction factor'!$C$13 -> 13646281 | DC8: =INDIRECT("ZS(-1)",0) + INDIRECT("ZS(-3)",0) -> 9.9889432e+08 | DD8: =INDIRECT("ZS(-1)",0) / INDIRECT("Z6S(-1)",0) -> 0.65563735 | DE8: 999430196 | DF8: 20983333 | DG8: =INDIRECT("ZS(-1)",0) * 'Correction factor'!$C$13 -> 29101007 | DH8: =INDIRECT("ZS(-1)",0) + INDIRECT("ZS(-3)",0) -> 1.0285312e+09 | DI8: =INDIRECT("ZS(-1)",0) / INDIRECT("Z6S(-1)",0) -> 0.74891223 | DJ8: 842185051 | DK8: 9888608 | DL8: =INDIRECT("ZS(-1)",0) * 'Correction factor'!$C$13 -> 13714144 | DM8: =INDIRECT("ZS(-1)",0) + INDIRECT("ZS(-3)",0) -> 8.558992e+08 | DN8: =INDIRECT("ZS(-1)",0) / INDIRECT("Z6S(-1)",0) -> 0.70546658 | DO8: 748386288 | DP8: 9614544 | DQ8: =INDIRECT("ZS(-1)",0) * 'Correction factor'!$C$13 -> 13334055 | DR8: =INDIRECT("ZS(-1)",0) + INDIRECT("ZS(-3)",0) -> 7.6172034e+08 | DS8: =INDIRECT("ZS(-1)",0) / INDIRECT("Z6S(-1)",0) -> 0.57387951 | DT8: 922631532 | DU8: 11853455 | DV8: =INDIRECT("ZS(-1)",0) * 'Correction factor'!$C$13 -> 16439118 | DW8: =INDIRECT("ZS(-1)",0) + INDIRECT("ZS(-3)",0) -> 9.3907065e+08 | DX8: =INDIRECT("ZS(-1)",0) / INDIRECT("Z6S(-1)",0) -> 0.69150793 | DY8: 1036201632 | DZ8: 14886645 | EA8: =INDIRECT("ZS(-1)",0) * 'Correction factor'!$C$13 -> 20645737 | EB8: =INDIRECT("ZS(-1)",0) + INDIRECT("ZS(-3)",0) -> 1.0568474e+09 | EC8: =INDIRECT("ZS(-1)",0) / INDIRECT("Z6S(-1)",0) -> 0.7474026 | ED8: 936711428 | EE8: 17899560 | EF8: =INDIRECT("ZS(-1)",0) * 'Correction factor'!$C$13 -> 24824237 | EG8: =INDIRECT("ZS(-1)",0) + INDIRECT("ZS(-3)",0) -> 9.6153566e+08 | EH8: =INDIRECT("ZS(-1)",0) / INDIRECT("Z6S(-1)",0) -> 0.73510975 | EI8: 898601394 | EJ8: 16750009 | EK8: =INDIRECT("ZS(-1)",0) * 'Correction factor'!$C$13 -> 23229967 | EL8: =INDIRECT("ZS(-1)",0) + INDIRECT("ZS(-3)",0) -> 9.2183136e+08 | EM8: =INDIRECT("ZS(-1)",0) / INDIRECT("Z6S(-1)",0) -> 0.70045686 | EN8: 988878603 | EO8: 10408914 | EP8: =INDIRECT("ZS(-1)",0) * 'Correction factor'!$C$13 -> 14435737 | EQ8: =INDIRECT("ZS(-1)",0) + INDIRECT("ZS(-3)",0) -> 1.0033143e+09 | ER8: =INDIRECT("ZS(-1)",0) / INDIRECT("Z6S(-1)",0) -> 0.6821704 | ES8: 1089008693 | ET8: 7971868 | EU8: =INDIRECT("ZS(-1)",0) * 'Correction factor'!$C$13 -> 11055888 | EV8: =INDIRECT("ZS(-1)",0) + INDIRECT("ZS(-3)",0) -> 1.1000646e+09 | EW8: =INDIRECT("ZS(-1)",0) / INDIRECT("Z6S(-1)",0) -> 0.75196298 | EX8: 1115991581 | EY8: 8075904 | EZ8: =INDIRECT("ZS(-1)",0) * 'Correction factor'!$C$13 -> 11200172 | FA8: =INDIRECT("ZS(-1)",0) + INDIRECT("ZS(-3)",0) -> 1.1271918e+09 | FB8: =INDIRECT("ZS(-1)",0) / INDIRECT("Z6S(-1)",0) -> 0.80365361 | FC8: 824711482 | FD8: 11052403 | FE8: =INDIRECT("ZS(-1)",0) * 'Correction factor'!$C$13 -> 15328168 | FF8: =INDIRECT("ZS(-1)",0) + INDIRECT("ZS(-3)",0) -> 8.4003965e+08 | FG8: =INDIRECT("ZS(-1)",0) / INDIRECT("Z6S(-1)",0) -> 0.64829607 | FH8: 1306889387 | FI8: 11265814 | FJ8: =INDIRECT("ZS(-1)",0) * 'Correction factor'!$C$13 -> 15624140 | FK8: =INDIRECT("ZS(-1)",0) + INDIRECT("ZS(-3)",0) -> 1.3225135e+09 | FL8: =INDIRECT("ZS(-1)",0) / INDIRECT("Z6S(-1)",0) -> 0.74503671 | FM8: 1101203266 | FN8: 7905057 | FO8: =INDIRECT("ZS(-1)",0) * 'Correction factor'!$C$13 -> 10963231 | FP8: =INDIRECT("ZS(-1)",0) + INDIRECT("ZS(-3)",0) -> 1.1121665e+09 | FQ8: =INDIRECT("ZS(-1)",0) / INDIRECT("Z6S(-1)",0) -> 0.78598105 | FR8: 1001351548 | FS8: 8566068 | FT8: =INDIRECT("ZS(-1)",0) * 'Correction factor'!$C$13 -> 11879962 | FU8: =INDIRECT("ZS(-1)",0) + INDIRECT("ZS(-3)",0) -> 1.0132315e+09 | FV8: =INDIRECT("ZS(-1)",0) / INDIRECT("Z6S(-1)",0) -> 0.70683501 | FW8: 872367731 | FX8: 17545904 | FY8: =INDIRECT("ZS(-1)",0) * 'Correction factor'!$C$13 -> 24333764 | FZ8: =INDIRECT("ZS(-1)",0) + INDIRECT("ZS(-3)",0) -> 8.967015e+08 | GA8: =INDIRECT("ZS(-1)",0) / INDIRECT("Z6S(-1)",0) -> 0.71960221 | GB8: 1004750799 | GC8: 7902171 | GD8: =INDIRECT("ZS(-1)",0) * 'Correction factor'!$C$13 -> 10959228 | GE8: =INDIRECT("ZS(-1)",0) + INDIRECT("ZS(-3)",0) -> 1.01571e+09 | GF8: =INDIRECT("ZS(-1)",0) / INDIRECT("Z6S(-1)",0) -> 0.70830058 | GG8: 848808601 | GH8: 9682317 | GI8: =INDIRECT("ZS(-1)",0) * 'Correction factor'!$C$13 -> 13428047 | GJ8: =INDIRECT("ZS(-1)",0) + INDIRECT("ZS(-3)",0) -> 8.6223665e+08 | GK8: =INDIRECT("ZS(-1)",0) / INDIRECT("Z6S(-1)",0) -> 0.6012339 | GL8: 989223798 | GM8: 9062582 | GN8: =INDIRECT("ZS(-1)",0) * 'Correction factor'!$C$13 -> 12568559 | GO8: =INDIRECT("ZS(-1)",0) + INDIRECT("ZS(-3)",0) -> 1.0017924e+09 | GP8: =INDIRECT("ZS(-1)",0) / INDIRECT("Z6S(-1)",0) -> 0.69108837 | GQ8: 696144676 | GR8: 7838703 | GS8: =INDIRECT("ZS(-1)",0) * 'Correction factor'!$C$13 -> 10871207 | GT8: =INDIRECT("ZS(-1)",0) + INDIRECT("ZS(-3)",0) -> 7.0701588e+08 | GU8: =INDIRECT("ZS(-1)",0) / INDIRECT("Z6S(-1)",0) -> 0.73309348 | GV8: 1010689635 | GW8: 9850428 | GX8: =INDIRECT("ZS(-1)",0) * 'Correction factor'!$C$13 -> 13661194 | GY8: =INDIRECT("ZS(-1)",0) + INDIRECT("ZS(-3)",0) -> 1.0243508e+09 | GZ8: =INDIRECT("ZS(-1)",0) / INDIRECT("Z6S(-1)",0) -> 0.72719323 | HA8: 942583244 | HB8: 9785933 | HC8: =INDIRECT("ZS(-1)",0) * 'Correction factor'!$C$13 -> 13571748 | HD8: =INDIRECT("ZS(-1)",0) + INDIRECT("ZS(-3)",0) -> 9.5615499e+08 | HE8: =INDIRECT("ZS(-1)",0) / INDIRECT("Z6S(-1)",0) -> 0.70026545 | HF8: 1056090065 | HG8: 15727772 | HH8: =INDIRECT("ZS(-1)",0) * 'Correction factor'!$C$13 -> 21812265 | HI8: =INDIRECT("ZS(-1)",0) + INDIRECT("ZS(-3)",0) -> 1.0779023e+09 | HJ8: =INDIRECT("ZS(-1)",0) / INDIRECT("Z6S(-1)",0) -> 0.79401512 | HK8: 861559711 | HL8: 17792015 | HM8: =INDIRECT("ZS(-1)",0) * 'Correction factor'!$C$13 -> 24675087 | HN8: =INDIRECT("ZS(-1)",0) + INDIRECT("ZS(-3)",0) -> 8.862348e+08 | HO8: =INDIRECT("ZS(-1)",0) / INDIRECT("Z6S(-1)",0) -> 0.65975244 | HP8: 1079200244 | HQ8: 7511423 | HR8: =INDIRECT("ZS(-1)",0) * 'Correction factor'!$C$13 -> 10417314 | HS8: =INDIRECT("ZS(-1)",0) + INDIRECT("ZS(-3)",0) -> 1.0896176e+09 | HT8: =INDIRECT("ZS(-1)",0) / INDIRECT("Z6S(-1)",0) -> 0.70639085 | HU8: 1025421020 | HV8: 8653011 | HW8: =INDIRECT("ZS(-1)",0) * 'Correction factor'!$C$13 -> 12000540 | HX8: =INDIRECT("ZS(-1)",0) + INDIRECT("ZS(-3)",0) -> 1.0374216e+09 | HY8: =INDIRECT("ZS(-1)",0) / INDIRECT("Z6S(-1)",0) -> 0.81406808 | HZ8: 866896158 | IA8: 15300757 | IB8: =INDIRECT("ZS(-1)",0) * 'Correction factor'!$C$13 -> 21220053 | IC8: =INDIRECT("ZS(-1)",0) + INDIRECT("ZS(-3)",0) -> 8.8811621e+08 | ID8: =INDIRECT("ZS(-1)",0) / INDIRECT("Z6S(-1)",0) -> 0.68867446 | IE8: 878196700 | IF8: 7577978 | IG8: =INDIRECT("ZS(-1)",0) * 'Correction factor'!$C$13 -> 10509617 | IH8: =INDIRECT("ZS(-1)",0) + INDIRECT("ZS(-3)",0) -> 8.8870632e+08 | II8: =INDIRECT("ZS(-1)",0) / INDIRECT("Z6S(-1)",0) -> 0.68004845
A9: 5 | B9: 45496 | C9: Tuesday | D9: 2181207661 | E9: 9615573 | F9: =INDIRECT("ZS(-1)",0) * 'Correction factor'!$C$13 -> 13335482 | G9: =INDIRECT("ZS(-1)",0) + INDIRECT("ZS(-3)",0) -> 2.1945431e+09 | H9: =INDIRECT("ZS(-1)",0) / INDIRECT("Z6S(-1)",0) -> 1.5871975 | I9: 2123135102 | J9: 11245161 | K9: =INDIRECT("ZS(-1)",0) * 'Correction factor'!$C$13 -> 15595497 | L9: =INDIRECT("ZS(-1)",0) + INDIRECT("ZS(-3)",0) -> 2.1387306e+09 | M9: =INDIRECT("ZS(-1)",0) / INDIRECT("Z6S(-1)",0) -> 1.4019453 | N9: 1986219034 | O9: 7792191 | P9: =INDIRECT("ZS(-1)",0) * 'Correction factor'!$C$13 -> 10806701 | Q9: =INDIRECT("ZS(-1)",0) + INDIRECT("ZS(-3)",0) -> 1.9970257e+09 | R9: =INDIRECT("ZS(-1)",0) / INDIRECT("Z6S(-1)",0) -> 1.5546916 | S9: 2049296652 | T9: 7200698 | U9: =INDIRECT("ZS(-1)",0) * 'Correction factor'!$C$13 -> 9986381.4 | V9: =INDIRECT("ZS(-1)",0) + INDIRECT("ZS(-3)",0) -> 2.059283e+09 | W9: =INDIRECT("ZS(-1)",0) / INDIRECT("Z6S(-1)",0) -> 1.4057707 | X9: 2314445272 | Y9: 8888008 | Z9: =INDIRECT("ZS(-1)",0) * 'Correction factor'!$C$13 -> 12326449 | AA9: =INDIRECT("ZS(-1)",0) + INDIRECT("ZS(-3)",0) -> 2.3267717e+09 | AB9: =INDIRECT("ZS(-1)",0) / INDIRECT("Z6S(-1)",0) -> 1.6227589 | AC9: 2761607239 | AD9: 13098537 | AE9: =INDIRECT("ZS(-1)",0) * 'Correction factor'!$C$13 -> 18165876 | AF9: =INDIRECT("ZS(-1)",0) + INDIRECT("ZS(-3)",0) -> 2.7797731e+09 | AG9: =INDIRECT("ZS(-1)",0) / INDIRECT("Z6S(-1)",0) -> 1.7932709 | AH9: 924371438 | AI9: 8542388 | AJ9: =INDIRECT("ZS(-1)",0) * 'Correction factor'!$C$13 -> 11847122 | AK9: =INDIRECT("ZS(-1)",0) + INDIRECT("ZS(-3)",0) -> 9.3621856e+08 | AL9: =INDIRECT("ZS(-1)",0) / INDIRECT("Z6S(-1)",0) -> 0.53133777 | AM9: 1162204860 | AN9: 27704696 | AO9: =INDIRECT("ZS(-1)",0) * 'Correction factor'!$C$13 -> 38422617 | AP9: =INDIRECT("ZS(-1)",0) + INDIRECT("ZS(-3)",0) -> 1.2006275e+09 | AQ9: =INDIRECT("ZS(-1)",0) / INDIRECT("Z6S(-1)",0) -> 0.77970352 | AR9: 971610548 | AS9: 7492931 | AT9: =INDIRECT("ZS(-1)",0) * 'Correction factor'!$C$13 -> 10391669 | AU9: =INDIRECT("ZS(-1)",0) + INDIRECT("ZS(-3)",0) -> 9.8200222e+08 | AV9: =INDIRECT("ZS(-1)",0) / INDIRECT("Z6S(-1)",0) -> 0.70274676 | AW9: 1019647984 | AX9: 10877298 | AY9: =INDIRECT("ZS(-1)",0) * 'Correction factor'!$C$13 -> 15085322 | AZ9: =INDIRECT("ZS(-1)",0) + INDIRECT("ZS(-3)",0) -> 1.0347333e+09 | BA9: =INDIRECT("ZS(-1)",0) / INDIRECT("Z6S(-1)",0) -> 0.71090538 | BB9: 877949869 | BC9: 7958379 | BD9: =INDIRECT("ZS(-1)",0) * 'Correction factor'!$C$13 -> 11037181 | BE9: =INDIRECT("ZS(-1)",0) + INDIRECT("ZS(-3)",0) -> 8.8898705e+08 | BF9: =INDIRECT("ZS(-1)",0) / INDIRECT("Z6S(-1)",0) -> 0.60341551 | BG9: 1408587536 | BH9: 8644166 | BI9: =INDIRECT("ZS(-1)",0) * 'Correction factor'!$C$13 -> 11988274 | BJ9: =INDIRECT("ZS(-1)",0) + INDIRECT("ZS(-3)",0) -> 1.4205758e+09 | BK9: =INDIRECT("ZS(-1)",0) / INDIRECT("Z6S(-1)",0) -> 0.86526916 | BL9: 42409598 | BM9: 321681493 | BN9: =INDIRECT("ZS(-1)",0) * 'Correction factor'!$C$13 -> 4.4612815e+08 | BO9: =INDIRECT("ZS(-1)",0) + INDIRECT("ZS(-3)",0) -> 4.8853775e+08 | BP9: =INDIRECT("ZS(-1)",0) / INDIRECT("Z6S(-1)",0) -> 2.3430413 | BQ9: 10634900 | BR9: 211726835 | BS9: =INDIRECT("ZS(-1)",0) * 'Correction factor'!$C$13 -> 2.9363611e+08 | BT9: =INDIRECT("ZS(-1)",0) + INDIRECT("ZS(-3)",0) -> 3.0427101e+08 | BU9: =INDIRECT("ZS(-1)",0) / INDIRECT("Z6S(-1)",0) -> 1.7863323 | BV9: 15049128 | BW9: 249213541 | BX9: =INDIRECT("ZS(-1)",0) * 'Correction factor'!$C$13 -> 3.4562503e+08 | BY9: =INDIRECT("ZS(-1)",0) + INDIRECT("ZS(-3)",0) -> 3.6067416e+08 | BZ9: =INDIRECT("ZS(-1)",0) / INDIRECT("Z6S(-1)",0) -> 2.2955192 | CA9: 10967323 | CB9: 269717160 | CC9: =INDIRECT("ZS(-1)",0) * 'Correction factor'!$C$13 -> 3.7406074e+08 | CD9: =INDIRECT("ZS(-1)",0) + INDIRECT("ZS(-3)",0) -> 3.8502806e+08 | CE9: =INDIRECT("ZS(-1)",0) / INDIRECT("Z6S(-1)",0) -> 2.1793556 | CF9: 24646176 | CG9: 11837039 | CH9: =INDIRECT("ZS(-1)",0) * 'Correction factor'!$C$13 -> 16416351 | CI9: =INDIRECT("ZS(-1)",0) + INDIRECT("ZS(-3)",0) -> 41062527 | CJ9: =INDIRECT("ZS(-1)",0) / INDIRECT("Z6S(-1)",0) -> 0.29829678 | CK9: 6109336 | CL9: 25725683 | CM9: =INDIRECT("ZS(-1)",0) * 'Correction factor'!$C$13 -> 35677997 | CN9: =INDIRECT("ZS(-1)",0) + INDIRECT("ZS(-3)",0) -> 41787333 | CO9: =INDIRECT("ZS(-1)",0) / INDIRECT("Z6S(-1)",0) -> 0.29848905 | CP9: 1102252590 | CQ9: 8189177 | CR9: =INDIRECT("ZS(-1)",0) * 'Correction factor'!$C$13 -> 11357266 | CS9: =INDIRECT("ZS(-1)",0) + INDIRECT("ZS(-3)",0) -> 1.1136099e+09 | CT9: =INDIRECT("ZS(-1)",0) / INDIRECT("Z6S(-1)",0) -> 0.75862424 | CU9: 957464522 | CV9: 7848909 | CW9: =INDIRECT("ZS(-1)",0) * 'Correction factor'!$C$13 -> 10885361 | CX9: =INDIRECT("ZS(-1)",0) + INDIRECT("ZS(-3)",0) -> 9.6834988e+08 | CY9: =INDIRECT("ZS(-1)",0) / INDIRECT("Z6S(-1)",0) -> 0.74090093 | CZ9: 912439205 | DA9: 10803110 | DB9: =INDIRECT("ZS(-1)",0) * 'Correction factor'!$C$13 -> 14982433 | DC9: =INDIRECT("ZS(-1)",0) + INDIRECT("ZS(-3)",0) -> 9.2742164e+08 | DD9: =INDIRECT("ZS(-1)",0) / INDIRECT("Z6S(-1)",0) -> 0.60872532 | DE9: 913892022 | DF9: 23121120 | DG9: =INDIRECT("ZS(-1)",0) * 'Correction factor'!$C$13 -> 32065825 | DH9: =INDIRECT("ZS(-1)",0) + INDIRECT("ZS(-3)",0) -> 9.4595785e+08 | DI9: =INDIRECT("ZS(-1)",0) / INDIRECT("Z6S(-1)",0) -> 0.68878747 | DJ9: 784556222 | DK9: 10793015 | DL9: =INDIRECT("ZS(-1)",0) * 'Correction factor'!$C$13 -> 14968433 | DM9: =INDIRECT("ZS(-1)",0) + INDIRECT("ZS(-3)",0) -> 7.9952465e+08 | DN9: =INDIRECT("ZS(-1)",0) / INDIRECT("Z6S(-1)",0) -> 0.65900042 | DO9: 726536944 | DP9: 10570035 | DQ9: =INDIRECT("ZS(-1)",0) * 'Correction factor'!$C$13 -> 14659190 | DR9: =INDIRECT("ZS(-1)",0) + INDIRECT("ZS(-3)",0) -> 7.4119613e+08 | DS9: =INDIRECT("ZS(-1)",0) / INDIRECT("Z6S(-1)",0) -> 0.55841658 | DT9: 864407054 | DU9: 13694241 | DV9: =INDIRECT("ZS(-1)",0) * 'Correction factor'!$C$13 -> 18992036 | DW9: =INDIRECT("ZS(-1)",0) + INDIRECT("ZS(-3)",0) -> 8.8339909e+08 | DX9: =INDIRECT("ZS(-1)",0) / INDIRECT("Z6S(-1)",0) -> 0.6505128 | DY9: 1040582729 | DZ9: 17894726 | EA9: =INDIRECT("ZS(-1)",0) * 'Correction factor'!$C$13 -> 24817533 | EB9: =INDIRECT("ZS(-1)",0) + INDIRECT("ZS(-3)",0) -> 1.0654003e+09 | EC9: =INDIRECT("ZS(-1)",0) / INDIRECT("Z6S(-1)",0) -> 0.75345121 | ED9: 886132409 | EE9: 22160374 | EF9: =INDIRECT("ZS(-1)",0) * 'Correction factor'!$C$13 -> 30733402 | EG9: =INDIRECT("ZS(-1)",0) + INDIRECT("ZS(-3)",0) -> 9.1686581e+08 | EH9: =INDIRECT("ZS(-1)",0) / INDIRECT("Z6S(-1)",0) -> 0.70095892 | EI9: 840406442 | EJ9: 19919545 | EK9: =INDIRECT("ZS(-1)",0) * 'Correction factor'!$C$13 -> 27625679 | EL9: =INDIRECT("ZS(-1)",0) + INDIRECT("ZS(-3)",0) -> 8.6803212e+08 | EM9: =INDIRECT("ZS(-1)",0) / INDIRECT("Z6S(-1)",0) -> 0.65957732 | EN9: 1006797661 | EO9: 10800682 | EP9: =INDIRECT("ZS(-1)",0) * 'Correction factor'!$C$13 -> 14979066 | EQ9: =INDIRECT("ZS(-1)",0) + INDIRECT("ZS(-3)",0) -> 1.0217767e+09 | ER9: =INDIRECT("ZS(-1)",0) / INDIRECT("Z6S(-1)",0) -> 0.69472329 | ES9: 1029234005 | ET9: 8286166 | EU9: =INDIRECT("ZS(-1)",0) * 'Correction factor'!$C$13 -> 11491777 | EV9: =INDIRECT("ZS(-1)",0) + INDIRECT("ZS(-3)",0) -> 1.0407258e+09 | EW9: =INDIRECT("ZS(-1)",0) / INDIRECT("Z6S(-1)",0) -> 0.71140119 | EX9: 1054165829 | EY9: 8060862 | EZ9: =INDIRECT("ZS(-1)",0) * 'Correction factor'!$C$13 -> 11179311 | FA9: =INDIRECT("ZS(-1)",0) + INDIRECT("ZS(-3)",0) -> 1.0653451e+09 | FB9: =INDIRECT("ZS(-1)",0) / INDIRECT("Z6S(-1)",0) -> 0.75955884 | FC9: 814280744 | FD9: 13570921 | FE9: =INDIRECT("ZS(-1)",0) * 'Correction factor'!$C$13 -> 18821008 | FF9: =INDIRECT("ZS(-1)",0) + INDIRECT("ZS(-3)",0) -> 8.3310175e+08 | FG9: =INDIRECT("ZS(-1)",0) / INDIRECT("Z6S(-1)",0) -> 0.64294179 | FH9: 1314883428 | FI9: 12894317 | FJ9: =INDIRECT("ZS(-1)",0) * 'Correction factor'!$C$13 -> 17882651 | FK9: =INDIRECT("ZS(-1)",0) + INDIRECT("ZS(-3)",0) -> 1.3327661e+09 | FL9: =INDIRECT("ZS(-1)",0) / INDIRECT("Z6S(-1)",0) -> 0.75081248 | FM9: 1048557925 | FN9: 8147498 | FO9: =INDIRECT("ZS(-1)",0) * 'Correction factor'!$C$13 -> 11299463 | FP9: =INDIRECT("ZS(-1)",0) + INDIRECT("ZS(-3)",0) -> 1.0598574e+09 | FQ9: =INDIRECT("ZS(-1)",0) / INDIRECT("Z6S(-1)",0) -> 0.74901359 | FR9: 1002389886 | FS9: 8700896 | FT9: =INDIRECT("ZS(-1)",0) * 'Correction factor'!$C$13 -> 12066950 | FU9: =INDIRECT("ZS(-1)",0) + INDIRECT("ZS(-3)",0) -> 1.0144568e+09 | FV9: =INDIRECT("ZS(-1)",0) / INDIRECT("Z6S(-1)",0) -> 0.70768981 | FW9: 812412444 | FX9: 25185825 | FY9: =INDIRECT("ZS(-1)",0) * 'Correction factor'!$C$13 -> 34929288 | FZ9: =INDIRECT("ZS(-1)",0) + INDIRECT("ZS(-3)",0) -> 8.4734173e+08 | GA9: =INDIRECT("ZS(-1)",0) / INDIRECT("Z6S(-1)",0) -> 0.67999104 | GB9: 913494709 | GC9: 7992426 | GD9: =INDIRECT("ZS(-1)",0) * 'Correction factor'!$C$13 -> 11084400 | GE9: =INDIRECT("ZS(-1)",0) + INDIRECT("ZS(-3)",0) -> 9.2457911e+08 | GF9: =INDIRECT("ZS(-1)",0) / INDIRECT("Z6S(-1)",0) -> 0.64475087 | GG9: 793209919 | GH9: 9507853 | GI9: =INDIRECT("ZS(-1)",0) * 'Correction factor'!$C$13 -> 13186089 | GJ9: =INDIRECT("ZS(-1)",0) + INDIRECT("ZS(-3)",0) -> 8.0639601e+08 | GK9: =INDIRECT("ZS(-1)",0) / INDIRECT("Z6S(-1)",0) -> 0.56229647 | GL9: 941887640 | GM9: 9402168 | GN9: =INDIRECT("ZS(-1)",0) * 'Correction factor'!$C$13 -> 13039519 | GO9: =INDIRECT("ZS(-1)",0) + INDIRECT("ZS(-3)",0) -> 9.5492716e+08 | GP9: =INDIRECT("ZS(-1)",0) / INDIRECT("Z6S(-1)",0) -> 0.65875832 | GQ9: 565295842 | GR9: 7938872 | GS9: =INDIRECT("ZS(-1)",0) * 'Correction factor'!$C$13 -> 11010128 | GT9: =INDIRECT("ZS(-1)",0) + INDIRECT("ZS(-3)",0) -> 5.7630597e+08 | GU9: =INDIRECT("ZS(-1)",0) / INDIRECT("Z6S(-1)",0) -> 0.59756246 | GV9: 934801845 | GW9: 9988261 | GX9: =INDIRECT("ZS(-1)",0) * 'Correction factor'!$C$13 -> 13852349 | GY9: =INDIRECT("ZS(-1)",0) + INDIRECT("ZS(-3)",0) -> 9.4865419e+08 | GZ9: =INDIRECT("ZS(-1)",0) / INDIRECT("Z6S(-1)",0) -> 0.67345571 | HA9: 869053518 | HB9: 11265840 | HC9: =INDIRECT("ZS(-1)",0) * 'Correction factor'!$C$13 -> 15624176 | HD9: =INDIRECT("ZS(-1)",0) + INDIRECT("ZS(-3)",0) -> 8.8467769e+08 | HE9: =INDIRECT("ZS(-1)",0) / INDIRECT("Z6S(-1)",0) -> 0.64791716 | HF9: 1007790161 | HG9: 20288749 | HH9: =INDIRECT("ZS(-1)",0) * 'Correction factor'!$C$13 -> 28137715 | HI9: =INDIRECT("ZS(-1)",0) + INDIRECT("ZS(-3)",0) -> 1.0359279e+09 | HJ9: =INDIRECT("ZS(-1)",0) / INDIRECT("Z6S(-1)",0) -> 0.76309549 | HK9: 796484701 | HL9: 24293157 | HM9: =INDIRECT("ZS(-1)",0) * 'Correction factor'!$C$13 -> 33691280 | HN9: =INDIRECT("ZS(-1)",0) + INDIRECT("ZS(-3)",0) -> 8.3017598e+08 | HO9: =INDIRECT("ZS(-1)",0) / INDIRECT("Z6S(-1)",0) -> 0.61801977 | HP9: 1018332044 | HQ9: 7215959 | HR9: =INDIRECT("ZS(-1)",0) * 'Correction factor'!$C$13 -> 10007546 | HS9: =INDIRECT("ZS(-1)",0) + INDIRECT("ZS(-3)",0) -> 1.0283396e+09 | HT9: =INDIRECT("ZS(-1)",0) / INDIRECT("Z6S(-1)",0) -> 0.6666648 | HU9: 920901443 | HV9: 9561891 | HW9: =INDIRECT("ZS(-1)",0) * 'Correction factor'!$C$13 -> 13261033 | HX9: =INDIRECT("ZS(-1)",0) + INDIRECT("ZS(-3)",0) -> 9.3416248e+08 | HY9: =INDIRECT("ZS(-1)",0) / INDIRECT("Z6S(-1)",0) -> 0.73304034 | HZ9: 846016303 | IA9: 18269655 | IB9: =INDIRECT("ZS(-1)",0) * 'Correction factor'!$C$13 -> 25337508 | IC9: =INDIRECT("ZS(-1)",0) + INDIRECT("ZS(-3)",0) -> 8.7135381e+08 | ID9: =INDIRECT("ZS(-1)",0) / INDIRECT("Z6S(-1)",0) -> 0.67567634 | IE9: 1017327810 | IF9: 8197961 | IG9: =INDIRECT("ZS(-1)",0) * 'Correction factor'!$C$13 -> 11369448 | IH9: =INDIRECT("ZS(-1)",0) + INDIRECT("ZS(-3)",0) -> 1.0286973e+09 | II9: =INDIRECT("ZS(-1)",0) / INDIRECT("Z6S(-1)",0) -> 0.78717115
A10: 6 | B10: 45497 | C10: Wednesday | D10: 2589062900 | E10: 9849348 | F10: =INDIRECT("ZS(-1)",0) * 'Correction factor'!$C$13 -> 13659696 | G10: =INDIRECT("ZS(-1)",0) + INDIRECT("ZS(-3)",0) -> 2.6027226e+09 | H10: =INDIRECT("ZS(-1)",0) / INDIRECT("Z6S(-1)",0) -> 1.8824122 | I10: 2212871654 | J10: 12055990 | K10: =INDIRECT("ZS(-1)",0) * 'Correction factor'!$C$13 -> 16720006 | L10: =INDIRECT("ZS(-1)",0) + INDIRECT("ZS(-3)",0) -> 2.2295917e+09 | M10: =INDIRECT("ZS(-1)",0) / INDIRECT("Z6S(-1)",0) -> 1.461505 | N10: 2198443562 | O10: 8376558 | P10: =INDIRECT("ZS(-1)",0) * 'Correction factor'!$C$13 -> 11617138 | Q10: =INDIRECT("ZS(-1)",0) + INDIRECT("ZS(-3)",0) -> 2.2100607e+09 | R10: =INDIRECT("ZS(-1)",0) / INDIRECT("Z6S(-1)",0) -> 1.72054 | S10: 2160382176 | T10: 7413437 | U10: =INDIRECT("ZS(-1)",0) * 'Correction factor'!$C$13 -> 10281421 | V10: =INDIRECT("ZS(-1)",0) + INDIRECT("ZS(-3)",0) -> 2.1706636e+09 | W10: =INDIRECT("ZS(-1)",0) / INDIRECT("Z6S(-1)",0) -> 1.4818047 | X10: 2478190317 | Y10: 8914185 | Z10: =INDIRECT("ZS(-1)",0) * 'Correction factor'!$C$13 -> 12362753 | AA10: =INDIRECT("ZS(-1)",0) + INDIRECT("ZS(-3)",0) -> 2.4905531e+09 | AB10: =INDIRECT("ZS(-1)",0) / INDIRECT("Z6S(-1)",0) -> 1.7369848 | AC10: 3061325631 | AD10: 14126248 | AE10: =INDIRECT("ZS(-1)",0) * 'Correction factor'!$C$13 -> 19591170 | AF10: =INDIRECT("ZS(-1)",0) + INDIRECT("ZS(-3)",0) -> 3.0809168e+09 | AG10: =INDIRECT("ZS(-1)",0) / INDIRECT("Z6S(-1)",0) -> 1.9875429 | AH10: 847460801 | AI10: 9811430 | AJ10: =INDIRECT("ZS(-1)",0) * 'Correction factor'!$C$13 -> 13607109 | AK10: =INDIRECT("ZS(-1)",0) + INDIRECT("ZS(-3)",0) -> 8.6106791e+08 | AL10: =INDIRECT("ZS(-1)",0) / INDIRECT("Z6S(-1)",0) -> 0.48868707 | AM10: 1164776482 | AN10: 42264766 | AO10: =INDIRECT("ZS(-1)",0) * 'Correction factor'!$C$13 -> 58615439 | AP10: =INDIRECT("ZS(-1)",0) + INDIRECT("ZS(-3)",0) -> 1.2233919e+09 | AQ10: =INDIRECT("ZS(-1)",0) / INDIRECT("Z6S(-1)",0) -> 0.79448705 | AR10: 908477064 | AS10: 8109317 | AT10: =INDIRECT("ZS(-1)",0) * 'Correction factor'!$C$13 -> 11246511 | AU10: =INDIRECT("ZS(-1)",0) + INDIRECT("ZS(-3)",0) -> 9.1972358e+08 | AV10: =INDIRECT("ZS(-1)",0) / INDIRECT("Z6S(-1)",0) -> 0.65817852 | AW10: 1005128509 | AX10: 11457075 | AY10: =INDIRECT("ZS(-1)",0) * 'Correction factor'!$C$13 -> 15889393 | AZ10: =INDIRECT("ZS(-1)",0) + INDIRECT("ZS(-3)",0) -> 1.0210179e+09 | BA10: =INDIRECT("ZS(-1)",0) / INDIRECT("Z6S(-1)",0) -> 0.70148232 | BB10: 846358442 | BC10: 8822036 | BD10: =INDIRECT("ZS(-1)",0) * 'Correction factor'!$C$13 -> 12234955 | BE10: =INDIRECT("ZS(-1)",0) + INDIRECT("ZS(-3)",0) -> 8.585934e+08 | BF10: =INDIRECT("ZS(-1)",0) / INDIRECT("Z6S(-1)",0) -> 0.58278529 | BG10: 1410569353 | BH10: 9217230 | BI10: =INDIRECT("ZS(-1)",0) * 'Correction factor'!$C$13 -> 12783035 | BJ10: =INDIRECT("ZS(-1)",0) + INDIRECT("ZS(-3)",0) -> 1.4233524e+09 | BK10: =INDIRECT("ZS(-1)",0) / INDIRECT("Z6S(-1)",0) -> 0.86696037 | BL10: 52265004 | BM10: 448961715 | BN10: =INDIRECT("ZS(-1)",0) * 'Correction factor'!$C$13 -> 6.2264838e+08 | BO10: =INDIRECT("ZS(-1)",0) + INDIRECT("ZS(-3)",0) -> 6.7491338e+08 | BP10: =INDIRECT("ZS(-1)",0) / INDIRECT("Z6S(-1)",0) -> 3.2369043 | BQ10: 12978601 | BR10: 275382211 | BS10: =INDIRECT("ZS(-1)",0) * 'Correction factor'!$C$13 -> 3.8191739e+08 | BT10: =INDIRECT("ZS(-1)",0) + INDIRECT("ZS(-3)",0) -> 3.9489599e+08 | BU10: =INDIRECT("ZS(-1)",0) / INDIRECT("Z6S(-1)",0) -> 2.3183789 | BV10: 22144342 | BW10: 350521234 | BX10: =INDIRECT("ZS(-1)",0) * 'Correction factor'!$C$13 -> 4.8612492e+08 | BY10: =INDIRECT("ZS(-1)",0) + INDIRECT("ZS(-3)",0) -> 5.0826926e+08 | BZ10: =INDIRECT("ZS(-1)",0) / INDIRECT("Z6S(-1)",0) -> 3.2348916 | CA10: 16410804 | CB10: 381108289 | CC10: =INDIRECT("ZS(-1)",0) * 'Correction factor'!$C$13 -> 5.2854497e+08 | CD10: =INDIRECT("ZS(-1)",0) + INDIRECT("ZS(-3)",0) -> 5.4495578e+08 | CE10: =INDIRECT("ZS(-1)",0) / INDIRECT("Z6S(-1)",0) -> 3.0845867 | CF10: 22822882 | CG10: 11491106 | CH10: =INDIRECT("ZS(-1)",0) * 'Correction factor'!$C$13 -> 15936589 | CI10: =INDIRECT("ZS(-1)",0) + INDIRECT("ZS(-3)",0) -> 38759471 | CJ10: =INDIRECT("ZS(-1)",0) / INDIRECT("Z6S(-1)",0) -> 0.28156635 | CK10: 2362420 | CL10: 35274125 | CM10: =INDIRECT("ZS(-1)",0) * 'Correction factor'!$C$13 -> 48920378 | CN10: =INDIRECT("ZS(-1)",0) + INDIRECT("ZS(-3)",0) -> 51282798 | CO10: =INDIRECT("ZS(-1)",0) / INDIRECT("Z6S(-1)",0) -> 0.36631564 | CP10: 1301411033 | CQ10: 8778364 | CR10: =INDIRECT("ZS(-1)",0) * 'Correction factor'!$C$13 -> 12174388 | CS10: =INDIRECT("ZS(-1)",0) + INDIRECT("ZS(-3)",0) -> 1.3135854e+09 | CT10: =INDIRECT("ZS(-1)",0) / INDIRECT("Z6S(-1)",0) -> 0.89485356 | CU10: 1065589017 | CV10: 8797633 | CW10: =INDIRECT("ZS(-1)",0) * 'Correction factor'!$C$13 -> 12201111 | CX10: =INDIRECT("ZS(-1)",0) + INDIRECT("ZS(-3)",0) -> 1.0777901e+09 | CY10: =INDIRECT("ZS(-1)",0) / INDIRECT("Z6S(-1)",0) -> 0.82463552 | CZ10: 927923526 | DA10: 13659389 | DB10: =INDIRECT("ZS(-1)",0) * 'Correction factor'!$C$13 -> 18943701 | DC10: =INDIRECT("ZS(-1)",0) + INDIRECT("ZS(-3)",0) -> 9.4686723e+08 | DD10: =INDIRECT("ZS(-1)",0) / INDIRECT("Z6S(-1)",0) -> 0.62148868 | DE10: 994469580 | DF10: 24041169 | DG10: =INDIRECT("ZS(-1)",0) * 'Correction factor'!$C$13 -> 33341807 | DH10: =INDIRECT("ZS(-1)",0) + INDIRECT("ZS(-3)",0) -> 1.0278114e+09 | DI10: =INDIRECT("ZS(-1)",0) / INDIRECT("Z6S(-1)",0) -> 0.74838811 | DJ10: 810811955 | DK10: 12423507 | DL10: =INDIRECT("ZS(-1)",0) * 'Correction factor'!$C$13 -> 17229702 | DM10: =INDIRECT("ZS(-1)",0) + INDIRECT("ZS(-3)",0) -> 8.2804166e+08 | DN10: =INDIRECT("ZS(-1)",0) / INDIRECT("Z6S(-1)",0) -> 0.68250528 | DO10: 777608981 | DP10: 12307469 | DQ10: =INDIRECT("ZS(-1)",0) * 'Correction factor'!$C$13 -> 17068773 | DR10: =INDIRECT("ZS(-1)",0) + INDIRECT("ZS(-3)",0) -> 7.9467775e+08 | DS10: =INDIRECT("ZS(-1)",0) / INDIRECT("Z6S(-1)",0) -> 0.59870959 | DT10: 939076626 | DU10: 18257878 | DV10: =INDIRECT("ZS(-1)",0) * 'Correction factor'!$C$13 -> 25321175 | DW10: =INDIRECT("ZS(-1)",0) + INDIRECT("ZS(-3)",0) -> 9.643978e+08 | DX10: =INDIRECT("ZS(-1)",0) / INDIRECT("Z6S(-1)",0) -> 0.71015821 | DY10: 1163920300 | DZ10: 24322351 | EA10: =INDIRECT("ZS(-1)",0) * 'Correction factor'!$C$13 -> 33731768 | EB10: =INDIRECT("ZS(-1)",0) + INDIRECT("ZS(-3)",0) -> 1.1976521e+09 | EC10: =INDIRECT("ZS(-1)",0) / INDIRECT("Z6S(-1)",0) -> 0.84697971 | ED10: 1016516238 | EE10: 31830837 | EF10: =INDIRECT("ZS(-1)",0) * 'Correction factor'!$C$13 -> 44145009 | EG10: =INDIRECT("ZS(-1)",0) + INDIRECT("ZS(-3)",0) -> 1.0606612e+09 | EH10: =INDIRECT("ZS(-1)",0) / INDIRECT("Z6S(-1)",0) -> 0.81089288 | EI10: 863315403 | EJ10: 27310106 | EK10: =INDIRECT("ZS(-1)",0) * 'Correction factor'!$C$13 -> 37875375 | EL10: =INDIRECT("ZS(-1)",0) + INDIRECT("ZS(-3)",0) -> 9.0119078e+08 | EM10: =INDIRECT("ZS(-1)",0) / INDIRECT("Z6S(-1)",0) -> 0.68477304 | EN10: 1175111768 | EO10: 12054985 | EP10: =INDIRECT("ZS(-1)",0) * 'Correction factor'!$C$13 -> 16718612 | EQ10: =INDIRECT("ZS(-1)",0) + INDIRECT("ZS(-3)",0) -> 1.1918304e+09 | ER10: =INDIRECT("ZS(-1)",0) / INDIRECT("Z6S(-1)",0) -> 0.81034565 | ES10: 1136669121 | ET10: 9177519 | EU10: =INDIRECT("ZS(-1)",0) * 'Correction factor'!$C$13 -> 12727961 | EV10: =INDIRECT("ZS(-1)",0) + INDIRECT("ZS(-3)",0) -> 1.1493971e+09 | EW10: =INDIRECT("ZS(-1)",0) / INDIRECT("Z6S(-1)",0) -> 0.78568483 | EX10: 1080193217 | EY10: 8566235 | EZ10: =INDIRECT("ZS(-1)",0) * 'Correction factor'!$C$13 -> 11880194 | FA10: =INDIRECT("ZS(-1)",0) + INDIRECT("ZS(-3)",0) -> 1.0920734e+09 | FB10: =INDIRECT("ZS(-1)",0) / INDIRECT("Z6S(-1)",0) -> 0.77861529 | FC10: 889450199 | FD10: 16173570 | FE10: =INDIRECT("ZS(-1)",0) * 'Correction factor'!$C$13 -> 22430525 | FF10: =INDIRECT("ZS(-1)",0) + INDIRECT("ZS(-3)",0) -> 9.1188072e+08 | FG10: =INDIRECT("ZS(-1)",0) / INDIRECT("Z6S(-1)",0) -> 0.70373904 | FH10: 1491272047 | FI10: 15805661 | FJ10: =INDIRECT("ZS(-1)",0) * 'Correction factor'!$C$13 -> 21920286 | FK10: =INDIRECT("ZS(-1)",0) + INDIRECT("ZS(-3)",0) -> 1.5131923e+09 | FL10: =INDIRECT("ZS(-1)",0) / INDIRECT("Z6S(-1)",0) -> 0.85245543 | FM10: 1174919108 | FN10: 8578916 | FO10: =INDIRECT("ZS(-1)",0) * 'Correction factor'!$C$13 -> 11897781 | FP10: =INDIRECT("ZS(-1)",0) + INDIRECT("ZS(-3)",0) -> 1.1868169e+09 | FQ10: =INDIRECT("ZS(-1)",0) / INDIRECT("Z6S(-1)",0) -> 0.83873735 | FR10: 1126621381 | FS10: 9783581 | FT10: =INDIRECT("ZS(-1)",0) * 'Correction factor'!$C$13 -> 13568486 | FU10: =INDIRECT("ZS(-1)",0) + INDIRECT("ZS(-3)",0) -> 1.1401899e+09 | FV10: =INDIRECT("ZS(-1)",0) / INDIRECT("Z6S(-1)",0) -> 0.79540175 | FW10: 889095089 | FX10: 37271653 | FY10: =INDIRECT("ZS(-1)",0) * 'Correction factor'!$C$13 -> 51690675 | FZ10: =INDIRECT("ZS(-1)",0) + INDIRECT("ZS(-3)",0) -> 9.4078576e+08 | GA10: =INDIRECT("ZS(-1)",0) / INDIRECT("Z6S(-1)",0) -> 0.7549798 | GB10: 977356063 | GC10: 8581801 | GD10: =INDIRECT("ZS(-1)",0) * 'Correction factor'!$C$13 -> 11901782 | GE10: =INDIRECT("ZS(-1)",0) + INDIRECT("ZS(-3)",0) -> 9.8925784e+08 | GF10: =INDIRECT("ZS(-1)",0) / INDIRECT("Z6S(-1)",0) -> 0.68985428 | GG10: 817461680 | GH10: 10138432 | GI10: =INDIRECT("ZS(-1)",0) * 'Correction factor'!$C$13 -> 14060616 | GJ10: =INDIRECT("ZS(-1)",0) + INDIRECT("ZS(-3)",0) -> 8.315223e+08 | GK10: =INDIRECT("ZS(-1)",0) / INDIRECT("Z6S(-1)",0) -> 0.57981692 | GL10: 960536722 | GM10: 10078566 | GN10: =INDIRECT("ZS(-1)",0) * 'Correction factor'!$C$13 -> 13977590 | GO10: =INDIRECT("ZS(-1)",0) + INDIRECT("ZS(-3)",0) -> 9.7451431e+08 | GP10: =INDIRECT("ZS(-1)",0) / INDIRECT("Z6S(-1)",0) -> 0.67227056 | GQ10: 507958134 | GR10: 8308762 | GS10: =INDIRECT("ZS(-1)",0) * 'Correction factor'!$C$13 -> 11523114 | GT10: =INDIRECT("ZS(-1)",0) + INDIRECT("ZS(-3)",0) -> 5.1948125e+08 | GU10: =INDIRECT("ZS(-1)",0) / INDIRECT("Z6S(-1)",0) -> 0.53864181 | GV10: 902852226 | GW10: 10903971 | GX10: =INDIRECT("ZS(-1)",0) * 'Correction factor'!$C$13 -> 15122314 | GY10: =INDIRECT("ZS(-1)",0) + INDIRECT("ZS(-3)",0) -> 9.1797454e+08 | GZ10: =INDIRECT("ZS(-1)",0) / INDIRECT("Z6S(-1)",0) -> 0.65167602 | HA10: 821565213 | HB10: 13784166 | HC10: =INDIRECT("ZS(-1)",0) * 'Correction factor'!$C$13 -> 19116749 | HD10: =INDIRECT("ZS(-1)",0) + INDIRECT("ZS(-3)",0) -> 8.4068196e+08 | HE10: =INDIRECT("ZS(-1)",0) / INDIRECT("Z6S(-1)",0) -> 0.61569572 | HF10: 980640579 | HG10: 31998929 | HH10: =INDIRECT("ZS(-1)",0) * 'Correction factor'!$C$13 -> 44378130 | HI10: =INDIRECT("ZS(-1)",0) + INDIRECT("ZS(-3)",0) -> 1.0250187e+09 | HJ10: =INDIRECT("ZS(-1)",0) / INDIRECT("Z6S(-1)",0) -> 0.75505947 | HK10: 761439061 | HL10: 40478054 | HM10: =INDIRECT("ZS(-1)",0) * 'Correction factor'!$C$13 -> 56137514 | HN10: =INDIRECT("ZS(-1)",0) + INDIRECT("ZS(-3)",0) -> 8.1757657e+08 | HO10: =INDIRECT("ZS(-1)",0) / INDIRECT("Z6S(-1)",0) -> 0.60864021 | HP10: 1002016241 | HQ10: 8128968 | HR10: =INDIRECT("ZS(-1)",0) * 'Correction factor'!$C$13 -> 11273765 | HS10: =INDIRECT("ZS(-1)",0) + INDIRECT("ZS(-3)",0) -> 1.01329e+09 | HT10: =INDIRECT("ZS(-1)",0) / INDIRECT("Z6S(-1)",0) -> 0.65690827 | HU10: 923674056 | HV10: 10612998 | HW10: =INDIRECT("ZS(-1)",0) * 'Correction factor'!$C$13 -> 14718774 | HX10: =INDIRECT("ZS(-1)",0) + INDIRECT("ZS(-3)",0) -> 9.3839283e+08 | HY10: =INDIRECT("ZS(-1)",0) / INDIRECT("Z6S(-1)",0) -> 0.73635991 | HZ10: 831283027 | IA10: 25070450 | IB10: =INDIRECT("ZS(-1)",0) * 'Correction factor'!$C$13 -> 34769279 | IC10: =INDIRECT("ZS(-1)",0) + INDIRECT("ZS(-3)",0) -> 8.6605231e+08 | ID10: =INDIRECT("ZS(-1)",0) / INDIRECT("Z6S(-1)",0) -> 0.67156538 | IE10: 1017926322 | IF10: 8548807 | IG10: =INDIRECT("ZS(-1)",0) * 'Correction factor'!$C$13 -> 11856024 | IH10: =INDIRECT("ZS(-1)",0) + INDIRECT("ZS(-3)",0) -> 1.0297823e+09 | II10: =INDIRECT("ZS(-1)",0) / INDIRECT("Z6S(-1)",0) -> 0.78800147
A11: 7 | B11: 45498 | C11: Thursday | D11: 2927706026 | E11: 9222411 | F11: =INDIRECT("ZS(-1)",0) * 'Correction factor'!$C$13 -> 12790220 | G11: =INDIRECT("ZS(-1)",0) + INDIRECT("ZS(-3)",0) -> 2.9404962e+09 | H11: =INDIRECT("ZS(-1)",0) / INDIRECT("Z6S(-1)",0) -> 2.1267061 | I11: 2435317287 | J11: 11131293 | K11: =INDIRECT("ZS(-1)",0) * 'Correction factor'!$C$13 -> 15437578 | L11: =INDIRECT("ZS(-1)",0) + INDIRECT("ZS(-3)",0) -> 2.4507549e+09 | M11: =INDIRECT("ZS(-1)",0) / INDIRECT("Z6S(-1)",0) -> 1.6064783 | N11: 2458278727 | O11: 8142009 | P11: =INDIRECT("ZS(-1)",0) * 'Correction factor'!$C$13 -> 11291851 | Q11: =INDIRECT("ZS(-1)",0) + INDIRECT("ZS(-3)",0) -> 2.4695706e+09 | R11: =INDIRECT("ZS(-1)",0) / INDIRECT("Z6S(-1)",0) -> 1.9225694 | S11: 2385538481 | T11: 6677433 | U11: =INDIRECT("ZS(-1)",0) * 'Correction factor'!$C$13 -> 9260684.5 | V11: =INDIRECT("ZS(-1)",0) + INDIRECT("ZS(-3)",0) -> 2.3947992e+09 | W11: =INDIRECT("ZS(-1)",0) / INDIRECT("Z6S(-1)",0) -> 1.634811 | X11: 2771496073 | Y11: 8609637 | Z11: =INDIRECT("ZS(-1)",0) * 'Correction factor'!$C$13 -> 11940387 | AA11: =INDIRECT("ZS(-1)",0) + INDIRECT("ZS(-3)",0) -> 2.7834365e+09 | AB11: =INDIRECT("ZS(-1)",0) / INDIRECT("Z6S(-1)",0) -> 1.9412503 | AC11: 3448369156 | AD11: 13641328 | AE11: =INDIRECT("ZS(-1)",0) * 'Correction factor'!$C$13 -> 18918653 | AF11: =INDIRECT("ZS(-1)",0) + INDIRECT("ZS(-3)",0) -> 3.4672878e+09 | AG11: =INDIRECT("ZS(-1)",0) / INDIRECT("Z6S(-1)",0) -> 2.2367963 | AH11: 638395449 | AI11: 8010784 | AJ11: =INDIRECT("ZS(-1)",0) * 'Correction factor'!$C$13 -> 11109860 | AK11: =INDIRECT("ZS(-1)",0) + INDIRECT("ZS(-3)",0) -> 6.4950531e+08 | AL11: =INDIRECT("ZS(-1)",0) / INDIRECT("Z6S(-1)",0) -> 0.36861767 | AM11: 1208344024 | AN11: 69659764 | AO11: =INDIRECT("ZS(-1)",0) * 'Correction factor'!$C$13 -> 96608547 | AP11: =INDIRECT("ZS(-1)",0) + INDIRECT("ZS(-3)",0) -> 1.3049526e+09 | AQ11: =INDIRECT("ZS(-1)",0) / INDIRECT("Z6S(-1)",0) -> 0.84745363 | AR11: 852758703 | AS11: 6975036 | AT11: =INDIRECT("ZS(-1)",0) * 'Correction factor'!$C$13 -> 9673419.1 | AU11: =INDIRECT("ZS(-1)",0) + INDIRECT("ZS(-3)",0) -> 8.6243212e+08 | AV11: =INDIRECT("ZS(-1)",0) / INDIRECT("Z6S(-1)",0) -> 0.61717924 | AW11: 967057006 | AX11: 9835476 | AY11: =INDIRECT("ZS(-1)",0) * 'Correction factor'!$C$13 -> 13640457 | AZ11: =INDIRECT("ZS(-1)",0) + INDIRECT("ZS(-3)",0) -> 9.8069746e+08 | BA11: =INDIRECT("ZS(-1)",0) / INDIRECT("Z6S(-1)",0) -> 0.67378048 | BB11: 838822792 | BC11: 8011517 | BD11: =INDIRECT("ZS(-1)",0) * 'Correction factor'!$C$13 -> 11110876 | BE11: =INDIRECT("ZS(-1)",0) + INDIRECT("ZS(-3)",0) -> 8.4993367e+08 | BF11: =INDIRECT("ZS(-1)",0) / INDIRECT("Z6S(-1)",0) -> 0.57690734 | BG11: 1436612761 | BH11: 8599576 | BI11: =INDIRECT("ZS(-1)",0) * 'Correction factor'!$C$13 -> 11926433 | BJ11: =INDIRECT("ZS(-1)",0) + INDIRECT("ZS(-3)",0) -> 1.4485392e+09 | BK11: =INDIRECT("ZS(-1)",0) / INDIRECT("Z6S(-1)",0) -> 0.88230159 | BL11: 69475213 | BM11: 648495614 | BN11: =INDIRECT("ZS(-1)",0) * 'Correction factor'!$C$13 -> 8.9937455e+08 | BO11: =INDIRECT("ZS(-1)",0) + INDIRECT("ZS(-3)",0) -> 9.6884976e+08 | BP11: =INDIRECT("ZS(-1)",0) / INDIRECT("Z6S(-1)",0) -> 4.6466318 | BQ11: 18285221 | BR11: 363859452 | BS11: =INDIRECT("ZS(-1)",0) * 'Correction factor'!$C$13 -> 5.046232e+08 | BT11: =INDIRECT("ZS(-1)",0) + INDIRECT("ZS(-3)",0) -> 5.2290842e+08 | BU11: =INDIRECT("ZS(-1)",0) / INDIRECT("Z6S(-1)",0) -> 3.0699219 | BV11: 29397560 | BW11: 500123501 | BX11: =INDIRECT("ZS(-1)",0) * 'Correction factor'!$C$13 -> 6.9360276e+08 | BY11: =INDIRECT("ZS(-1)",0) + INDIRECT("ZS(-3)",0) -> 7.2300032e+08 | BZ11: =INDIRECT("ZS(-1)",0) / INDIRECT("Z6S(-1)",0) -> 4.6015525 | CA11: 25230381 | CB11: 543187621 | CC11: =INDIRECT("ZS(-1)",0) * 'Correction factor'!$C$13 -> 7.5332679e+08 | CD11: =INDIRECT("ZS(-1)",0) + INDIRECT("ZS(-3)",0) -> 7.7855718e+08 | CE11: =INDIRECT("ZS(-1)",0) / INDIRECT("Z6S(-1)",0) -> 4.4068293 | CF11: 23455050 | CG11: 10688326 | CH11: =INDIRECT("ZS(-1)",0) * 'Correction factor'!$C$13 -> 14823243 | CI11: =INDIRECT("ZS(-1)",0) + INDIRECT("ZS(-3)",0) -> 38278293 | CJ11: =INDIRECT("ZS(-1)",0) / INDIRECT("Z6S(-1)",0) -> 0.27807085 | CK11: 2457922 | CL11: 50312570 | CM11: =INDIRECT("ZS(-1)",0) * 'Correction factor'!$C$13 -> 69776640 | CN11: =INDIRECT("ZS(-1)",0) + INDIRECT("ZS(-3)",0) -> 72234562 | CO11: =INDIRECT("ZS(-1)",0) / INDIRECT("Z6S(-1)",0) -> 0.51597516 | CP11: 1708152361 | CQ11: 8749045 | CR11: =INDIRECT("ZS(-1)",0) * 'Correction factor'!$C$13 -> 12133726 | CS11: =INDIRECT("ZS(-1)",0) + INDIRECT("ZS(-3)",0) -> 1.7202861e+09 | CT11: =INDIRECT("ZS(-1)",0) / INDIRECT("Z6S(-1)",0) -> 1.1719102 | CU11: 1415166486 | CV11: 8591135 | CW11: =INDIRECT("ZS(-1)",0) * 'Correction factor'!$C$13 -> 11914727 | CX11: =INDIRECT("ZS(-1)",0) + INDIRECT("ZS(-3)",0) -> 1.4270812e+09 | CY11: =INDIRECT("ZS(-1)",0) / INDIRECT("Z6S(-1)",0) -> 1.0918841 | CZ11: 1015829347 | DA11: 17363817 | DB11: =INDIRECT("ZS(-1)",0) * 'Correction factor'!$C$13 -> 24081235 | DC11: =INDIRECT("ZS(-1)",0) + INDIRECT("ZS(-3)",0) -> 1.0399106e+09 | DD11: =INDIRECT("ZS(-1)",0) / INDIRECT("Z6S(-1)",0) -> 0.6825589 | DE11: 1233605683 | DF11: 31491690 | DG11: =INDIRECT("ZS(-1)",0) * 'Correction factor'!$C$13 -> 43674659 | DH11: =INDIRECT("ZS(-1)",0) + INDIRECT("ZS(-3)",0) -> 1.2772803e+09 | DI11: =INDIRECT("ZS(-1)",0) / INDIRECT("Z6S(-1)",0) -> 0.93003583 | DJ11: 966132491 | DK11: 12393119 | DL11: =INDIRECT("ZS(-1)",0) * 'Correction factor'!$C$13 -> 17187558 | DM11: =INDIRECT("ZS(-1)",0) + INDIRECT("ZS(-3)",0) -> 9.8332005e+08 | DN11: =INDIRECT("ZS(-1)",0) / INDIRECT("Z6S(-1)",0) -> 0.81049198 | DO11: 947548759 | DP11: 13587822 | DQ11: =INDIRECT("ZS(-1)",0) * 'Correction factor'!$C$13 -> 18844447 | DR11: =INDIRECT("ZS(-1)",0) + INDIRECT("ZS(-3)",0) -> 9.6639321e+08 | DS11: =INDIRECT("ZS(-1)",0) / INDIRECT("Z6S(-1)",0) -> 0.72807988 | DT11: 1132979781 | DU11: 26897256 | DV11: =INDIRECT("ZS(-1)",0) * 'Correction factor'!$C$13 -> 37302808 | DW11: =INDIRECT("ZS(-1)",0) + INDIRECT("ZS(-3)",0) -> 1.1702826e+09 | DX11: =INDIRECT("ZS(-1)",0) / INDIRECT("Z6S(-1)",0) -> 0.86176657 | DY11: 1458970963 | DZ11: 36479519 | EA11: =INDIRECT("ZS(-1)",0) * 'Correction factor'!$C$13 -> 50592094 | EB11: =INDIRECT("ZS(-1)",0) + INDIRECT("ZS(-3)",0) -> 1.5095631e+09 | EC11: =INDIRECT("ZS(-1)",0) / INDIRECT("Z6S(-1)",0) -> 1.0675632 | ED11: 1326629722 | EE11: 46815004 | EF11: =INDIRECT("ZS(-1)",0) * 'Correction factor'!$C$13 -> 64925995 | EG11: =INDIRECT("ZS(-1)",0) + INDIRECT("ZS(-3)",0) -> 1.3915557e+09 | EH11: =INDIRECT("ZS(-1)",0) / INDIRECT("Z6S(-1)",0) -> 1.0638671 | EI11: 1015502308 | EJ11: 37857363 | EK11: =INDIRECT("ZS(-1)",0) * 'Correction factor'!$C$13 -> 52502975 | EL11: =INDIRECT("ZS(-1)",0) + INDIRECT("ZS(-3)",0) -> 1.0680053e+09 | EM11: =INDIRECT("ZS(-1)",0) / INDIRECT("Z6S(-1)",0) -> 0.81152764 | EN11: 1534226588 | EO11: 11852028 | EP11: =INDIRECT("ZS(-1)",0) * 'Correction factor'!$C$13 -> 16437139 | EQ11: =INDIRECT("ZS(-1)",0) + INDIRECT("ZS(-3)",0) -> 1.5506637e+09 | ER11: =INDIRECT("ZS(-1)",0) / INDIRECT("Z6S(-1)",0) -> 1.0543225 | ES11: 1426341844 | ET11: 9102192 | EU11: =INDIRECT("ZS(-1)",0) * 'Correction factor'!$C$13 -> 12623493 | EV11: =INDIRECT("ZS(-1)",0) + INDIRECT("ZS(-3)",0) -> 1.4389653e+09 | EW11: =INDIRECT("ZS(-1)",0) / INDIRECT("Z6S(-1)",0) -> 0.98362285 | EX11: 1135028438 | EY11: 7433868 | EZ11: =INDIRECT("ZS(-1)",0) * 'Correction factor'!$C$13 -> 10309756 | FA11: =INDIRECT("ZS(-1)",0) + INDIRECT("ZS(-3)",0) -> 1.1453382e+09 | FB11: =INDIRECT("ZS(-1)",0) / INDIRECT("Z6S(-1)",0) -> 0.81659147 | FC11: 1103100625 | FD11: 20461900 | FE11: =INDIRECT("ZS(-1)",0) * 'Correction factor'!$C$13 -> 28377851 | FF11: =INDIRECT("ZS(-1)",0) + INDIRECT("ZS(-3)",0) -> 1.1314785e+09 | FG11: =INDIRECT("ZS(-1)",0) / INDIRECT("Z6S(-1)",0) -> 0.87321242 | FH11: 1902853495 | FI11: 18292315 | FJ11: =INDIRECT("ZS(-1)",0) * 'Correction factor'!$C$13 -> 25368934 | FK11: =INDIRECT("ZS(-1)",0) + INDIRECT("ZS(-3)",0) -> 1.9282224e+09 | FL11: =INDIRECT("ZS(-1)",0) / INDIRECT("Z6S(-1)",0) -> 1.0862622 | FM11: 1495684187 | FN11: 7901407 | FO11: =INDIRECT("ZS(-1)",0) * 'Correction factor'!$C$13 -> 10958169 | FP11: =INDIRECT("ZS(-1)",0) + INDIRECT("ZS(-3)",0) -> 1.5066424e+09 | FQ11: =INDIRECT("ZS(-1)",0) / INDIRECT("Z6S(-1)",0) -> 1.0647617 | FR11: 1462794360 | FS11: 9656360 | FT11: =INDIRECT("ZS(-1)",0) * 'Correction factor'!$C$13 -> 13392048 | FU11: =INDIRECT("ZS(-1)",0) + INDIRECT("ZS(-3)",0) -> 1.4761864e+09 | FV11: =INDIRECT("ZS(-1)",0) / INDIRECT("Z6S(-1)",0) -> 1.0297945 | FW11: 1133338763 | FX11: 59683149 | FY11: =INDIRECT("ZS(-1)",0) * 'Correction factor'!$C$13 -> 82772349 | FZ11: =INDIRECT("ZS(-1)",0) + INDIRECT("ZS(-3)",0) -> 1.2161111e+09 | GA11: =INDIRECT("ZS(-1)",0) / INDIRECT("Z6S(-1)",0) -> 0.97592816 | GB11: 1181565562 | GC11: 8026924 | GD11: =INDIRECT("ZS(-1)",0) * 'Correction factor'!$C$13 -> 11132244 | GE11: =INDIRECT("ZS(-1)",0) + INDIRECT("ZS(-3)",0) -> 1.1926978e+09 | GF11: =INDIRECT("ZS(-1)",0) / INDIRECT("Z6S(-1)",0) -> 0.83172217 | GG11: 968062395 | GH11: 9490670 | GI11: =INDIRECT("ZS(-1)",0) * 'Correction factor'!$C$13 -> 13162259 | GJ11: =INDIRECT("ZS(-1)",0) + INDIRECT("ZS(-3)",0) -> 9.8122465e+08 | GK11: =INDIRECT("ZS(-1)",0) / INDIRECT("Z6S(-1)",0) -> 0.68420373 | GL11: 986326239 | GM11: 10339295 | GN11: =INDIRECT("ZS(-1)",0) * 'Correction factor'!$C$13 -> 14339185 | GO11: =INDIRECT("ZS(-1)",0) + INDIRECT("ZS(-3)",0) -> 1.0006654e+09 | GP11: =INDIRECT("ZS(-1)",0) / INDIRECT("Z6S(-1)",0) -> 0.69031095 | GQ11: 460738942 | GR11: 7603328 | GS11: =INDIRECT("ZS(-1)",0) * 'Correction factor'!$C$13 -> 10544774 | GT11: =INDIRECT("ZS(-1)",0) + INDIRECT("ZS(-3)",0) -> 4.7128372e+08 | GU11: =INDIRECT("ZS(-1)",0) / INDIRECT("Z6S(-1)",0) -> 0.48866656 | GV11: 870228737 | GW11: 11326650 | GX11: =INDIRECT("ZS(-1)",0) * 'Correction factor'!$C$13 -> 15708511 | GY11: =INDIRECT("ZS(-1)",0) + INDIRECT("ZS(-3)",0) -> 8.8593725e+08 | GZ11: =INDIRECT("ZS(-1)",0) / INDIRECT("Z6S(-1)",0) -> 0.62893254 | HA11: 785750634 | HB11: 16349681 | HC11: =INDIRECT("ZS(-1)",0) * 'Correction factor'!$C$13 -> 22674767 | HD11: =INDIRECT("ZS(-1)",0) + INDIRECT("ZS(-3)",0) -> 8.084254e+08 | HE11: =INDIRECT("ZS(-1)",0) / INDIRECT("Z6S(-1)",0) -> 0.59207177 | HF11: 962410784 | HG11: 55412787 | HH11: =INDIRECT("ZS(-1)",0) * 'Correction factor'!$C$13 -> 76849942 | HI11: =INDIRECT("ZS(-1)",0) + INDIRECT("ZS(-3)",0) -> 1.0392607e+09 | HJ11: =INDIRECT("ZS(-1)",0) / INDIRECT("Z6S(-1)",0) -> 0.76555056 | HK11: 707879368 | HL11: 70009653 | HM11: =INDIRECT("ZS(-1)",0) * 'Correction factor'!$C$13 -> 97093795 | HN11: =INDIRECT("ZS(-1)",0) + INDIRECT("ZS(-3)",0) -> 8.0497316e+08 | HO11: =INDIRECT("ZS(-1)",0) / INDIRECT("Z6S(-1)",0) -> 0.59925768 | HP11: 992663873 | HQ11: 7474613 | HR11: =INDIRECT("ZS(-1)",0) * 'Correction factor'!$C$13 -> 10366264 | HS11: =INDIRECT("ZS(-1)",0) + INDIRECT("ZS(-3)",0) -> 1.0030301e+09 | HT11: =INDIRECT("ZS(-1)",0) / INDIRECT("Z6S(-1)",0) -> 0.65025687 | HU11: 943797945 | HV11: 10839172 | HW11: =INDIRECT("ZS(-1)",0) * 'Correction factor'!$C$13 -> 15032446 | HX11: =INDIRECT("ZS(-1)",0) + INDIRECT("ZS(-3)",0) -> 9.5883039e+08 | HY11: =INDIRECT("ZS(-1)",0) / INDIRECT("Z6S(-1)",0) -> 0.75239733 | HZ11: 852043405 | IA11: 34872300 | IB11: =INDIRECT("ZS(-1)",0) * 'Correction factor'!$C$13 -> 48363101 | IC11: =INDIRECT("ZS(-1)",0) + INDIRECT("ZS(-3)",0) -> 9.0040651e+08 | ID11: =INDIRECT("ZS(-1)",0) / INDIRECT("Z6S(-1)",0) -> 0.69820476 | IE11: 1052590108 | IF11: 7705783 | IG11: =INDIRECT("ZS(-1)",0) * 'Correction factor'!$C$13 -> 10686865 | IH11: =INDIRECT("ZS(-1)",0) + INDIRECT("ZS(-3)",0) -> 1.063277e+09 | II11: =INDIRECT("ZS(-1)",0) / INDIRECT("Z6S(-1)",0) -> 0.81363195
A12: 8 | B12: 45499 | C12: Friday | D12: 3192279349 | E12: 9447949 | F12: =INDIRECT("ZS(-1)",0) * 'Correction factor'!$C$13 -> 13103011 | G12: =INDIRECT("ZS(-1)",0) + INDIRECT("ZS(-3)",0) -> 3.2053824e+09 | H12: =INDIRECT("ZS(-1)",0) / INDIRECT("Z6S(-1)",0) -> 2.3182843 | I12: 2687596079 | J12: 11389460 | K12: =INDIRECT("ZS(-1)",0) * 'Correction factor'!$C$13 -> 15795620 | L12: =INDIRECT("ZS(-1)",0) + INDIRECT("ZS(-3)",0) -> 2.7033917e+09 | M12: =INDIRECT("ZS(-1)",0) / INDIRECT("Z6S(-1)",0) -> 1.7720826 | N12: 2625309189 | O12: 8916758 | P12: =INDIRECT("ZS(-1)",0) * 'Correction factor'!$C$13 -> 12366321 | Q12: =INDIRECT("ZS(-1)",0) + INDIRECT("ZS(-3)",0) -> 2.6376755e+09 | R12: =INDIRECT("ZS(-1)",0) / INDIRECT("Z6S(-1)",0) -> 2.0534397 | S12: 2527389794 | T12: 6849587 | U12: =INDIRECT("ZS(-1)",0) * 'Correction factor'!$C$13 -> 9499438.5 | V12: =INDIRECT("ZS(-1)",0) + INDIRECT("ZS(-3)",0) -> 2.5368892e+09 | W12: =INDIRECT("ZS(-1)",0) / INDIRECT("Z6S(-1)",0) -> 1.7318088 | X12: 2947574243 | Y12: 8632660 | Z12: =INDIRECT("ZS(-1)",0) * 'Correction factor'!$C$13 -> 11972316 | AA12: =INDIRECT("ZS(-1)",0) + INDIRECT("ZS(-3)",0) -> 2.9595466e+09 | AB12: =INDIRECT("ZS(-1)",0) / INDIRECT("Z6S(-1)",0) -> 2.0640746 | AC12: 3559155801 | AD12: 14760327 | AE12: =INDIRECT("ZS(-1)",0) * 'Correction factor'!$C$13 -> 20470551 | AF12: =INDIRECT("ZS(-1)",0) + INDIRECT("ZS(-3)",0) -> 3.5796264e+09 | AG12: =INDIRECT("ZS(-1)",0) / INDIRECT("Z6S(-1)",0) -> 2.3092675 | AH12: 616611747 | AI12: 8276320 | AJ12: =INDIRECT("ZS(-1)",0) * 'Correction factor'!$C$13 -> 11478122 | AK12: =INDIRECT("ZS(-1)",0) + INDIRECT("ZS(-3)",0) -> 6.2808987e+08 | AL12: =INDIRECT("ZS(-1)",0) / INDIRECT("Z6S(-1)",0) -> 0.35646364 | AM12: 1223345436 | AN12: 120927918 | AO12: =INDIRECT("ZS(-1)",0) * 'Correction factor'!$C$13 -> 1.6771045e+08 | AP12: =INDIRECT("ZS(-1)",0) + INDIRECT("ZS(-3)",0) -> 1.3910559e+09 | AQ12: =INDIRECT("ZS(-1)",0) / INDIRECT("Z6S(-1)",0) -> 0.90337027 | AR12: 782694280 | AS12: 7601709 | AT12: =INDIRECT("ZS(-1)",0) * 'Correction factor'!$C$13 -> 10542529 | AU12: =INDIRECT("ZS(-1)",0) + INDIRECT("ZS(-3)",0) -> 7.9323681e+08 | AV12: =INDIRECT("ZS(-1)",0) / INDIRECT("Z6S(-1)",0) -> 0.56766124 | AW12: 922519336 | AX12: 11733228 | AY12: =INDIRECT("ZS(-1)",0) * 'Correction factor'!$C$13 -> 16272379 | AZ12: =INDIRECT("ZS(-1)",0) + INDIRECT("ZS(-3)",0) -> 9.3879172e+08 | BA12: =INDIRECT("ZS(-1)",0) / INDIRECT("Z6S(-1)",0) -> 0.64498947 | BB12: 813508406 | BC12: 9033651 | BD12: =INDIRECT("ZS(-1)",0) * 'Correction factor'!$C$13 -> 12528436 | BE12: =INDIRECT("ZS(-1)",0) + INDIRECT("ZS(-3)",0) -> 8.2603684e+08 | BF12: =INDIRECT("ZS(-1)",0) / INDIRECT("Z6S(-1)",0) -> 0.56068696 | BG12: 1401891587 | BH12: 9245436 | BI12: =INDIRECT("ZS(-1)",0) * 'Correction factor'!$C$13 -> 12822153 | BJ12: =INDIRECT("ZS(-1)",0) + INDIRECT("ZS(-3)",0) -> 1.4147137e+09 | BK12: =INDIRECT("ZS(-1)",0) / INDIRECT("Z6S(-1)",0) -> 0.86169859 | BL12: 91588071 | BM12: 969287011 | BN12: =INDIRECT("ZS(-1)",0) * 'Correction factor'!$C$13 -> 1.3442683e+09 | BO12: =INDIRECT("ZS(-1)",0) + INDIRECT("ZS(-3)",0) -> 1.4358563e+09 | BP12: =INDIRECT("ZS(-1)",0) / INDIRECT("Z6S(-1)",0) -> 6.886409 | BQ12: 25710728 | BR12: 529857995 | BS12: =INDIRECT("ZS(-1)",0) * 'Correction factor'!$C$13 -> 7.3484043e+08 | BT12: =INDIRECT("ZS(-1)",0) + INDIRECT("ZS(-3)",0) -> 7.6055116e+08 | BU12: =INDIRECT("ZS(-1)",0) / INDIRECT("Z6S(-1)",0) -> 4.465089 | BV12: 53203804 | BW12: 764419863 | BX12: =INDIRECT("ZS(-1)",0) * 'Correction factor'!$C$13 -> 1.0601456e+09 | BY12: =INDIRECT("ZS(-1)",0) + INDIRECT("ZS(-3)",0) -> 1.1133494e+09 | BZ12: =INDIRECT("ZS(-1)",0) / INDIRECT("Z6S(-1)",0) -> 7.0859384 | CA12: 48093677 | CB12: 818317590 | CC12: =INDIRECT("ZS(-1)",0) * 'Correction factor'!$C$13 -> 1.1348944e+09 | CD12: =INDIRECT("ZS(-1)",0) + INDIRECT("ZS(-3)",0) -> 1.182988e+09 | CE12: =INDIRECT("ZS(-1)",0) / INDIRECT("Z6S(-1)",0) -> 6.6960097 | CF12: 27352509 | CG12: 11570060 | CH12: =INDIRECT("ZS(-1)",0) * 'Correction factor'!$C$13 -> 16046088 | CI12: =INDIRECT("ZS(-1)",0) + INDIRECT("ZS(-3)",0) -> 43398597 | CJ12: =INDIRECT("ZS(-1)",0) / INDIRECT("Z6S(-1)",0) -> 0.31526705 | CK12: 10666293 | CL12: 77076393 | CM12: =INDIRECT("ZS(-1)",0) * 'Correction factor'!$C$13 -> 1.0689439e+08 | CN12: =INDIRECT("ZS(-1)",0) + INDIRECT("ZS(-3)",0) -> 1.1756069e+08 | CO12: =INDIRECT("ZS(-1)",0) / INDIRECT("Z6S(-1)",0) -> 0.83974198 | CP12: 2278592079 | CQ12: 8826594 | CR12: =INDIRECT("ZS(-1)",0) * 'Correction factor'!$C$13 -> 12241276 | CS12: =INDIRECT("ZS(-1)",0) + INDIRECT("ZS(-3)",0) -> 2.2908334e+09 | CT12: =INDIRECT("ZS(-1)",0) / INDIRECT("Z6S(-1)",0) -> 1.560584 | CU12: 1967861614 | CV12: 8671136 | CW12: =INDIRECT("ZS(-1)",0) * 'Correction factor'!$C$13 -> 12025677 | CX12: =INDIRECT("ZS(-1)",0) + INDIRECT("ZS(-3)",0) -> 1.9798873e+09 | CY12: =INDIRECT("ZS(-1)",0) / INDIRECT("Z6S(-1)",0) -> 1.5148454 | CZ12: 1221363332 | DA12: 27377067 | DB12: =INDIRECT("ZS(-1)",0) * 'Correction factor'!$C$13 -> 37968240 | DC12: =INDIRECT("ZS(-1)",0) + INDIRECT("ZS(-3)",0) -> 1.2593316e+09 | DD12: =INDIRECT("ZS(-1)",0) / INDIRECT("Z6S(-1)",0) -> 0.82657874 | DE12: 1654278860 | DF12: 45578557 | DG12: =INDIRECT("ZS(-1)",0) * 'Correction factor'!$C$13 -> 63211213 | DH12: =INDIRECT("ZS(-1)",0) + INDIRECT("ZS(-3)",0) -> 1.7174901e+09 | DI12: =INDIRECT("ZS(-1)",0) / INDIRECT("Z6S(-1)",0) -> 1.2505691 | DJ12: 1230335295 | DK12: 15227527 | DL12: =INDIRECT("ZS(-1)",0) * 'Correction factor'!$C$13 -> 21118493 | DM12: =INDIRECT("ZS(-1)",0) + INDIRECT("ZS(-3)",0) -> 1.2514538e+09 | DN12: =INDIRECT("ZS(-1)",0) / INDIRECT("Z6S(-1)",0) -> 1.0314986 | DO12: 1260054891 | DP12: 17172217 | DQ12: =INDIRECT("ZS(-1)",0) * 'Correction factor'!$C$13 -> 23815512 | DR12: =INDIRECT("ZS(-1)",0) + INDIRECT("ZS(-3)",0) -> 1.2838704e+09 | DS12: =INDIRECT("ZS(-1)",0) / INDIRECT("Z6S(-1)",0) -> 0.96726695 | DT12: 1530852697 | DU12: 47242548 | DV12: =INDIRECT("ZS(-1)",0) * 'Correction factor'!$C$13 -> 65518940 | DW12: =INDIRECT("ZS(-1)",0) + INDIRECT("ZS(-3)",0) -> 1.5963716e+09 | DX12: =INDIRECT("ZS(-1)",0) / INDIRECT("Z6S(-1)",0) -> 1.1755278 | DY12: 1895851058 | DZ12: 56845886 | EA12: =INDIRECT("ZS(-1)",0) * 'Correction factor'!$C$13 -> 78837454 | EB12: =INDIRECT("ZS(-1)",0) + INDIRECT("ZS(-3)",0) -> 1.9746885e+09 | EC12: =INDIRECT("ZS(-1)",0) / INDIRECT("Z6S(-1)",0) -> 1.3965 | ED12: 1741772810 | EE12: 82094893 | EF12: =INDIRECT("ZS(-1)",0) * 'Correction factor'!$C$13 -> 1.1385437e+08 | EG12: =INDIRECT("ZS(-1)",0) + INDIRECT("ZS(-3)",0) -> 1.8556272e+09 | EH12: =INDIRECT("ZS(-1)",0) / INDIRECT("Z6S(-1)",0) -> 1.4186573 | EI12: 1309312025 | EJ12: 58820242 | EK12: =INDIRECT("ZS(-1)",0) * 'Correction factor'!$C$13 -> 81575615 | EL12: =INDIRECT("ZS(-1)",0) + INDIRECT("ZS(-3)",0) -> 1.3908876e+09 | EM12: =INDIRECT("ZS(-1)",0) / INDIRECT("Z6S(-1)",0) -> 1.056871 | EN12: 2010631445 | EO12: 11991182 | EP12: =INDIRECT("ZS(-1)",0) * 'Correction factor'!$C$13 -> 16630126 | EQ12: =INDIRECT("ZS(-1)",0) + INDIRECT("ZS(-3)",0) -> 2.0272616e+09 | ER12: =INDIRECT("ZS(-1)",0) / INDIRECT("Z6S(-1)",0) -> 1.3783695 | ES12: 1896959154 | ET12: 10049416 | EU12: =INDIRECT("ZS(-1)",0) * 'Correction factor'!$C$13 -> 13937163 | EV12: =INDIRECT("ZS(-1)",0) + INDIRECT("ZS(-3)",0) -> 1.9108963e+09 | EW12: =INDIRECT("ZS(-1)",0) / INDIRECT("Z6S(-1)",0) -> 1.3062172 | EX12: 1277610741 | EY12: 7943061 | EZ12: =INDIRECT("ZS(-1)",0) * 'Correction factor'!$C$13 -> 11015937 | FA12: =INDIRECT("ZS(-1)",0) + INDIRECT("ZS(-3)",0) -> 1.2886267e+09 | FB12: =INDIRECT("ZS(-1)",0) / INDIRECT("Z6S(-1)",0) -> 0.91875182 | FC12: 1460317819 | FD12: 26391948 | FE12: =INDIRECT("ZS(-1)",0) * 'Correction factor'!$C$13 -> 36602015 | FF12: =INDIRECT("ZS(-1)",0) + INDIRECT("ZS(-3)",0) -> 1.4969198e+09 | FG12: =INDIRECT("ZS(-1)",0) / INDIRECT("Z6S(-1)",0) -> 1.1552398 | FH12: 2466520784 | FI12: 20574498 | FJ12: =INDIRECT("ZS(-1)",0) * 'Correction factor'!$C$13 -> 28534009 | FK12: =INDIRECT("ZS(-1)",0) + INDIRECT("ZS(-3)",0) -> 2.4950548e+09 | FL12: =INDIRECT("ZS(-1)",0) / INDIRECT("Z6S(-1)",0) -> 1.4055867 | FM12: 1949575461 | FN12: 8452440 | FO12: =INDIRECT("ZS(-1)",0) * 'Correction factor'!$C$13 -> 11722376 | FP12: =INDIRECT("ZS(-1)",0) + INDIRECT("ZS(-3)",0) -> 1.9612978e+09 | FQ12: =INDIRECT("ZS(-1)",0) / INDIRECT("Z6S(-1)",0) -> 1.3860721 | FR12: 1974107937 | FS12: 10675029 | FT12: =INDIRECT("ZS(-1)",0) * 'Correction factor'!$C$13 -> 14804802 | FU12: =INDIRECT("ZS(-1)",0) + INDIRECT("ZS(-3)",0) -> 1.9889127e+09 | FV12: =INDIRECT("ZS(-1)",0) / INDIRECT("Z6S(-1)",0) -> 1.3874748 | FW12: 1548302972 | FX12: 96832338 | FY12: =INDIRECT("ZS(-1)",0) * 'Correction factor'!$C$13 -> 1.3429318e+08 | FZ12: =INDIRECT("ZS(-1)",0) + INDIRECT("ZS(-3)",0) -> 1.6825962e+09 | GA12: =INDIRECT("ZS(-1)",0) / INDIRECT("Z6S(-1)",0) -> 1.350282 | GB12: 1503067170 | GC12: 8346114 | GD12: =INDIRECT("ZS(-1)",0) * 'Correction factor'!$C$13 -> 11574916 | GE12: =INDIRECT("ZS(-1)",0) + INDIRECT("ZS(-3)",0) -> 1.5146421e+09 | GF12: =INDIRECT("ZS(-1)",0) / INDIRECT("Z6S(-1)",0) -> 1.0562285 | GG12: 1224017056 | GH12: 10547478 | GI12: =INDIRECT("ZS(-1)",0) * 'Correction factor'!$C$13 -> 14627907 | GJ12: =INDIRECT("ZS(-1)",0) + INDIRECT("ZS(-3)",0) -> 1.238645e+09 | GK12: =INDIRECT("ZS(-1)",0) / INDIRECT("Z6S(-1)",0) -> 0.8637018 | GL12: 1012680563 | GM12: 13619555 | GN12: =INDIRECT("ZS(-1)",0) * 'Correction factor'!$C$13 -> 18888456 | GO12: =INDIRECT("ZS(-1)",0) + INDIRECT("ZS(-3)",0) -> 1.031569e+09 | GP12: =INDIRECT("ZS(-1)",0) / INDIRECT("Z6S(-1)",0) -> 0.71162986 | GQ12: 438219755 | GR12: 7941948 | GS12: =INDIRECT("ZS(-1)",0) * 'Correction factor'!$C$13 -> 11014394 | GT12: =INDIRECT("ZS(-1)",0) + INDIRECT("ZS(-3)",0) -> 4.4923415e+08 | GU12: =INDIRECT("ZS(-1)",0) / INDIRECT("Z6S(-1)",0) -> 0.46580372 | GV12: 835894768 | GW12: 14295729 | GX12: =INDIRECT("ZS(-1)",0) * 'Correction factor'!$C$13 -> 19826217 | GY12: =INDIRECT("ZS(-1)",0) + INDIRECT("ZS(-3)",0) -> 8.5572099e+08 | GZ12: =INDIRECT("ZS(-1)",0) / INDIRECT("Z6S(-1)",0) -> 0.60748182 | HA12: 760713528 | HB12: 25035569 | HC12: =INDIRECT("ZS(-1)",0) * 'Correction factor'!$C$13 -> 34720903 | HD12: =INDIRECT("ZS(-1)",0) + INDIRECT("ZS(-3)",0) -> 7.9543443e+08 | HE12: =INDIRECT("ZS(-1)",0) / INDIRECT("Z6S(-1)",0) -> 0.58255749 | HF12: 922441840 | HG12: 102119641 | HH12: =INDIRECT("ZS(-1)",0) * 'Correction factor'!$C$13 -> 1.4162595e+08 | HI12: =INDIRECT("ZS(-1)",0) + INDIRECT("ZS(-3)",0) -> 1.0640678e+09 | HJ12: =INDIRECT("ZS(-1)",0) / INDIRECT("Z6S(-1)",0) -> 0.78382419 | HK12: 638162224 | HL12: 123368999 | HM12: =INDIRECT("ZS(-1)",0) * 'Correction factor'!$C$13 -> 1.710959e+08 | HN12: =INDIRECT("ZS(-1)",0) + INDIRECT("ZS(-3)",0) -> 8.0925812e+08 | HO12: =INDIRECT("ZS(-1)",0) / INDIRECT("Z6S(-1)",0) -> 0.60244759 | HP12: 980536698 | HQ12: 7767839 | HR12: =INDIRECT("ZS(-1)",0) * 'Correction factor'!$C$13 -> 10772928 | HS12: =INDIRECT("ZS(-1)",0) + INDIRECT("ZS(-3)",0) -> 9.9130963e+08 | HT12: =INDIRECT("ZS(-1)",0) / INDIRECT("Z6S(-1)",0) -> 0.64265855 | HU12: 962063799 | HV12: 12321039 | HW12: =INDIRECT("ZS(-1)",0) * 'Correction factor'!$C$13 -> 17087593 | HX12: =INDIRECT("ZS(-1)",0) + INDIRECT("ZS(-3)",0) -> 9.7915139e+08 | HY12: =INDIRECT("ZS(-1)",0) / INDIRECT("Z6S(-1)",0) -> 0.76834329 | HZ12: 860153026 | IA12: 57704505 | IB12: =INDIRECT("ZS(-1)",0) * 'Correction factor'!$C$13 -> 80028241 | IC12: =INDIRECT("ZS(-1)",0) + INDIRECT("ZS(-3)",0) -> 9.4018127e+08 | ID12: =INDIRECT("ZS(-1)",0) / INDIRECT("Z6S(-1)",0) -> 0.72904741 | IE12: 1050756861 | IF12: 8402749 | IG12: =INDIRECT("ZS(-1)",0) * 'Correction factor'!$C$13 -> 11653461 | IH12: =INDIRECT("ZS(-1)",0) + INDIRECT("ZS(-3)",0) -> 1.0624103e+09 | II12: =INDIRECT("ZS(-1)",0) / INDIRECT("Z6S(-1)",0) -> 0.81296878
A13: 9 | B13: 45500 | C13: Saturday | D13: 3783802070 | E13: 11838572 | F13: =INDIRECT("ZS(-1)",0) * 'Correction factor'!$C$13 -> 16418477 | G13: =INDIRECT("ZS(-1)",0) + INDIRECT("ZS(-3)",0) -> 3.8002205e+09 | H13: =INDIRECT("ZS(-1)",0) / INDIRECT("Z6S(-1)",0) -> 2.7484994 | I13: 2858625520 | J13: 12931297 | K13: =INDIRECT("ZS(-1)",0) * 'Correction factor'!$C$13 -> 17933937 | L13: =INDIRECT("ZS(-1)",0) + INDIRECT("ZS(-3)",0) -> 2.8765595e+09 | M13: =INDIRECT("ZS(-1)",0) / INDIRECT("Z6S(-1)",0) -> 1.8855946 | N13: 3257325751 | O13: 11519769 | P13: =INDIRECT("ZS(-1)",0) * 'Correction factor'!$C$13 -> 15976341 | Q13: =INDIRECT("ZS(-1)",0) + INDIRECT("ZS(-3)",0) -> 3.2733021e+09 | R13: =INDIRECT("ZS(-1)",0) / INDIRECT("Z6S(-1)",0) -> 2.5482772 | S13: 2695733237 | T13: 8388342 | U13: =INDIRECT("ZS(-1)",0) * 'Correction factor'!$C$13 -> 11633481 | V13: =INDIRECT("ZS(-1)",0) + INDIRECT("ZS(-3)",0) -> 2.7073667e+09 | W13: =INDIRECT("ZS(-1)",0) / INDIRECT("Z6S(-1)",0) -> 1.8481854 | X13: 3264326461 | Y13: 10797711 | Z13: =INDIRECT("ZS(-1)",0) * 'Correction factor'!$C$13 -> 14974945 | AA13: =INDIRECT("ZS(-1)",0) + INDIRECT("ZS(-3)",0) -> 3.2793014e+09 | AB13: =INDIRECT("ZS(-1)",0) / INDIRECT("Z6S(-1)",0) -> 2.287081 | AC13: 4103594972 | AD13: 16462064 | AE13: =INDIRECT("ZS(-1)",0) * 'Correction factor'!$C$13 -> 22830627 | AF13: =INDIRECT("ZS(-1)",0) + INDIRECT("ZS(-3)",0) -> 4.1264256e+09 | AG13: =INDIRECT("ZS(-1)",0) / INDIRECT("Z6S(-1)",0) -> 2.6620154 | AH13: 585229886 | AI13: 10485061 | AJ13: =INDIRECT("ZS(-1)",0) * 'Correction factor'!$C$13 -> 14541343 | AK13: =INDIRECT("ZS(-1)",0) + INDIRECT("ZS(-3)",0) -> 5.9977123e+08 | AL13: =INDIRECT("ZS(-1)",0) / INDIRECT("Z6S(-1)",0) -> 0.34039179 | AM13: 1225010104 | AN13: 228636089 | AO13: =INDIRECT("ZS(-1)",0) * 'Correction factor'!$C$13 -> 3.1708692e+08 | AP13: =INDIRECT("ZS(-1)",0) + INDIRECT("ZS(-3)",0) -> 1.542097e+09 | AQ13: =INDIRECT("ZS(-1)",0) / INDIRECT("Z6S(-1)",0) -> 1.0014584 | AR13: 645062047 | AS13: 9013770 | AT13: =INDIRECT("ZS(-1)",0) * 'Correction factor'!$C$13 -> 12500864 | AU13: =INDIRECT("ZS(-1)",0) + INDIRECT("ZS(-3)",0) -> 6.5756291e+08 | AV13: =INDIRECT("ZS(-1)",0) / INDIRECT("Z6S(-1)",0) -> 0.47056941 | AW13: 481208926 | AX13: 12441010 | AY13: =INDIRECT("ZS(-1)",0) * 'Correction factor'!$C$13 -> 17253976 | AZ13: =INDIRECT("ZS(-1)",0) + INDIRECT("ZS(-3)",0) -> 4.984629e+08 | BA13: =INDIRECT("ZS(-1)",0) / INDIRECT("Z6S(-1)",0) -> 0.34246502 | BB13: 739228871 | BC13: 10782436 | BD13: =INDIRECT("ZS(-1)",0) * 'Correction factor'!$C$13 -> 14953761 | BE13: =INDIRECT("ZS(-1)",0) + INDIRECT("ZS(-3)",0) -> 7.5418263e+08 | BF13: =INDIRECT("ZS(-1)",0) / INDIRECT("Z6S(-1)",0) -> 0.51191465 | BG13: 1237732583 | BH13: 11025585 | BI13: =INDIRECT("ZS(-1)",0) * 'Correction factor'!$C$13 -> 15290976 | BJ13: =INDIRECT("ZS(-1)",0) + INDIRECT("ZS(-3)",0) -> 1.2530236e+09 | BK13: =INDIRECT("ZS(-1)",0) / INDIRECT("Z6S(-1)",0) -> 0.76321351 | BL13: 138839329 | BM13: 1531245627 | BN13: =INDIRECT("ZS(-1)",0) * 'Correction factor'!$C$13 -> 2.1236279e+09 | BO13: =INDIRECT("ZS(-1)",0) + INDIRECT("ZS(-3)",0) -> 2.2624672e+09 | BP13: =INDIRECT("ZS(-1)",0) / INDIRECT("Z6S(-1)",0) -> 10.850859 | BQ13: 47925460 | BR13: 822916681 | BS13: =INDIRECT("ZS(-1)",0) * 'Correction factor'!$C$13 -> 1.1412727e+09 | BT13: =INDIRECT("ZS(-1)",0) + INDIRECT("ZS(-3)",0) -> 1.1891981e+09 | BU13: =INDIRECT("ZS(-1)",0) / INDIRECT("Z6S(-1)",0) -> 6.9816152 | BV13: 80256109 | BW13: 1170007092 | BX13: =INDIRECT("ZS(-1)",0) * 'Correction factor'!$C$13 -> 1.6226395e+09 | BY13: =INDIRECT("ZS(-1)",0) + INDIRECT("ZS(-3)",0) -> 1.7028956e+09 | BZ13: =INDIRECT("ZS(-1)",0) / INDIRECT("Z6S(-1)",0) -> 10.838119 | CA13: 79961407 | CB13: 1270219850 | CC13: =INDIRECT("ZS(-1)",0) * 'Correction factor'!$C$13 -> 1.7616209e+09 | CD13: =INDIRECT("ZS(-1)",0) + INDIRECT("ZS(-3)",0) -> 1.8415823e+09 | CE13: =INDIRECT("ZS(-1)",0) / INDIRECT("Z6S(-1)",0) -> 10.423819 | CF13: 19756491 | CG13: 12204934 | CH13: =INDIRECT("ZS(-1)",0) * 'Correction factor'!$C$13 -> 16926571 | CI13: =INDIRECT("ZS(-1)",0) + INDIRECT("ZS(-3)",0) -> 36683062 | CJ13: =INDIRECT("ZS(-1)",0) / INDIRECT("Z6S(-1)",0) -> 0.26648237 | CK13: 9718165 | CL13: 110775026 | CM13: =INDIRECT("ZS(-1)",0) * 'Correction factor'!$C$13 -> 1.5362978e+08 | CN13: =INDIRECT("ZS(-1)",0) + INDIRECT("ZS(-3)",0) -> 1.6334795e+08 | CO13: =INDIRECT("ZS(-1)",0) / INDIRECT("Z6S(-1)",0) -> 1.1668027 | CP13: 2908459050 | CQ13: 10700654 | CR13: =INDIRECT("ZS(-1)",0) * 'Correction factor'!$C$13 -> 14840341 | CS13: =INDIRECT("ZS(-1)",0) + INDIRECT("ZS(-3)",0) -> 2.9232994e+09 | CT13: =INDIRECT("ZS(-1)",0) / INDIRECT("Z6S(-1)",0) -> 1.9914387 | CU13: 2534603484 | CV13: 10375617 | CW13: =INDIRECT("ZS(-1)",0) * 'Correction factor'!$C$13 -> 14389559 | CX13: =INDIRECT("ZS(-1)",0) + INDIRECT("ZS(-3)",0) -> 2.548993e+09 | CY13: =INDIRECT("ZS(-1)",0) / INDIRECT("Z6S(-1)",0) -> 1.9502778 | CZ13: 1690444317 | DA13: 45826555 | DB13: =INDIRECT("ZS(-1)",0) * 'Correction factor'!$C$13 -> 63555152 | DC13: =INDIRECT("ZS(-1)",0) + INDIRECT("ZS(-3)",0) -> 1.7539995e+09 | DD13: =INDIRECT("ZS(-1)",0) / INDIRECT("Z6S(-1)",0) -> 1.1512605 | DE13: 2098051074 | DF13: 66506307 | DG13: =INDIRECT("ZS(-1)",0) * 'Correction factor'!$C$13 -> 92235134 | DH13: =INDIRECT("ZS(-1)",0) + INDIRECT("ZS(-3)",0) -> 2.1902862e+09 | DI13: =INDIRECT("ZS(-1)",0) / INDIRECT("Z6S(-1)",0) -> 1.5948297 | DJ13: 1660883369 | DK13: 20001123 | DL13: =INDIRECT("ZS(-1)",0) * 'Correction factor'!$C$13 -> 27738817 | DM13: =INDIRECT("ZS(-1)",0) + INDIRECT("ZS(-3)",0) -> 1.6886222e+09 | DN13: =INDIRECT("ZS(-1)",0) / INDIRECT("Z6S(-1)",0) -> 1.3918304 | DO13: 1731527305 | DP13: 25421387 | DQ13: =INDIRECT("ZS(-1)",0) * 'Correction factor'!$C$13 -> 35255980 | DR13: =INDIRECT("ZS(-1)",0) + INDIRECT("ZS(-3)",0) -> 1.7667833e+09 | DS13: =INDIRECT("ZS(-1)",0) / INDIRECT("Z6S(-1)",0) -> 1.3310931 | DT13: 2032170503 | DU13: 78432649 | DV13: =INDIRECT("ZS(-1)",0) * 'Correction factor'!$C$13 -> 1.0877534e+08 | DW13: =INDIRECT("ZS(-1)",0) + INDIRECT("ZS(-3)",0) -> 2.1409458e+09 | DX13: =INDIRECT("ZS(-1)",0) / INDIRECT("Z6S(-1)",0) -> 1.5765385 | DY13: 2364317413 | DZ13: 86859587 | EA13: =INDIRECT("ZS(-1)",0) * 'Correction factor'!$C$13 -> 1.2046234e+08 | EB13: =INDIRECT("ZS(-1)",0) + INDIRECT("ZS(-3)",0) -> 2.4847798e+09 | EC13: =INDIRECT("ZS(-1)",0) / INDIRECT("Z6S(-1)",0) -> 1.7572366 | ED13: 2205409369 | EE13: 146210055 | EF13: =INDIRECT("ZS(-1)",0) * 'Correction factor'!$C$13 -> 2.0277331e+08 | EG13: =INDIRECT("ZS(-1)",0) + INDIRECT("ZS(-3)",0) -> 2.4081827e+09 | EH13: =INDIRECT("ZS(-1)",0) / INDIRECT("Z6S(-1)",0) -> 1.8410951 | EI13: 1756577202 | EJ13: 91293067 | EK13: =INDIRECT("ZS(-1)",0) * 'Correction factor'!$C$13 -> 1.2661097e+08 | EL13: =INDIRECT("ZS(-1)",0) + INDIRECT("ZS(-3)",0) -> 1.8831882e+09 | EM13: =INDIRECT("ZS(-1)",0) / INDIRECT("Z6S(-1)",0) -> 1.4309473 | EN13: 2593976508 | EO13: 13584270 | EP13: =INDIRECT("ZS(-1)",0) * 'Correction factor'!$C$13 -> 18839521 | EQ13: =INDIRECT("ZS(-1)",0) + INDIRECT("ZS(-3)",0) -> 2.612816e+09 | ER13: =INDIRECT("ZS(-1)",0) / INDIRECT("Z6S(-1)",0) -> 1.7764978 | ES13: 2333756326 | ET13: 11703071 | EU13: =INDIRECT("ZS(-1)",0) * 'Correction factor'!$C$13 -> 16230556 | EV13: =INDIRECT("ZS(-1)",0) + INDIRECT("ZS(-3)",0) -> 2.3499869e+09 | EW13: =INDIRECT("ZS(-1)",0) / INDIRECT("Z6S(-1)",0) -> 1.6063631 | EX13: 1640459322 | EY13: 9360166 | EZ13: =INDIRECT("ZS(-1)",0) * 'Correction factor'!$C$13 -> 12981268 | FA13: =INDIRECT("ZS(-1)",0) + INDIRECT("ZS(-3)",0) -> 1.6534406e+09 | FB13: =INDIRECT("ZS(-1)",0) / INDIRECT("Z6S(-1)",0) -> 1.1788531 | FC13: 1914224542 | FD13: 36575758 | FE13: =INDIRECT("ZS(-1)",0) * 'Correction factor'!$C$13 -> 50725564 | FF13: =INDIRECT("ZS(-1)",0) + INDIRECT("ZS(-3)",0) -> 1.9649501e+09 | FG13: =INDIRECT("ZS(-1)",0) / INDIRECT("Z6S(-1)",0) -> 1.5164397 | FH13: 3035684460 | FI13: 24495519 | FJ13: =INDIRECT("ZS(-1)",0) * 'Correction factor'!$C$13 -> 33971928 | FK13: =INDIRECT("ZS(-1)",0) + INDIRECT("ZS(-3)",0) -> 3.0696564e+09 | FL13: =INDIRECT("ZS(-1)",0) / INDIRECT("Z6S(-1)",0) -> 1.7292879 | FM13: 2462665975 | FN13: 10189495 | FO13: =INDIRECT("ZS(-1)",0) * 'Correction factor'!$C$13 -> 14131433 | FP13: =INDIRECT("ZS(-1)",0) + INDIRECT("ZS(-3)",0) -> 2.4767974e+09 | FQ13: =INDIRECT("ZS(-1)",0) / INDIRECT("Z6S(-1)",0) -> 1.7503816 | FR13: 2515226576 | FS13: 12482223 | FT13: =INDIRECT("ZS(-1)",0) * 'Correction factor'!$C$13 -> 17311133 | FU13: =INDIRECT("ZS(-1)",0) + INDIRECT("ZS(-3)",0) -> 2.5325377e+09 | FV13: =INDIRECT("ZS(-1)",0) / INDIRECT("Z6S(-1)",0) -> 1.7667101 | FW13: 2090057650 | FX13: 150552785 | FY13: =INDIRECT("ZS(-1)",0) * 'Correction factor'!$C$13 -> 2.0879608e+08 | FZ13: =INDIRECT("ZS(-1)",0) + INDIRECT("ZS(-3)",0) -> 2.2988537e+09 | GA13: =INDIRECT("ZS(-1)",0) / INDIRECT("Z6S(-1)",0) -> 1.8448282 | GB13: 1901155517 | GC13: 9662038 | GD13: =INDIRECT("ZS(-1)",0) * 'Correction factor'!$C$13 -> 13399923 | GE13: =INDIRECT("ZS(-1)",0) + INDIRECT("ZS(-3)",0) -> 1.9145554e+09 | GF13: =INDIRECT("ZS(-1)",0) / INDIRECT("Z6S(-1)",0) -> 1.3351062 | GG13: 1641966822 | GH13: 12565452 | GI13: =INDIRECT("ZS(-1)",0) * 'Correction factor'!$C$13 -> 17426560 | GJ13: =INDIRECT("ZS(-1)",0) + INDIRECT("ZS(-3)",0) -> 1.6593934e+09 | GK13: =INDIRECT("ZS(-1)",0) / INDIRECT("Z6S(-1)",0) -> 1.1570879 | GL13: 978153787 | GM13: 20088178 | GN13: =INDIRECT("ZS(-1)",0) * 'Correction factor'!$C$13 -> 27859550 | GO13: =INDIRECT("ZS(-1)",0) + INDIRECT("ZS(-3)",0) -> 1.0060133e+09 | GP13: =INDIRECT("ZS(-1)",0) / INDIRECT("Z6S(-1)",0) -> 0.69400022 | GQ13: 411429821 | GR13: 9476170 | GS13: =INDIRECT("ZS(-1)",0) * 'Correction factor'!$C$13 -> 13142149 | GT13: =INDIRECT("ZS(-1)",0) + INDIRECT("ZS(-3)",0) -> 4.2457197e+08 | GU13: =INDIRECT("ZS(-1)",0) / INDIRECT("Z6S(-1)",0) -> 0.4402319 | GV13: 727045070 | GW13: 20585738 | GX13: =INDIRECT("ZS(-1)",0) * 'Correction factor'!$C$13 -> 28549598 | GY13: =INDIRECT("ZS(-1)",0) + INDIRECT("ZS(-3)",0) -> 7.5559467e+08 | GZ13: =INDIRECT("ZS(-1)",0) / INDIRECT("Z6S(-1)",0) -> 0.53640151 | HA13: 703018231 | HB13: 47031198 | HC13: =INDIRECT("ZS(-1)",0) * 'Correction factor'!$C$13 -> 65225827 | HD13: =INDIRECT("ZS(-1)",0) + INDIRECT("ZS(-3)",0) -> 7.6824406e+08 | HE13: =INDIRECT("ZS(-1)",0) / INDIRECT("Z6S(-1)",0) -> 0.5626439 | HF13: 795423658 | HG13: 191497133 | HH13: =INDIRECT("ZS(-1)",0) * 'Correction factor'!$C$13 -> 2.6558028e+08 | HI13: =INDIRECT("ZS(-1)",0) + INDIRECT("ZS(-3)",0) -> 1.0610039e+09 | HJ13: =INDIRECT("ZS(-1)",0) / INDIRECT("Z6S(-1)",0) -> 0.78156726 | HK13: 527132375 | HL13: 229236933 | HM13: =INDIRECT("ZS(-1)",0) * 'Correction factor'!$C$13 -> 3.1792021e+08 | HN13: =INDIRECT("ZS(-1)",0) + INDIRECT("ZS(-3)",0) -> 8.4505259e+08 | HO13: =INDIRECT("ZS(-1)",0) / INDIRECT("Z6S(-1)",0) -> 0.62909458 | HP13: 874651610 | HQ13: 9014984 | HR13: =INDIRECT("ZS(-1)",0) * 'Correction factor'!$C$13 -> 12502547 | HS13: =INDIRECT("ZS(-1)",0) + INDIRECT("ZS(-3)",0) -> 8.8715416e+08 | HT13: =INDIRECT("ZS(-1)",0) / INDIRECT("Z6S(-1)",0) -> 0.57513535 | HU13: 919855435 | HV13: 14751477 | HW13: =INDIRECT("ZS(-1)",0) * 'Correction factor'!$C$13 -> 20458277 | HX13: =INDIRECT("ZS(-1)",0) + INDIRECT("ZS(-3)",0) -> 9.4031371e+08 | HY13: =INDIRECT("ZS(-1)",0) / INDIRECT("Z6S(-1)",0) -> 0.73786723 | HZ13: 820134247 | IA13: 106225235 | IB13: =INDIRECT("ZS(-1)",0) * 'Correction factor'!$C$13 -> 1.4731984e+08 | IC13: =INDIRECT("ZS(-1)",0) + INDIRECT("ZS(-3)",0) -> 9.6745409e+08 | ID13: =INDIRECT("ZS(-1)",0) / INDIRECT("Z6S(-1)",0) -> 0.75019566 | IE13: 998967992 | IF13: 10260447 | IG13: =INDIRECT("ZS(-1)",0) * 'Correction factor'!$C$13 -> 14229834 | IH13: =INDIRECT("ZS(-1)",0) + INDIRECT("ZS(-3)",0) -> 1.0131978e+09 | II13: =INDIRECT("ZS(-1)",0) / INDIRECT("Z6S(-1)",0) -> 0.77531081
A14: 10 | B14: 45501 | C14: Sunday | D14: 3993895475 | E14: 12198579 | F14: =INDIRECT("ZS(-1)",0) * 'Correction factor'!$C$13 -> 16917757 | G14: =INDIRECT("ZS(-1)",0) + INDIRECT("ZS(-3)",0) -> 4.0108132e+09 | H14: =INDIRECT("ZS(-1)",0) / INDIRECT("Z6S(-1)",0) -> 2.9008101 | I14: 2922086547 | J14: 12779616 | K14: =INDIRECT("ZS(-1)",0) * 'Correction factor'!$C$13 -> 17723576 | L14: =INDIRECT("ZS(-1)",0) + INDIRECT("ZS(-3)",0) -> 2.9398101e+09 | M14: =INDIRECT("ZS(-1)",0) / INDIRECT("Z6S(-1)",0) -> 1.9270557 | N14: 3977304359 | O14: 12778230 | P14: =INDIRECT("ZS(-1)",0) * 'Correction factor'!$C$13 -> 17721654 | Q14: =INDIRECT("ZS(-1)",0) + INDIRECT("ZS(-3)",0) -> 3.995026e+09 | R14: =INDIRECT("ZS(-1)",0) / INDIRECT("Z6S(-1)",0) -> 3.1101418 | S14: 2891245818 | T14: 8572710 | U14: =INDIRECT("ZS(-1)",0) * 'Correction factor'!$C$13 -> 11889174 | V14: =INDIRECT("ZS(-1)",0) + INDIRECT("ZS(-3)",0) -> 2.903135e+09 | W14: =INDIRECT("ZS(-1)",0) / INDIRECT("Z6S(-1)",0) -> 1.9818267 | X14: 3518244862 | Y14: 10127770 | Z14: =INDIRECT("ZS(-1)",0) * 'Correction factor'!$C$13 -> 14045829 | AA14: =INDIRECT("ZS(-1)",0) + INDIRECT("ZS(-3)",0) -> 3.5322907e+09 | AB14: =INDIRECT("ZS(-1)",0) / INDIRECT("Z6S(-1)",0) -> 2.4635232 | AC14: 4268553051 | AD14: 16139656 | AE14: =INDIRECT("ZS(-1)",0) * 'Correction factor'!$C$13 -> 22383491 | AF14: =INDIRECT("ZS(-1)",0) + INDIRECT("ZS(-3)",0) -> 4.2909365e+09 | AG14: =INDIRECT("ZS(-1)",0) / INDIRECT("Z6S(-1)",0) -> 2.7681438 | AH14: 535404833 | AI14: 9545969 | AJ14: =INDIRECT("ZS(-1)",0) * 'Correction factor'!$C$13 -> 13238951 | AK14: =INDIRECT("ZS(-1)",0) + INDIRECT("ZS(-3)",0) -> 5.4864378e+08 | AL14: =INDIRECT("ZS(-1)",0) / INDIRECT("Z6S(-1)",0) -> 0.31137512 | AM14: 1133581130 | AN14: 343807818 | AO14: =INDIRECT("ZS(-1)",0) * 'Correction factor'!$C$13 -> 4.7681433e+08 | AP14: =INDIRECT("ZS(-1)",0) + INDIRECT("ZS(-3)",0) -> 1.6103955e+09 | AQ14: =INDIRECT("ZS(-1)",0) / INDIRECT("Z6S(-1)",0) -> 1.0458123 | AR14: 548595000 | AS14: 8612993 | AT14: =INDIRECT("ZS(-1)",0) * 'Correction factor'!$C$13 -> 11945041 | AU14: =INDIRECT("ZS(-1)",0) + INDIRECT("ZS(-3)",0) -> 5.6054004e+08 | AV14: =INDIRECT("ZS(-1)",0) / INDIRECT("Z6S(-1)",0) -> 0.40113728 | AW14: 398139076 | AX14: 10662907 | AY14: =INDIRECT("ZS(-1)",0) * 'Correction factor'!$C$13 -> 14787991 | AZ14: =INDIRECT("ZS(-1)",0) + INDIRECT("ZS(-3)",0) -> 4.1292707e+08 | BA14: =INDIRECT("ZS(-1)",0) / INDIRECT("Z6S(-1)",0) -> 0.2836983 | BB14: 666685311 | BC14: 10319988 | BD14: =INDIRECT("ZS(-1)",0) * 'Correction factor'!$C$13 -> 14312409 | BE14: =INDIRECT("ZS(-1)",0) + INDIRECT("ZS(-3)",0) -> 6.8099772e+08 | BF14: =INDIRECT("ZS(-1)",0) / INDIRECT("Z6S(-1)",0) -> 0.46223911 | BG14: 1078959894 | BH14: 10259650 | BI14: =INDIRECT("ZS(-1)",0) * 'Correction factor'!$C$13 -> 14228729 | BJ14: =INDIRECT("ZS(-1)",0) + INDIRECT("ZS(-3)",0) -> 1.0931886e+09 | BK14: =INDIRECT("ZS(-1)",0) / INDIRECT("Z6S(-1)",0) -> 0.66585845 | BL14: 169143199 | BM14: 2009409346 | BN14: =INDIRECT("ZS(-1)",0) * 'Correction factor'!$C$13 -> 2.7867754e+09 | BO14: =INDIRECT("ZS(-1)",0) + INDIRECT("ZS(-3)",0) -> 2.9559186e+09 | BP14: =INDIRECT("ZS(-1)",0) / INDIRECT("Z6S(-1)",0) -> 14.176672 | BQ14: 74052818 | BR14: 1126048213 | BS14: =INDIRECT("ZS(-1)",0) * 'Correction factor'!$C$13 -> 1.5616746e+09 | BT14: =INDIRECT("ZS(-1)",0) + INDIRECT("ZS(-3)",0) -> 1.6357274e+09 | BU14: =INDIRECT("ZS(-1)",0) / INDIRECT("Z6S(-1)",0) -> 9.6031257 | BV14: 113447655 | BW14: 1577703317 | BX14: =INDIRECT("ZS(-1)",0) * 'Correction factor'!$C$13 -> 2.1880583e+09 | BY14: =INDIRECT("ZS(-1)",0) + INDIRECT("ZS(-3)",0) -> 2.301506e+09 | BZ14: =INDIRECT("ZS(-1)",0) / INDIRECT("Z6S(-1)",0) -> 14.647989 | CA14: 114980086 | CB14: 1745570096 | CC14: =INDIRECT("ZS(-1)",0) * 'Correction factor'!$C$13 -> 2.4208665e+09 | CD14: =INDIRECT("ZS(-1)",0) + INDIRECT("ZS(-3)",0) -> 2.5358466e+09 | CE14: =INDIRECT("ZS(-1)",0) / INDIRECT("Z6S(-1)",0) -> 14.353529 | CF14: 26422299 | CG14: 11848616 | CH14: =INDIRECT("ZS(-1)",0) * 'Correction factor'!$C$13 -> 16432407 | CI14: =INDIRECT("ZS(-1)",0) + INDIRECT("ZS(-3)",0) -> 42854706 | CJ14: =INDIRECT("ZS(-1)",0) / INDIRECT("Z6S(-1)",0) -> 0.31131598 | CK14: 13892676 | CL14: 152178721 | CM14: =INDIRECT("ZS(-1)",0) * 'Correction factor'!$C$13 -> 2.1105103e+08 | CN14: =INDIRECT("ZS(-1)",0) + INDIRECT("ZS(-3)",0) -> 2.2494371e+08 | CO14: =INDIRECT("ZS(-1)",0) / INDIRECT("Z6S(-1)",0) -> 1.6067844 | CP14: 2988910628 | CQ14: 10792255 | CR14: =INDIRECT("ZS(-1)",0) * 'Correction factor'!$C$13 -> 14967379 | CS14: =INDIRECT("ZS(-1)",0) + INDIRECT("ZS(-3)",0) -> 3.003878e+09 | CT14: =INDIRECT("ZS(-1)",0) / INDIRECT("Z6S(-1)",0) -> 2.0463313 | CU14: 2608017688 | CV14: 9978123 | CW14: =INDIRECT("ZS(-1)",0) * 'Correction factor'!$C$13 -> 13838289 | CX14: =INDIRECT("ZS(-1)",0) + INDIRECT("ZS(-3)",0) -> 2.621856e+09 | CY14: =INDIRECT("ZS(-1)",0) / INDIRECT("Z6S(-1)",0) -> 2.0060265 | CZ14: 2078110052 | DA14: 54240431 | DB14: =INDIRECT("ZS(-1)",0) * 'Correction factor'!$C$13 -> 75224045 | DC14: =INDIRECT("ZS(-1)",0) + INDIRECT("ZS(-3)",0) -> 2.1533341e+09 | DD14: =INDIRECT("ZS(-1)",0) / INDIRECT("Z6S(-1)",0) -> 1.413369 | DE14: 2184303113 | DF14: 79770715 | DG14: =INDIRECT("ZS(-1)",0) * 'Correction factor'!$C$13 -> 1.1063105e+08 | DH14: =INDIRECT("ZS(-1)",0) + INDIRECT("ZS(-3)",0) -> 2.2949342e+09 | DI14: =INDIRECT("ZS(-1)",0) / INDIRECT("Z6S(-1)",0) -> 1.6710278 | DJ14: 1807057884 | DK14: 22984789 | DL14: =INDIRECT("ZS(-1)",0) * 'Correction factor'!$C$13 -> 31876753 | DM14: =INDIRECT("ZS(-1)",0) + INDIRECT("ZS(-3)",0) -> 1.8389346e+09 | DN14: =INDIRECT("ZS(-1)",0) / INDIRECT("Z6S(-1)",0) -> 1.515724 | DO14: 1972063756 | DP14: 30524620 | DQ14: =INDIRECT("ZS(-1)",0) * 'Correction factor'!$C$13 -> 42333465 | DR14: =INDIRECT("ZS(-1)",0) + INDIRECT("ZS(-3)",0) -> 2.0143972e+09 | DS14: =INDIRECT("ZS(-1)",0) / INDIRECT("Z6S(-1)",0) -> 1.5176453 | DT14: 2166682660 | DU14: 105573000 | DV14: =INDIRECT("ZS(-1)",0) * 'Correction factor'!$C$13 -> 1.4641528e+08 | DW14: =INDIRECT("ZS(-1)",0) + INDIRECT("ZS(-3)",0) -> 2.3130979e+09 | DX14: =INDIRECT("ZS(-1)",0) / INDIRECT("Z6S(-1)",0) -> 1.703307 | DY14: 2400425241 | DZ14: 117522683 | EA14: =INDIRECT("ZS(-1)",0) * 'Correction factor'!$C$13 -> 1.6298786e+08 | EB14: =INDIRECT("ZS(-1)",0) + INDIRECT("ZS(-3)",0) -> 2.5634131e+09 | EC14: =INDIRECT("ZS(-1)",0) / INDIRECT("Z6S(-1)",0) -> 1.8128461 | ED14: 2228403146 | EE14: 212303475 | EF14: =INDIRECT("ZS(-1)",0) * 'Correction factor'!$C$13 -> 2.9443583e+08 | EG14: =INDIRECT("ZS(-1)",0) + INDIRECT("ZS(-3)",0) -> 2.522839e+09 | EH14: =INDIRECT("ZS(-1)",0) / INDIRECT("Z6S(-1)",0) -> 1.9287517 | EI14: 1911072085 | EJ14: 118180223 | EK14: =INDIRECT("ZS(-1)",0) * 'Correction factor'!$C$13 -> 1.6389977e+08 | EL14: =INDIRECT("ZS(-1)",0) + INDIRECT("ZS(-3)",0) -> 2.0749719e+09 | EM14: =INDIRECT("ZS(-1)",0) / INDIRECT("Z6S(-1)",0) -> 1.5766748 | EN14: 2627723113 | EO14: 13920454 | EP14: =INDIRECT("ZS(-1)",0) * 'Correction factor'!$C$13 -> 19305762 | EQ14: =INDIRECT("ZS(-1)",0) + INDIRECT("ZS(-3)",0) -> 2.6470289e+09 | ER14: =INDIRECT("ZS(-1)",0) / INDIRECT("Z6S(-1)",0) -> 1.7997597 | ES14: 2373573157 | ET14: 11658343 | EU14: =INDIRECT("ZS(-1)",0) * 'Correction factor'!$C$13 -> 16168524 | EV14: =INDIRECT("ZS(-1)",0) + INDIRECT("ZS(-3)",0) -> 2.3897417e+09 | EW14: =INDIRECT("ZS(-1)",0) / INDIRECT("Z6S(-1)",0) -> 1.633538 | EX14: 2007060938 | EY14: 9480611 | EZ14: =INDIRECT("ZS(-1)",0) * 'Correction factor'!$C$13 -> 13148308 | FA14: =INDIRECT("ZS(-1)",0) + INDIRECT("ZS(-3)",0) -> 2.0202092e+09 | FB14: =INDIRECT("ZS(-1)",0) / INDIRECT("Z6S(-1)",0) -> 1.4403481 | FC14: 2003729288 | FD14: 44806708 | FE14: =INDIRECT("ZS(-1)",0) * 'Correction factor'!$C$13 -> 62140764 | FF14: =INDIRECT("ZS(-1)",0) + INDIRECT("ZS(-3)",0) -> 2.0658701e+09 | FG14: =INDIRECT("ZS(-1)",0) / INDIRECT("Z6S(-1)",0) -> 1.5943241 | FH14: 3123659777 | FI14: 25625375 | FJ14: =INDIRECT("ZS(-1)",0) * 'Correction factor'!$C$13 -> 35538884 | FK14: =INDIRECT("ZS(-1)",0) + INDIRECT("ZS(-3)",0) -> 3.1591987e+09 | FL14: =INDIRECT("ZS(-1)",0) / INDIRECT("Z6S(-1)",0) -> 1.7797315 | FM14: 2559831430 | FN14: 9887829 | FO14: =INDIRECT("ZS(-1)",0) * 'Correction factor'!$C$13 -> 13713064 | FP14: =INDIRECT("ZS(-1)",0) + INDIRECT("ZS(-3)",0) -> 2.5735445e+09 | FQ14: =INDIRECT("ZS(-1)",0) / INDIRECT("Z6S(-1)",0) -> 1.8187539 | FR14: 2601318569 | FS14: 12213870 | FT14: =INDIRECT("ZS(-1)",0) * 'Correction factor'!$C$13 -> 16938964 | FU14: =INDIRECT("ZS(-1)",0) + INDIRECT("ZS(-3)",0) -> 2.6182575e+09 | FV14: =INDIRECT("ZS(-1)",0) / INDIRECT("Z6S(-1)",0) -> 1.8265086 | FW14: 2301377566 | FX14: 201062314 | FY14: =INDIRECT("ZS(-1)",0) * 'Correction factor'!$C$13 -> 2.7884588e+08 | FZ14: =INDIRECT("ZS(-1)",0) + INDIRECT("ZS(-3)",0) -> 2.5802234e+09 | GA14: =INDIRECT("ZS(-1)",0) / INDIRECT("Z6S(-1)",0) -> 2.0706272 | GB14: 2025106087 | GC14: 9464042 | GD14: =INDIRECT("ZS(-1)",0) * 'Correction factor'!$C$13 -> 13125329 | GE14: =INDIRECT("ZS(-1)",0) + INDIRECT("ZS(-3)",0) -> 2.0382314e+09 | GF14: =INDIRECT("ZS(-1)",0) / INDIRECT("Z6S(-1)",0) -> 1.421351 | GG14: 1865518228 | GH14: 12347470 | GI14: =INDIRECT("ZS(-1)",0) * 'Correction factor'!$C$13 -> 17124249 | GJ14: =INDIRECT("ZS(-1)",0) + INDIRECT("ZS(-3)",0) -> 1.8826425e+09 | GK14: =INDIRECT("ZS(-1)",0) / INDIRECT("Z6S(-1)",0) -> 1.3127585 | GL14: 914288646 | GM14: 28230199 | GN14: =INDIRECT("ZS(-1)",0) * 'Correction factor'!$C$13 -> 39151417 | GO14: =INDIRECT("ZS(-1)",0) + INDIRECT("ZS(-3)",0) -> 9.5344006e+08 | GP14: =INDIRECT("ZS(-1)",0) / INDIRECT("Z6S(-1)",0) -> 0.65773245 | GQ14: 428586211 | GR14: 8651909 | GS14: =INDIRECT("ZS(-1)",0) * 'Correction factor'!$C$13 -> 11999012 | GT14: =INDIRECT("ZS(-1)",0) + INDIRECT("ZS(-3)",0) -> 4.4058522e+08 | GU14: =INDIRECT("ZS(-1)",0) / INDIRECT("Z6S(-1)",0) -> 0.45683578 | GV14: 637009219 | GW14: 25799372 | GX14: =INDIRECT("ZS(-1)",0) * 'Correction factor'!$C$13 -> 35780194 | GY14: =INDIRECT("ZS(-1)",0) + INDIRECT("ZS(-3)",0) -> 6.7278941e+08 | GZ14: =INDIRECT("ZS(-1)",0) / INDIRECT("Z6S(-1)",0) -> 0.47761753 | HA14: 632679566 | HB14: 70128836 | HC14: =INDIRECT("ZS(-1)",0) * 'Correction factor'!$C$13 -> 97259085 | HD14: =INDIRECT("ZS(-1)",0) + INDIRECT("ZS(-3)",0) -> 7.2993865e+08 | HE14: =INDIRECT("ZS(-1)",0) / INDIRECT("Z6S(-1)",0) -> 0.53458992 | HF14: 694687897 | HG14: 287782976 | HH14: =INDIRECT("ZS(-1)",0) * 'Correction factor'!$C$13 -> 3.9911555e+08 | HI14: =INDIRECT("ZS(-1)",0) + INDIRECT("ZS(-3)",0) -> 1.0938034e+09 | HJ14: =INDIRECT("ZS(-1)",0) / INDIRECT("Z6S(-1)",0) -> 0.80572836 | HK14: 450065045 | HL14: 337146374 | HM14: =INDIRECT("ZS(-1)",0) * 'Correction factor'!$C$13 -> 4.6757582e+08 | HN14: =INDIRECT("ZS(-1)",0) + INDIRECT("ZS(-3)",0) -> 9.1764086e+08 | HO14: =INDIRECT("ZS(-1)",0) / INDIRECT("Z6S(-1)",0) -> 0.6831325 | HP14: 779190719 | HQ14: 8740120 | HR14: =INDIRECT("ZS(-1)",0) * 'Correction factor'!$C$13 -> 12121349 | HS14: =INDIRECT("ZS(-1)",0) + INDIRECT("ZS(-3)",0) -> 7.9131207e+08 | HT14: =INDIRECT("ZS(-1)",0) / INDIRECT("Z6S(-1)",0) -> 0.51300165 | HU14: 847957187 | HV14: 16237021 | HW14: =INDIRECT("ZS(-1)",0) * 'Correction factor'!$C$13 -> 22518523 | HX14: =INDIRECT("ZS(-1)",0) + INDIRECT("ZS(-3)",0) -> 8.7047571e+08 | HY14: =INDIRECT("ZS(-1)",0) / INDIRECT("Z6S(-1)",0) -> 0.68306513 | HZ14: 762798073 | IA14: 169011333 | IB14: =INDIRECT("ZS(-1)",0) * 'Correction factor'!$C$13 -> 2.3439556e+08 | IC14: =INDIRECT("ZS(-1)",0) + INDIRECT("ZS(-3)",0) -> 9.9719363e+08 | ID14: =INDIRECT("ZS(-1)",0) / INDIRECT("Z6S(-1)",0) -> 0.77325667 | IE14: 893696101 | IF14: 9456137 | IG14: =INDIRECT("ZS(-1)",0) * 'Correction factor'!$C$13 -> 13114366 | IH14: =INDIRECT("ZS(-1)",0) + INDIRECT("ZS(-3)",0) -> 9.0681047e+08 | II14: =INDIRECT("ZS(-1)",0) / INDIRECT("Z6S(-1)",0) -> 0.69390196
A15: 11 | B15: 45502 | C15: Monday | D15: 4532568603 | E15: 13181246 | F15: =INDIRECT("ZS(-1)",0) * 'Correction factor'!$C$13 -> 18280582 | G15: =INDIRECT("ZS(-1)",0) + INDIRECT("ZS(-3)",0) -> 4.5508492e+09 | H15: =INDIRECT("ZS(-1)",0) / INDIRECT("Z6S(-1)",0) -> 3.2913896 | I15: 3108589115 | J15: 14480052 | K15: =INDIRECT("ZS(-1)",0) * 'Correction factor'!$C$13 -> 20081848 | L15: =INDIRECT("ZS(-1)",0) + INDIRECT("ZS(-3)",0) -> 3.128671e+09 | M15: =INDIRECT("ZS(-1)",0) / INDIRECT("Z6S(-1)",0) -> 2.0508546 | N15: 4817518225 | O15: 13468383 | P15: =INDIRECT("ZS(-1)",0) * 'Correction factor'!$C$13 -> 18678802 | Q15: =INDIRECT("ZS(-1)",0) + INDIRECT("ZS(-3)",0) -> 4.836197e+09 | R15: =INDIRECT("ZS(-1)",0) / INDIRECT("Z6S(-1)",0) -> 3.7649964 | S15: 3469104735 | T15: 10390383 | U15: =INDIRECT("ZS(-1)",0) * 'Correction factor'!$C$13 -> 14410037 | V15: =INDIRECT("ZS(-1)",0) + INDIRECT("ZS(-3)",0) -> 3.4835148e+09 | W15: =INDIRECT("ZS(-1)",0) / INDIRECT("Z6S(-1)",0) -> 2.3780233 | X15: 3935915479 | Y15: 12256537 | Z15: =INDIRECT("ZS(-1)",0) * 'Correction factor'!$C$13 -> 16998137 | AA15: =INDIRECT("ZS(-1)",0) + INDIRECT("ZS(-3)",0) -> 3.9529136e+09 | AB15: =INDIRECT("ZS(-1)",0) / INDIRECT("Z6S(-1)",0) -> 2.7568779 | AC15: 4493409324 | AD15: 17994695 | AE15: =INDIRECT("ZS(-1)",0) * 'Correction factor'!$C$13 -> 24956176 | AF15: =INDIRECT("ZS(-1)",0) + INDIRECT("ZS(-3)",0) -> 4.5183655e+09 | AG15: =INDIRECT("ZS(-1)",0) / INDIRECT("Z6S(-1)",0) -> 2.9148614 | AH15: 492869439 | AI15: 11081940 | AJ15: =INDIRECT("ZS(-1)",0) * 'Correction factor'!$C$13 -> 15369132 | AK15: =INDIRECT("ZS(-1)",0) + INDIRECT("ZS(-3)",0) -> 5.0823857e+08 | AL15: =INDIRECT("ZS(-1)",0) / INDIRECT("Z6S(-1)",0) -> 0.2884437 | AM15: 360546253 | AN15: 321597327 | AO15: =INDIRECT("ZS(-1)",0) * 'Correction factor'!$C$13 -> 4.4601142e+08 | AP15: =INDIRECT("ZS(-1)",0) + INDIRECT("ZS(-3)",0) -> 8.0655768e+08 | AQ15: =INDIRECT("ZS(-1)",0) / INDIRECT("Z6S(-1)",0) -> 0.52378932 | AR15: 471665106 | AS15: 10067788 | AT15: =INDIRECT("ZS(-1)",0) * 'Correction factor'!$C$13 -> 13962642 | AU15: =INDIRECT("ZS(-1)",0) + INDIRECT("ZS(-3)",0) -> 4.8562775e+08 | AV15: =INDIRECT("ZS(-1)",0) / INDIRECT("Z6S(-1)",0) -> 0.34752806 | AW15: 186717927 | AX15: 11717976 | AY15: =INDIRECT("ZS(-1)",0) * 'Correction factor'!$C$13 -> 16251227 | AZ15: =INDIRECT("ZS(-1)",0) + INDIRECT("ZS(-3)",0) -> 2.0296915e+08 | BA15: =INDIRECT("ZS(-1)",0) / INDIRECT("Z6S(-1)",0) -> 0.13944836 | BB15: 603718577 | BC15: 11518321 | BD15: =INDIRECT("ZS(-1)",0) * 'Correction factor'!$C$13 -> 15974333 | BE15: =INDIRECT("ZS(-1)",0) + INDIRECT("ZS(-3)",0) -> 6.1969291e+08 | BF15: =INDIRECT("ZS(-1)",0) / INDIRECT("Z6S(-1)",0) -> 0.4206274 | BG15: 962071847 | BH15: 11435312 | BI15: =INDIRECT("ZS(-1)",0) * 'Correction factor'!$C$13 -> 15859211 | BJ15: =INDIRECT("ZS(-1)",0) + INDIRECT("ZS(-3)",0) -> 9.7793106e+08 | BK15: =INDIRECT("ZS(-1)",0) / INDIRECT("Z6S(-1)",0) -> 0.59565535 | BL15: 234438314 | BM15: 2647100507 | BN15: =INDIRECT("ZS(-1)",0) * 'Correction factor'!$C$13 -> 3.6711657e+09 | BO15: =INDIRECT("ZS(-1)",0) + INDIRECT("ZS(-3)",0) -> 3.905604e+09 | BP15: =INDIRECT("ZS(-1)",0) / INDIRECT("Z6S(-1)",0) -> 18.731391 | BQ15: 103468060 | BR15: 1522262883 | BS15: =INDIRECT("ZS(-1)",0) * 'Correction factor'!$C$13 -> 2.11117e+09 | BT15: =INDIRECT("ZS(-1)",0) + INDIRECT("ZS(-3)",0) -> 2.2146381e+09 | BU15: =INDIRECT("ZS(-1)",0) / INDIRECT("Z6S(-1)",0) -> 13.001829 | BV15: -1453309 | BW15: 68330950 | BX15: =INDIRECT("ZS(-1)",0) * 'Correction factor'!$C$13 -> 94765664 | BY15: =INDIRECT("ZS(-1)",0) + INDIRECT("ZS(-3)",0) -> 93312355 | BZ15: =INDIRECT("ZS(-1)",0) / INDIRECT("Z6S(-1)",0) -> 0.59388867 | CA15: 175632449 | CB15: 2431185642 | CC15: =INDIRECT("ZS(-1)",0) * 'Correction factor'!$C$13 -> 3.3717213e+09 | CD15: =INDIRECT("ZS(-1)",0) + INDIRECT("ZS(-3)",0) -> 3.5473538e+09 | CE15: =INDIRECT("ZS(-1)",0) / INDIRECT("Z6S(-1)",0) -> 20.078914 | CF15: -21412648 | CG15: 6949075 | CH15: =INDIRECT("ZS(-1)",0) * 'Correction factor'!$C$13 -> 9637414.8 | CI15: =INDIRECT("ZS(-1)",0) + INDIRECT("ZS(-3)",0) -> -11775233 | CJ15: =INDIRECT("ZS(-1)",0) / INDIRECT("Z6S(-1)",0) -> -0.085540625 | CK15: 19298470 | CL15: 229629620 | CM15: =INDIRECT("ZS(-1)",0) * 'Correction factor'!$C$13 -> 3.1846482e+08 | CN15: =INDIRECT("ZS(-1)",0) + INDIRECT("ZS(-3)",0) -> 3.3776329e+08 | CO15: =INDIRECT("ZS(-1)",0) / INDIRECT("Z6S(-1)",0) -> 2.4126604 | CP15: 3263027302 | CQ15: 10932326 | CR15: =INDIRECT("ZS(-1)",0) * 'Correction factor'!$C$13 -> 15161638 | CS15: =INDIRECT("ZS(-1)",0) + INDIRECT("ZS(-3)",0) -> 3.2781889e+09 | CT15: =INDIRECT("ZS(-1)",0) / INDIRECT("Z6S(-1)",0) -> 2.2332001 | CU15: 2897916157 | CV15: 10646528 | CW15: =INDIRECT("ZS(-1)",0) * 'Correction factor'!$C$13 -> 14765275 | CX15: =INDIRECT("ZS(-1)",0) + INDIRECT("ZS(-3)",0) -> 2.9126814e+09 | CY15: =INDIRECT("ZS(-1)",0) / INDIRECT("Z6S(-1)",0) -> 2.228542 | CZ15: 2537797844 | DA15: 64944477 | DB15: =INDIRECT("ZS(-1)",0) * 'Correction factor'!$C$13 -> 90069090 | DC15: =INDIRECT("ZS(-1)",0) + INDIRECT("ZS(-3)",0) -> 2.6278669e+09 | DD15: =INDIRECT("ZS(-1)",0) / INDIRECT("Z6S(-1)",0) -> 1.7248348 | DE15: 2409621028 | DF15: 103997225 | DG15: =INDIRECT("ZS(-1)",0) * 'Correction factor'!$C$13 -> 1.442299e+08 | DH15: =INDIRECT("ZS(-1)",0) + INDIRECT("ZS(-3)",0) -> 2.5538509e+09 | DI15: =INDIRECT("ZS(-1)",0) / INDIRECT("Z6S(-1)",0) -> 1.8595549 | DJ15: 2079731239 | DK15: 29551932 | DL15: =INDIRECT("ZS(-1)",0) * 'Correction factor'!$C$13 -> 40984480 | DM15: =INDIRECT("ZS(-1)",0) + INDIRECT("ZS(-3)",0) -> 2.1207157e+09 | DN15: =INDIRECT("ZS(-1)",0) / INDIRECT("Z6S(-1)",0) -> 1.7479793 | DO15: 2321898257 | DP15: 40067480 | DQ15: =INDIRECT("ZS(-1)",0) * 'Correction factor'!$C$13 -> 55568104 | DR15: =INDIRECT("ZS(-1)",0) + INDIRECT("ZS(-3)",0) -> 2.3774664e+09 | DS15: =INDIRECT("ZS(-1)",0) / INDIRECT("Z6S(-1)",0) -> 1.7911813 | DT15: 2394882845 | DU15: 146784411 | DV15: =INDIRECT("ZS(-1)",0) * 'Correction factor'!$C$13 -> 2.0356986e+08 | DW15: =INDIRECT("ZS(-1)",0) + INDIRECT("ZS(-3)",0) -> 2.5984527e+09 | DX15: =INDIRECT("ZS(-1)",0) / INDIRECT("Z6S(-1)",0) -> 1.913435 | DY15: 2673639197 | DZ15: 156967711 | EA15: =INDIRECT("ZS(-1)",0) * 'Correction factor'!$C$13 -> 2.1769271e+08 | EB15: =INDIRECT("ZS(-1)",0) + INDIRECT("ZS(-3)",0) -> 2.8913319e+09 | EC15: =INDIRECT("ZS(-1)",0) / INDIRECT("Z6S(-1)",0) -> 2.0447503 | ED15: 2426022139 | EE15: 313316901 | EF15: =INDIRECT("ZS(-1)",0) * 'Correction factor'!$C$13 -> 4.3452761e+08 | EG15: =INDIRECT("ZS(-1)",0) + INDIRECT("ZS(-3)",0) -> 2.8605497e+09 | EH15: =INDIRECT("ZS(-1)",0) / INDIRECT("Z6S(-1)",0) -> 2.1869371 | EI15: 2160793903 | EJ15: 156713825 | EK15: =INDIRECT("ZS(-1)",0) * 'Correction factor'!$C$13 -> 2.173406e+08 | EL15: =INDIRECT("ZS(-1)",0) + INDIRECT("ZS(-3)",0) -> 2.3781345e+09 | EM15: =INDIRECT("ZS(-1)",0) / INDIRECT("Z6S(-1)",0) -> 1.807034 | EN15: 2863345986 | EO15: 12311559 | EP15: =INDIRECT("ZS(-1)",0) * 'Correction factor'!$C$13 -> 17074445 | EQ15: =INDIRECT("ZS(-1)",0) + INDIRECT("ZS(-3)",0) -> 2.8804204e+09 | ER15: =INDIRECT("ZS(-1)",0) / INDIRECT("Z6S(-1)",0) -> 1.9584466 | ES15: 2551802567 | ET15: 12607905 | EU15: =INDIRECT("ZS(-1)",0) * 'Correction factor'!$C$13 -> 17485437 | EV15: =INDIRECT("ZS(-1)",0) + INDIRECT("ZS(-3)",0) -> 2.569288e+09 | EW15: =INDIRECT("ZS(-1)",0) / INDIRECT("Z6S(-1)",0) -> 1.7562691 | EX15: 2329483920 | EY15: 10246369 | EZ15: =INDIRECT("ZS(-1)",0) * 'Correction factor'!$C$13 -> 14210310 | FA15: =INDIRECT("ZS(-1)",0) + INDIRECT("ZS(-3)",0) -> 2.3436942e+09 | FB15: =INDIRECT("ZS(-1)",0) / INDIRECT("Z6S(-1)",0) -> 1.6709831 | FC15: 2277314232 | FD15: 60189817 | FE15: =INDIRECT("ZS(-1)",0) * 'Correction factor'!$C$13 -> 83475028 | FF15: =INDIRECT("ZS(-1)",0) + INDIRECT("ZS(-3)",0) -> 2.3607893e+09 | FG15: =INDIRECT("ZS(-1)",0) / INDIRECT("Z6S(-1)",0) -> 1.8219264 | FH15: 3387601860 | FI15: 29970383 | FJ15: =INDIRECT("ZS(-1)",0) * 'Correction factor'!$C$13 -> 41564814 | FK15: =INDIRECT("ZS(-1)",0) + INDIRECT("ZS(-3)",0) -> 3.4291667e+09 | FL15: =INDIRECT("ZS(-1)",0) / INDIRECT("Z6S(-1)",0) -> 1.9318177 | FM15: 2857998216 | FN15: 11082953 | FO15: =INDIRECT("ZS(-1)",0) * 'Correction factor'!$C$13 -> 15370537 | FP15: =INDIRECT("ZS(-1)",0) + INDIRECT("ZS(-3)",0) -> 2.8733688e+09 | FQ15: =INDIRECT("ZS(-1)",0) / INDIRECT("Z6S(-1)",0) -> 2.0306432 | FR15: 2903994478 | FS15: 12192247 | FT15: =INDIRECT("ZS(-1)",0) * 'Correction factor'!$C$13 -> 16908976 | FU15: =INDIRECT("ZS(-1)",0) + INDIRECT("ZS(-3)",0) -> 2.9209035e+09 | FV15: =INDIRECT("ZS(-1)",0) / INDIRECT("Z6S(-1)",0) -> 2.0376358 | FW15: 2575882966 | FX15: 275037200 | FY15: =INDIRECT("ZS(-1)",0) * 'Correction factor'!$C$13 -> 3.8143891e+08 | FZ15: =INDIRECT("ZS(-1)",0) + INDIRECT("ZS(-3)",0) -> 2.9573219e+09 | GA15: =INDIRECT("ZS(-1)",0) / INDIRECT("Z6S(-1)",0) -> 2.3732484 | GB15: 2244966706 | GC15: 10995079 | GD15: =INDIRECT("ZS(-1)",0) * 'Correction factor'!$C$13 -> 15248668 | GE15: =INDIRECT("ZS(-1)",0) + INDIRECT("ZS(-3)",0) -> 2.2602154e+09 | GF15: =INDIRECT("ZS(-1)",0) / INDIRECT("Z6S(-1)",0) -> 1.5761505 | GG15: 2083569421 | GH15: 13473921 | GI15: =INDIRECT("ZS(-1)",0) * 'Correction factor'!$C$13 -> 18686482 | GJ15: =INDIRECT("ZS(-1)",0) + INDIRECT("ZS(-3)",0) -> 2.1022559e+09 | GK15: =INDIRECT("ZS(-1)",0) / INDIRECT("Z6S(-1)",0) -> 1.465894 | GL15: 904713165 | GM15: 38890839 | GN15: =INDIRECT("ZS(-1)",0) * 'Correction factor'!$C$13 -> 53936264 | GO15: =INDIRECT("ZS(-1)",0) + INDIRECT("ZS(-3)",0) -> 9.5864943e+08 | GP15: =INDIRECT("ZS(-1)",0) / INDIRECT("Z6S(-1)",0) -> 0.66132614 | GQ15: 474014089 | GR15: 9450065 | GS15: =INDIRECT("ZS(-1)",0) * 'Correction factor'!$C$13 -> 13105945 | GT15: =INDIRECT("ZS(-1)",0) + INDIRECT("ZS(-3)",0) -> 4.8712003e+08 | GU15: =INDIRECT("ZS(-1)",0) / INDIRECT("Z6S(-1)",0) -> 0.50508698 | GV15: 585909843 | GW15: 35667163 | GX15: =INDIRECT("ZS(-1)",0) * 'Correction factor'!$C$13 -> 49465467 | GY15: =INDIRECT("ZS(-1)",0) + INDIRECT("ZS(-3)",0) -> 6.3537531e+08 | GZ15: =INDIRECT("ZS(-1)",0) / INDIRECT("Z6S(-1)",0) -> 0.45105701 | HA15: 532638779 | HB15: 93484870 | HC15: =INDIRECT("ZS(-1)",0) * 'Correction factor'!$C$13 -> 1.296507e+08 | HD15: =INDIRECT("ZS(-1)",0) + INDIRECT("ZS(-3)",0) -> 6.6228948e+08 | HE15: =INDIRECT("ZS(-1)",0) / INDIRECT("Z6S(-1)",0) -> 0.48504526 | HF15: 639955473 | HG15: 417653234 | HH15: =INDIRECT("ZS(-1)",0) * 'Correction factor'!$C$13 -> 5.792278e+08 | HI15: =INDIRECT("ZS(-1)",0) + INDIRECT("ZS(-3)",0) -> 1.2191833e+09 | HJ15: =INDIRECT("ZS(-1)",0) / INDIRECT("Z6S(-1)",0) -> 0.8980869 | HK15: 405289173 | HL15: 502820810 | HM15: =INDIRECT("ZS(-1)",0) * 'Correction factor'!$C$13 -> 6.9734356e+08 | HN15: =INDIRECT("ZS(-1)",0) + INDIRECT("ZS(-3)",0) -> 1.1026327e+09 | HO15: =INDIRECT("ZS(-1)",0) / INDIRECT("Z6S(-1)",0) -> 0.82084864 | HP15: 731852496 | HQ15: 9185469 | HR15: =INDIRECT("ZS(-1)",0) * 'Correction factor'!$C$13 -> 12738987 | HS15: =INDIRECT("ZS(-1)",0) + INDIRECT("ZS(-3)",0) -> 7.4459148e+08 | HT15: =INDIRECT("ZS(-1)",0) / INDIRECT("Z6S(-1)",0) -> 0.48271304 | HU15: 809185929 | HV15: 19003352 | HW15: =INDIRECT("ZS(-1)",0) * 'Correction factor'!$C$13 -> 26355045 | HX15: =INDIRECT("ZS(-1)",0) + INDIRECT("ZS(-3)",0) -> 8.3554097e+08 | HY15: =INDIRECT("ZS(-1)",0) / INDIRECT("Z6S(-1)",0) -> 0.65565172 | HZ15: 741100130 | IA15: 256570660 | IB15: =INDIRECT("ZS(-1)",0) * 'Correction factor'!$C$13 -> 3.5582835e+08 | IC15: =INDIRECT("ZS(-1)",0) + INDIRECT("ZS(-3)",0) -> 1.0969285e+09 | ID15: =INDIRECT("ZS(-1)",0) / INDIRECT("Z6S(-1)",0) -> 0.85059434 | IE15: 829922272 | IF15: 10644950 | IG15: =INDIRECT("ZS(-1)",0) * 'Correction factor'!$C$13 -> 14763087 | IH15: =INDIRECT("ZS(-1)",0) + INDIRECT("ZS(-3)",0) -> 8.4468536e+08 | II15: =INDIRECT("ZS(-1)",0) / INDIRECT("Z6S(-1)",0) -> 0.6463631
A16: 12 | B16: 45503 | C16: Tuesday | D16: 4704579171 | E16: 13460858 | F16: =INDIRECT("ZS(-1)",0) * 'Correction factor'!$C$13 -> 18668365 | G16: =INDIRECT("ZS(-1)",0) + INDIRECT("ZS(-3)",0) -> 4.7232475e+09 | H16: =INDIRECT("ZS(-1)",0) / INDIRECT("Z6S(-1)",0) -> 3.4160763 | I16: 3209239372 | J16: 15564046 | K16: =INDIRECT("ZS(-1)",0) * 'Correction factor'!$C$13 -> 21585199 | L16: =INDIRECT("ZS(-1)",0) + INDIRECT("ZS(-3)",0) -> 3.2308246e+09 | M16: =INDIRECT("ZS(-1)",0) / INDIRECT("Z6S(-1)",0) -> 2.1178166 | N16: 4797341523 | O16: 13447613 | P16: =INDIRECT("ZS(-1)",0) * 'Correction factor'!$C$13 -> 18649996 | Q16: =INDIRECT("ZS(-1)",0) + INDIRECT("ZS(-3)",0) -> 4.8159915e+09 | R16: =INDIRECT("ZS(-1)",0) / INDIRECT("Z6S(-1)",0) -> 3.7492663 | S16: 3719848497 | T16: 10798713 | U16: =INDIRECT("ZS(-1)",0) * 'Correction factor'!$C$13 -> 14976335 | V16: =INDIRECT("ZS(-1)",0) + INDIRECT("ZS(-3)",0) -> 3.7348248e+09 | W16: =INDIRECT("ZS(-1)",0) / INDIRECT("Z6S(-1)",0) -> 2.5495802 | X16: 3953720076 | Y16: 12701999 | Z16: =INDIRECT("ZS(-1)",0) * 'Correction factor'!$C$13 -> 17615932 | AA16: =INDIRECT("ZS(-1)",0) + INDIRECT("ZS(-3)",0) -> 3.971336e+09 | AB16: =INDIRECT("ZS(-1)",0) / INDIRECT("Z6S(-1)",0) -> 2.7697262 | AC16: 4714983142 | AD16: 19031293 | AE16: =INDIRECT("ZS(-1)",0) * 'Correction factor'!$C$13 -> 26393795 | AF16: =INDIRECT("ZS(-1)",0) + INDIRECT("ZS(-3)",0) -> 4.7413769e+09 | AG16: =INDIRECT("ZS(-1)",0) / INDIRECT("Z6S(-1)",0) -> 3.0587292 | AH16: 435982267 | AI16: 10804381 | AJ16: =INDIRECT("ZS(-1)",0) * 'Correction factor'!$C$13 -> 14984196 | AK16: =INDIRECT("ZS(-1)",0) + INDIRECT("ZS(-3)",0) -> 4.5096646e+08 | AL16: =INDIRECT("ZS(-1)",0) / INDIRECT("Z6S(-1)",0) -> 0.25593972 | AM16: 314494605 | AN16: 493226945 | AO16: =INDIRECT("ZS(-1)",0) * 'Correction factor'!$C$13 -> 6.8403818e+08 | AP16: =INDIRECT("ZS(-1)",0) + INDIRECT("ZS(-3)",0) -> 9.9853279e+08 | AQ16: =INDIRECT("ZS(-1)",0) / INDIRECT("Z6S(-1)",0) -> 0.64846053 | AR16: 384205171 | AS16: 10528954 | AT16: =INDIRECT("ZS(-1)",0) * 'Correction factor'!$C$13 -> 14602216 | AU16: =INDIRECT("ZS(-1)",0) + INDIRECT("ZS(-3)",0) -> 3.9880739e+08 | AV16: =INDIRECT("ZS(-1)",0) / INDIRECT("Z6S(-1)",0) -> 0.28539711 | AW16: 159065343 | AX16: 11600715 | AY16: =INDIRECT("ZS(-1)",0) * 'Correction factor'!$C$13 -> 16088602 | AZ16: =INDIRECT("ZS(-1)",0) + INDIRECT("ZS(-3)",0) -> 1.7515394e+08 | BA16: =INDIRECT("ZS(-1)",0) / INDIRECT("Z6S(-1)",0) -> 0.12033814 | BB16: 501706579 | BC16: 11903288 | BD16: =INDIRECT("ZS(-1)",0) * 'Correction factor'!$C$13 -> 16508229 | BE16: =INDIRECT("ZS(-1)",0) + INDIRECT("ZS(-3)",0) -> 5.1821481e+08 | BF16: =INDIRECT("ZS(-1)",0) / INDIRECT("Z6S(-1)",0) -> 0.35174737 | BG16: 779470985 | BH16: 10237570 | BI16: =INDIRECT("ZS(-1)",0) * 'Correction factor'!$C$13 -> 14198107 | BJ16: =INDIRECT("ZS(-1)",0) + INDIRECT("ZS(-3)",0) -> 7.9366909e+08 | BK16: =INDIRECT("ZS(-1)",0) / INDIRECT("Z6S(-1)",0) -> 0.48342185 | BL16: 296759657 | BM16: 3430916933 | BN16: =INDIRECT("ZS(-1)",0) * 'Correction factor'!$C$13 -> 4.7582116e+09 | BO16: =INDIRECT("ZS(-1)",0) + INDIRECT("ZS(-3)",0) -> 5.0549713e+09 | BP16: =INDIRECT("ZS(-1)",0) / INDIRECT("Z6S(-1)",0) -> 24.24379 | BQ16: 153427320 | BR16: 2140565925 | BS16: =INDIRECT("ZS(-1)",0) * 'Correction factor'!$C$13 -> 2.9686716e+09 | BT16: =INDIRECT("ZS(-1)",0) + INDIRECT("ZS(-3)",0) -> 3.1220989e+09 | BU16: =INDIRECT("ZS(-1)",0) / INDIRECT("Z6S(-1)",0) -> 18.329404 | BV16: -482049 | BW16: 93864646 | BX16: =INDIRECT("ZS(-1)",0) * 'Correction factor'!$C$13 -> 1.301774e+08 | BY16: =INDIRECT("ZS(-1)",0) + INDIRECT("ZS(-3)",0) -> 1.2969535e+08 | BZ16: =INDIRECT("ZS(-1)",0) / INDIRECT("Z6S(-1)",0) -> 0.82544912 | CA16: 249027264 | CB16: 3373874740 | CC16: =INDIRECT("ZS(-1)",0) * 'Correction factor'!$C$13 -> 4.6791019e+09 | CD16: =INDIRECT("ZS(-1)",0) + INDIRECT("ZS(-3)",0) -> 4.9281292e+09 | CE16: =INDIRECT("ZS(-1)",0) / INDIRECT("Z6S(-1)",0) -> 27.89445 | CF16: 2686887 | CG16: 9582690 | CH16: =INDIRECT("ZS(-1)",0) * 'Correction factor'!$C$13 -> 13289878 | CI16: =INDIRECT("ZS(-1)",0) + INDIRECT("ZS(-3)",0) -> 15976765 | CJ16: =INDIRECT("ZS(-1)",0) / INDIRECT("Z6S(-1)",0) -> 0.11606245 | CK16: 27856618 | CL16: 342479469 | CM16: =INDIRECT("ZS(-1)",0) * 'Correction factor'!$C$13 -> 4.7497209e+08 | CN16: =INDIRECT("ZS(-1)",0) + INDIRECT("ZS(-3)",0) -> 5.0282871e+08 | CO16: =INDIRECT("ZS(-1)",0) / INDIRECT("Z6S(-1)",0) -> 3.5917311 | CP16: 3392188455 | CQ16: 11480639 | CR16: =INDIRECT("ZS(-1)",0) * 'Correction factor'!$C$13 -> 15922073 | CS16: =INDIRECT("ZS(-1)",0) + INDIRECT("ZS(-3)",0) -> 3.4081105e+09 | CT16: =INDIRECT("ZS(-1)",0) / INDIRECT("Z6S(-1)",0) -> 2.3217065 | CU16: 3012509337 | CV16: 11227698 | CW16: =INDIRECT("ZS(-1)",0) * 'Correction factor'!$C$13 -> 15571279 | CX16: =INDIRECT("ZS(-1)",0) + INDIRECT("ZS(-3)",0) -> 3.0280806e+09 | CY16: =INDIRECT("ZS(-1)",0) / INDIRECT("Z6S(-1)",0) -> 2.3168359 | CZ16: 2725069380 | DA16: 67150206 | DB16: =INDIRECT("ZS(-1)",0) * 'Correction factor'!$C$13 -> 93128134 | DC16: =INDIRECT("ZS(-1)",0) + INDIRECT("ZS(-3)",0) -> 2.8181975e+09 | DD16: =INDIRECT("ZS(-1)",0) / INDIRECT("Z6S(-1)",0) -> 1.8497608 | DE16: 2539532843 | DF16: 131045863 | DG16: =INDIRECT("ZS(-1)",0) * 'Correction factor'!$C$13 -> 1.8174265e+08 | DH16: =INDIRECT("ZS(-1)",0) + INDIRECT("ZS(-3)",0) -> 2.7212755e+09 | DI16: =INDIRECT("ZS(-1)",0) / INDIRECT("Z6S(-1)",0) -> 1.981463 | DJ16: 2204856880 | DK16: 39848986 | DL16: =INDIRECT("ZS(-1)",0) * 'Correction factor'!$C$13 -> 55265083 | DM16: =INDIRECT("ZS(-1)",0) + INDIRECT("ZS(-3)",0) -> 2.260122e+09 | DN16: =INDIRECT("ZS(-1)",0) / INDIRECT("Z6S(-1)",0) -> 1.8628835 | DO16: 2435845051 | DP16: 49361684 | DQ16: =INDIRECT("ZS(-1)",0) * 'Correction factor'!$C$13 -> 68457891 | DR16: =INDIRECT("ZS(-1)",0) + INDIRECT("ZS(-3)",0) -> 2.5043029e+09 | DS16: =INDIRECT("ZS(-1)",0) / INDIRECT("Z6S(-1)",0) -> 1.8867399 | DT16: 2493626156 | DU16: 202449366 | DV16: =INDIRECT("ZS(-1)",0) * 'Correction factor'!$C$13 -> 2.8076953e+08 | DW16: =INDIRECT("ZS(-1)",0) + INDIRECT("ZS(-3)",0) -> 2.7743957e+09 | DX16: =INDIRECT("ZS(-1)",0) / INDIRECT("Z6S(-1)",0) -> 2.042995 | DY16: 2717821412 | DZ16: 214276293 | EA16: =INDIRECT("ZS(-1)",0) * 'Correction factor'!$C$13 -> 2.9717186e+08 | EB16: =INDIRECT("ZS(-1)",0) + INDIRECT("ZS(-3)",0) -> 3.0149933e+09 | EC16: =INDIRECT("ZS(-1)",0) / INDIRECT("Z6S(-1)",0) -> 2.1322037 | ED16: 2390735544 | EE16: 470889094 | EF16: =INDIRECT("ZS(-1)",0) * 'Correction factor'!$C$13 -> 6.5305865e+08 | EG16: =INDIRECT("ZS(-1)",0) + INDIRECT("ZS(-3)",0) -> 3.0437942e+09 | EH16: =INDIRECT("ZS(-1)",0) / INDIRECT("Z6S(-1)",0) -> 2.3270305 | EI16: 2284085978 | EJ16: 209813316 | EK16: =INDIRECT("ZS(-1)",0) * 'Correction factor'!$C$13 -> 2.9098232e+08 | EL16: =INDIRECT("ZS(-1)",0) + INDIRECT("ZS(-3)",0) -> 2.5750683e+09 | EM16: =INDIRECT("ZS(-1)",0) / INDIRECT("Z6S(-1)",0) -> 1.9566749 | EN16: 2883492171 | EO16: 12774298 | EP16: =INDIRECT("ZS(-1)",0) * 'Correction factor'!$C$13 -> 17716201 | EQ16: =INDIRECT("ZS(-1)",0) + INDIRECT("ZS(-3)",0) -> 2.9012084e+09 | ER16: =INDIRECT("ZS(-1)",0) / INDIRECT("Z6S(-1)",0) -> 1.9725807 | ES16: 2588827648 | ET16: 13462518 | EU16: =INDIRECT("ZS(-1)",0) * 'Correction factor'!$C$13 -> 18670668 | EV16: =INDIRECT("ZS(-1)",0) + INDIRECT("ZS(-3)",0) -> 2.6074983e+09 | EW16: =INDIRECT("ZS(-1)",0) / INDIRECT("Z6S(-1)",0) -> 1.7823883 | EX16: 2299890223 | EY16: 9887860 | EZ16: =INDIRECT("ZS(-1)",0) * 'Correction factor'!$C$13 -> 13713107 | FA16: =INDIRECT("ZS(-1)",0) + INDIRECT("ZS(-3)",0) -> 2.3136033e+09 | FB16: =INDIRECT("ZS(-1)",0) / INDIRECT("Z6S(-1)",0) -> 1.6495292 | FC16: 2389910779 | FD16: 77998498 | FE16: =INDIRECT("ZS(-1)",0) * 'Correction factor'!$C$13 -> 1.0817323e+08 | FF16: =INDIRECT("ZS(-1)",0) + INDIRECT("ZS(-3)",0) -> 2.498084e+09 | FG16: =INDIRECT("ZS(-1)",0) / INDIRECT("Z6S(-1)",0) -> 1.9278829 | FH16: 3447664528 | FI16: 33194388 | FJ16: =INDIRECT("ZS(-1)",0) * 'Correction factor'!$C$13 -> 46036067 | FK16: =INDIRECT("ZS(-1)",0) + INDIRECT("ZS(-3)",0) -> 3.4937006e+09 | FL16: =INDIRECT("ZS(-1)",0) / INDIRECT("Z6S(-1)",0) -> 1.9681728 | FM16: 2939398161 | FN16: 11408768 | FO16: =INDIRECT("ZS(-1)",0) * 'Correction factor'!$C$13 -> 15822398 | FP16: =INDIRECT("ZS(-1)",0) + INDIRECT("ZS(-3)",0) -> 2.9552206e+09 | FQ16: =INDIRECT("ZS(-1)",0) / INDIRECT("Z6S(-1)",0) -> 2.0884889 | FR16: 2990249762 | FS16: 12815512 | FT16: =INDIRECT("ZS(-1)",0) * 'Correction factor'!$C$13 -> 17773359 | FU16: =INDIRECT("ZS(-1)",0) + INDIRECT("ZS(-3)",0) -> 3.0080231e+09 | FV16: =INDIRECT("ZS(-1)",0) / INDIRECT("Z6S(-1)",0) -> 2.0984109 | FW16: 2607616454 | FX16: 378838328 | FY16: =INDIRECT("ZS(-1)",0) * 'Correction factor'!$C$13 -> 5.2539685e+08 | FZ16: =INDIRECT("ZS(-1)",0) + INDIRECT("ZS(-3)",0) -> 3.1330133e+09 | GA16: =INDIRECT("ZS(-1)",0) / INDIRECT("Z6S(-1)",0) -> 2.5142406 | GB16: 2286256536 | GC16: 11008918 | GD16: =INDIRECT("ZS(-1)",0) * 'Correction factor'!$C$13 -> 15267861 | GE16: =INDIRECT("ZS(-1)",0) + INDIRECT("ZS(-3)",0) -> 2.3015244e+09 | GF16: =INDIRECT("ZS(-1)",0) / INDIRECT("Z6S(-1)",0) -> 1.6049571 | GG16: 1838734421 | GH16: 13761635 | GI16: =INDIRECT("ZS(-1)",0) * 'Correction factor'!$C$13 -> 19085502 | GJ16: =INDIRECT("ZS(-1)",0) + INDIRECT("ZS(-3)",0) -> 1.8578199e+09 | GK16: =INDIRECT("ZS(-1)",0) / INDIRECT("Z6S(-1)",0) -> 1.2954498 | GL16: 839407424 | GM16: 57448069 | GN16: =INDIRECT("ZS(-1)",0) * 'Correction factor'!$C$13 -> 79672599 | GO16: =INDIRECT("ZS(-1)",0) + INDIRECT("ZS(-3)",0) -> 9.1908002e+08 | GP16: =INDIRECT("ZS(-1)",0) / INDIRECT("Z6S(-1)",0) -> 0.63402911 | GQ16: 618557025 | GR16: 9694833 | GS16: =INDIRECT("ZS(-1)",0) * 'Correction factor'!$C$13 -> 13445405 | GT16: =INDIRECT("ZS(-1)",0) + INDIRECT("ZS(-3)",0) -> 6.3200243e+08 | GU16: =INDIRECT("ZS(-1)",0) / INDIRECT("Z6S(-1)",0) -> 0.65531323 | GV16: 557469382 | GW16: 50195412 | GX16: =INDIRECT("ZS(-1)",0) * 'Correction factor'!$C$13 -> 69614158 | GY16: =INDIRECT("ZS(-1)",0) + INDIRECT("ZS(-3)",0) -> 6.2708354e+08 | GZ16: =INDIRECT("ZS(-1)",0) / INDIRECT("Z6S(-1)",0) -> 0.44517063 | HA16: 460415531 | HB16: 138703461 | HC16: =INDIRECT("ZS(-1)",0) * 'Correction factor'!$C$13 -> 1.9236269e+08 | HD16: =INDIRECT("ZS(-1)",0) + INDIRECT("ZS(-3)",0) -> 6.5277822e+08 | HE16: =INDIRECT("ZS(-1)",0) / INDIRECT("Z6S(-1)",0) -> 0.47807943 | HF16: 553509192 | HG16: 639552125 | HH16: =INDIRECT("ZS(-1)",0) * 'Correction factor'!$C$13 -> 8.8697116e+08 | HI16: =INDIRECT("ZS(-1)",0) + INDIRECT("ZS(-3)",0) -> 1.4404803e+09 | HJ16: =INDIRECT("ZS(-1)",0) / INDIRECT("Z6S(-1)",0) -> 1.0611009 | HK16: 359306342 | HL16: 751944363 | HM16: =INDIRECT("ZS(-1)",0) * 'Correction factor'!$C$13 -> 1.0428438e+09 | HN16: =INDIRECT("ZS(-1)",0) + INDIRECT("ZS(-3)",0) -> 1.4021501e+09 | HO16: =INDIRECT("ZS(-1)",0) / INDIRECT("Z6S(-1)",0) -> 1.0438227 | HP16: 643456115 | HQ16: 9581078 | HR16: =INDIRECT("ZS(-1)",0) * 'Correction factor'!$C$13 -> 13287642 | HS16: =INDIRECT("ZS(-1)",0) + INDIRECT("ZS(-3)",0) -> 6.5674376e+08 | HT16: =INDIRECT("ZS(-1)",0) / INDIRECT("Z6S(-1)",0) -> 0.42576202 | HU16: 705076846 | HV16: 23974960 | HW16: =INDIRECT("ZS(-1)",0) * 'Correction factor'!$C$13 -> 33249984 | HX16: =INDIRECT("ZS(-1)",0) + INDIRECT("ZS(-3)",0) -> 7.3832683e+08 | HY16: =INDIRECT("ZS(-1)",0) / INDIRECT("Z6S(-1)",0) -> 0.57936747 | HZ16: 679262801 | IA16: 413831958 | IB16: =INDIRECT("ZS(-1)",0) * 'Correction factor'!$C$13 -> 5.7392822e+08 | IC16: =INDIRECT("ZS(-1)",0) + INDIRECT("ZS(-3)",0) -> 1.253191e+09 | ID16: =INDIRECT("ZS(-1)",0) / INDIRECT("Z6S(-1)",0) -> 0.97176545 | IE16: 723459623 | IF16: 11374689 | IG16: =INDIRECT("ZS(-1)",0) * 'Correction factor'!$C$13 -> 15775135 | IH16: =INDIRECT("ZS(-1)",0) + INDIRECT("ZS(-3)",0) -> 7.3923476e+08 | II16: =INDIRECT("ZS(-1)",0) / INDIRECT("Z6S(-1)",0) -> 0.56567107
... A40: 36 | B40: 45527 | C40: Friday | D40: 6897543685 | E40: 37462189 | F40: =INDIRECT("ZS(-1)",0) * 'Correction factor'!$C$13 -> 51954923 | G40: =INDIRECT("ZS(-1)",0) + INDIRECT("ZS(-3)",0) -> 6.9494986e+09 | H40: =INDIRECT("ZS(-1)",0) / INDIRECT("Z6S(-1)",0) -> 5.0262065 | I40: 7245850138 | J40: 97704314 | K40: =INDIRECT("ZS(-1)",0) * 'Correction factor'!$C$13 -> 1.3550249e+08 | L40: =INDIRECT("ZS(-1)",0) + INDIRECT("ZS(-3)",0) -> 7.3813526e+09 | M40: =INDIRECT("ZS(-1)",0) / INDIRECT("Z6S(-1)",0) -> 4.8385021 | N40: 4215936286 | O40: 19803671 | P40: =INDIRECT("ZS(-1)",0) * 'Correction factor'!$C$13 -> 27464978 | Q40: =INDIRECT("ZS(-1)",0) + INDIRECT("ZS(-3)",0) -> 4.2434013e+09 | R40: =INDIRECT("ZS(-1)",0) / INDIRECT("Z6S(-1)",0) -> 3.3035028 | S40: 0 | T40: 0 | U40: =INDIRECT("ZS(-1)",0) * 'Correction factor'!$C$13 -> 0 | V40: =INDIRECT("ZS(-1)",0) + INDIRECT("ZS(-3)",0) -> 0 | W40: =INDIRECT("ZS(-1)",0) / INDIRECT("Z6S(-1)",0) -> 0 | X40: 6128255620 | Y40: 32065957 | Z40: =INDIRECT("ZS(-1)",0) * 'Correction factor'!$C$13 -> 44471088 | AA40: =INDIRECT("ZS(-1)",0) + INDIRECT("ZS(-3)",0) -> 6.1727267e+09 | AB40: =INDIRECT("ZS(-1)",0) / INDIRECT("Z6S(-1)",0) -> 4.3050407 | AC40: 3065478112 | AD40: 19512475 | AE40: =INDIRECT("ZS(-1)",0) * 'Correction factor'!$C$13 -> 27061129 | AF40: =INDIRECT("ZS(-1)",0) + INDIRECT("ZS(-3)",0) -> 3.0925392e+09 | AG40: =INDIRECT("ZS(-1)",0) / INDIRECT("Z6S(-1)",0) -> 1.9950407 | AH40: 0 | AI40: 0 | AJ40: =INDIRECT("ZS(-1)",0) * 'Correction factor'!$C$13 -> 0 | AK40: =INDIRECT("ZS(-1)",0) + INDIRECT("ZS(-3)",0) -> 0 | AL40: =INDIRECT("ZS(-1)",0) / INDIRECT("Z6S(-1)",0) -> 0 | AM40: 0 | AN40: 0 | AO40: =INDIRECT("ZS(-1)",0) * 'Correction factor'!$C$13 -> 0 | AP40: =INDIRECT("ZS(-1)",0) + INDIRECT("ZS(-3)",0) -> 0 | AQ40: =INDIRECT("ZS(-1)",0) / INDIRECT("Z6S(-1)",0) -> 0 | AR40: 0 | AS40: 0 | AT40: =INDIRECT("ZS(-1)",0) * 'Correction factor'!$C$13 -> 0 | AU40: =INDIRECT("ZS(-1)",0) + INDIRECT("ZS(-3)",0) -> 0 | AV40: =INDIRECT("ZS(-1)",0) / INDIRECT("Z6S(-1)",0) -> 0 | AW40: 0 | AX40: 0 | AY40: =INDIRECT("ZS(-1)",0) * 'Correction factor'!$C$13 -> 0 | AZ40: =INDIRECT("ZS(-1)",0) + INDIRECT("ZS(-3)",0) -> 0 | BA40: =INDIRECT("ZS(-1)",0) / INDIRECT("Z6S(-1)",0) -> 0 | BB40: 66159954 | BC40: 170657183 | BD40: =INDIRECT("ZS(-1)",0) * 'Correction factor'!$C$13 -> 2.3667813e+08 | BE40: =INDIRECT("ZS(-1)",0) + INDIRECT("ZS(-3)",0) -> 3.0283808e+08 | BF40: =INDIRECT("ZS(-1)",0) / INDIRECT("Z6S(-1)",0) -> 0.20555664 | BG40: 80639000 | BH40: 24995883 | BI40: =INDIRECT("ZS(-1)",0) * 'Correction factor'!$C$13 -> 34665864 | BJ40: =INDIRECT("ZS(-1)",0) + INDIRECT("ZS(-3)",0) -> 1.1530486e+08 | BK40: =INDIRECT("ZS(-1)",0) / INDIRECT("Z6S(-1)",0) -> 0.070231904 | BL40: 2481407889 | BM40: 27421094857 | BN40: =INDIRECT("ZS(-1)",0) * 'Correction factor'!$C$13 -> 3.8029301e+10 | BO40: =INDIRECT("ZS(-1)",0) + INDIRECT("ZS(-3)",0) -> 4.0510709e+10 | BP40: =INDIRECT("ZS(-1)",0) / INDIRECT("Z6S(-1)",0) -> 194.29055 | BQ40: 2039490514 | BR40: 23725839956 | BS40: =INDIRECT("ZS(-1)",0) * 'Correction factor'!$C$13 -> 3.2904489e+10 | BT40: =INDIRECT("ZS(-1)",0) + INDIRECT("ZS(-3)",0) -> 3.4943979e+10 | BU40: =INDIRECT("ZS(-1)",0) / INDIRECT("Z6S(-1)",0) -> 205.15119 | BV40: 0 | BW40: 0 | BX40: =INDIRECT("ZS(-1)",0) * 'Correction factor'!$C$13 -> 0 | BY40: =INDIRECT("ZS(-1)",0) + INDIRECT("ZS(-3)",0) -> 0 | BZ40: =INDIRECT("ZS(-1)",0) / INDIRECT("Z6S(-1)",0) -> 0 | CA40: 1527615553 | CB40: 18151161510 | CC40: =INDIRECT("ZS(-1)",0) * 'Correction factor'!$C$13 -> 2.5173174e+10 | CD40: =INDIRECT("ZS(-1)",0) + INDIRECT("ZS(-3)",0) -> 2.6700789e+10 | CE40: =INDIRECT("ZS(-1)",0) / INDIRECT("Z6S(-1)",0) -> 151.13318 | CF40: 0 | CG40: 0 | CH40: =INDIRECT("ZS(-1)",0) * 'Correction factor'!$C$13 -> 0 | CI40: =INDIRECT("ZS(-1)",0) + INDIRECT("ZS(-3)",0) -> 0 | CJ40: =INDIRECT("ZS(-1)",0) / INDIRECT("Z6S(-1)",0) -> 0 | CK40: 0 | CL40: 0 | CM40: =INDIRECT("ZS(-1)",0) * 'Correction factor'!$C$13 -> 0 | CN40: =INDIRECT("ZS(-1)",0) + INDIRECT("ZS(-3)",0) -> 0 | CO40: =INDIRECT("ZS(-1)",0) / INDIRECT("Z6S(-1)",0) -> 0 | CP40: 658307083 | CQ40: 30812260 | CR40: =INDIRECT("ZS(-1)",0) * 'Correction factor'!$C$13 -> 42732382 | CS40: =INDIRECT("ZS(-1)",0) + INDIRECT("ZS(-3)",0) -> 7.0103947e+08 | CT40: =INDIRECT("ZS(-1)",0) / INDIRECT("Z6S(-1)",0) -> 0.47756899 | CU40: 730079469 | CV40: 844596745 | CW40: =INDIRECT("ZS(-1)",0) * 'Correction factor'!$C$13 -> 1.1713399e+09 | CX40: =INDIRECT("ZS(-1)",0) + INDIRECT("ZS(-3)",0) -> 1.9014194e+09 | CY40: =INDIRECT("ZS(-1)",0) / INDIRECT("Z6S(-1)",0) -> 1.4548083 | CZ40: 0 | DA40: 0 | DB40: =INDIRECT("ZS(-1)",0) * 'Correction factor'!$C$13 -> 0 | DC40: =INDIRECT("ZS(-1)",0) + INDIRECT("ZS(-3)",0) -> 0 | DD40: =INDIRECT("ZS(-1)",0) / INDIRECT("Z6S(-1)",0) -> 0 | DE40: 1134907040 | DF40: 8382348811 | DG40: =INDIRECT("ZS(-1)",0) * 'Correction factor'!$C$13 -> 1.1625169e+10 | DH40: =INDIRECT("ZS(-1)",0) + INDIRECT("ZS(-3)",0) -> 1.2760076e+10 | DI40: =INDIRECT("ZS(-1)",0) / INDIRECT("Z6S(-1)",0) -> 9.2910911 | DJ40: 1605950815 | DK40: 17552442226 | DL40: =INDIRECT("ZS(-1)",0) * 'Correction factor'!$C$13 -> 2.4342832e+10 | DM40: =INDIRECT("ZS(-1)",0) + INDIRECT("ZS(-3)",0) -> 2.5948783e+10 | DN40: =INDIRECT("ZS(-1)",0) / INDIRECT("Z6S(-1)",0) -> 21.388032 | DO40: 552781246 | DP40: 2507049440 | DQ40: =INDIRECT("ZS(-1)",0) * 'Correction factor'!$C$13 -> 3.476934e+09 | DR40: =INDIRECT("ZS(-1)",0) + INDIRECT("ZS(-3)",0) -> 4.0297153e+09 | DS40: =INDIRECT("ZS(-1)",0) / INDIRECT("Z6S(-1)",0) -> 3.0359843 | DT40: 2082601568 | DU40: 21606954524 | DV40: =INDIRECT("ZS(-1)",0) * 'Correction factor'!$C$13 -> 2.9965885e+10 | DW40: =INDIRECT("ZS(-1)",0) + INDIRECT("ZS(-3)",0) -> 3.2048487e+10 | DX40: =INDIRECT("ZS(-1)",0) / INDIRECT("Z6S(-1)",0) -> 23.599697 | DY40: 1689262767 | DZ40: 18031219718 | EA40: =INDIRECT("ZS(-1)",0) * 'Correction factor'!$C$13 -> 2.5006831e+10 | EB40: =INDIRECT("ZS(-1)",0) + INDIRECT("ZS(-3)",0) -> 2.6696094e+10 | EC40: =INDIRECT("ZS(-1)",0) / INDIRECT("Z6S(-1)",0) -> 18.879481 | ED40: 0 | EE40: 0 | EF40: =INDIRECT("ZS(-1)",0) * 'Correction factor'!$C$13 -> 0 | EG40: =INDIRECT("ZS(-1)",0) + INDIRECT("ZS(-3)",0) -> 0 | EH40: =INDIRECT("ZS(-1)",0) / INDIRECT("Z6S(-1)",0) -> 0 | EI40: 0 | EJ40: 0 | EK40: =INDIRECT("ZS(-1)",0) * 'Correction factor'!$C$13 -> 0 | EL40: =INDIRECT("ZS(-1)",0) + INDIRECT("ZS(-3)",0) -> 0 | EM40: =INDIRECT("ZS(-1)",0) / INDIRECT("Z6S(-1)",0) -> 0 | EN40: 1515591671 | EO40: 98451979 | EP40: =INDIRECT("ZS(-1)",0) * 'Correction factor'!$C$13 -> 1.365394e+08 | EQ40: =INDIRECT("ZS(-1)",0) + INDIRECT("ZS(-3)",0) -> 1.6521311e+09 | ER40: =INDIRECT("ZS(-1)",0) / INDIRECT("Z6S(-1)",0) -> 1.1233119 | ES40: 3147617284 | ET40: 128007159 | EU40: =INDIRECT("ZS(-1)",0) * 'Correction factor'!$C$13 -> 1.7752839e+08 | EV40: =INDIRECT("ZS(-1)",0) + INDIRECT("ZS(-3)",0) -> 3.3251457e+09 | EW40: =INDIRECT("ZS(-1)",0) / INDIRECT("Z6S(-1)",0) -> 2.2729451 | EX40: 1482455136 | EY40: 87452724 | EZ40: =INDIRECT("ZS(-1)",0) * 'Correction factor'!$C$13 -> 1.2128494e+08 | FA40: =INDIRECT("ZS(-1)",0) + INDIRECT("ZS(-3)",0) -> 1.6037401e+09 | FB40: =INDIRECT("ZS(-1)",0) / INDIRECT("Z6S(-1)",0) -> 1.1434181 | FC40: 1070020397 | FD40: 10252877652 | FE40: =INDIRECT("ZS(-1)",0) * 'Correction factor'!$C$13 -> 1.4219336e+10 | FF40: =INDIRECT("ZS(-1)",0) + INDIRECT("ZS(-3)",0) -> 1.5289357e+10 | FG40: =INDIRECT("ZS(-1)",0) / INDIRECT("Z6S(-1)",0) -> 11.799479 | FH40: 1875937932 | FI40: 8319037976 | FJ40: =INDIRECT("ZS(-1)",0) * 'Correction factor'!$C$13 -> 1.1537366e+10 | FK40: =INDIRECT("ZS(-1)",0) + INDIRECT("ZS(-3)",0) -> 1.3413304e+10 | FL40: =INDIRECT("ZS(-1)",0) / INDIRECT("Z6S(-1)",0) -> 7.5563716 | FM40: 799037073 | FN40: 122409681 | FO40: =INDIRECT("ZS(-1)",0) * 'Correction factor'!$C$13 -> 1.6976545e+08 | FP40: =INDIRECT("ZS(-1)",0) + INDIRECT("ZS(-3)",0) -> 9.6880253e+08 | FQ40: =INDIRECT("ZS(-1)",0) / INDIRECT("Z6S(-1)",0) -> 0.68466406 | FR40: 647003978 | FS40: 796381797 | FT40: =INDIRECT("ZS(-1)",0) * 'Correction factor'!$C$13 -> 1.1044724e+09 | FU40: =INDIRECT("ZS(-1)",0) + INDIRECT("ZS(-3)",0) -> 1.7514764e+09 | FV40: =INDIRECT("ZS(-1)",0) / INDIRECT("Z6S(-1)",0) -> 1.2218381 | FW40: 2135967103 | FX40: 20839602971 | FY40: =INDIRECT("ZS(-1)",0) * 'Correction factor'!$C$13 -> 2.8901674e+10 | FZ40: =INDIRECT("ZS(-1)",0) + INDIRECT("ZS(-3)",0) -> 3.1037641e+10 | GA40: =INDIRECT("ZS(-1)",0) / INDIRECT("Z6S(-1)",0) -> 24.907681 | GB40: 2737862845 | GC40: 60693703 | GD40: =INDIRECT("ZS(-1)",0) * 'Correction factor'!$C$13 -> 84173849 | GE40: =INDIRECT("ZS(-1)",0) + INDIRECT("ZS(-3)",0) -> 2.8220367e+09 | GF40: =INDIRECT("ZS(-1)",0) / INDIRECT("Z6S(-1)",0) -> 1.9679339 | GG40: 2128026084 | GH40: 79475722 | GI40: =INDIRECT("ZS(-1)",0) * 'Correction factor'!$C$13 -> 1.1022194e+08 | GJ40: =INDIRECT("ZS(-1)",0) + INDIRECT("ZS(-3)",0) -> 2.238248e+09 | GK40: =INDIRECT("ZS(-1)",0) / INDIRECT("Z6S(-1)",0) -> 1.5607207 | GL40: 603401484 | GM40: 7308512776 | GN40: =INDIRECT("ZS(-1)",0) * 'Correction factor'!$C$13 -> 1.0135906e+10 | GO40: =INDIRECT("ZS(-1)",0) + INDIRECT("ZS(-3)",0) -> 1.0739307e+10 | GP40: =INDIRECT("ZS(-1)",0) / INDIRECT("Z6S(-1)",0) -> 7.4085316 | GQ40: 2019741633 | GR40: 106483568 | GS40: =INDIRECT("ZS(-1)",0) * 'Correction factor'!$C$13 -> 1.4767812e+08 | GT40: =INDIRECT("ZS(-1)",0) + INDIRECT("ZS(-3)",0) -> 2.1674197e+09 | GU40: =INDIRECT("ZS(-1)",0) / INDIRECT("Z6S(-1)",0) -> 2.2473629 | GV40: 3624807058 | GW40: 842470124 | GX40: =INDIRECT("ZS(-1)",0) * 'Correction factor'!$C$13 -> 1.1683906e+09 | GY40: =INDIRECT("ZS(-1)",0) + INDIRECT("ZS(-3)",0) -> 4.7931977e+09 | GZ40: =INDIRECT("ZS(-1)",0) / INDIRECT("Z6S(-1)",0) -> 3.4027218 | HA40: 801800986 | HB40: 9611804898 | HC40: =INDIRECT("ZS(-1)",0) * 'Correction factor'!$C$13 -> 1.3330256e+10 | HD40: =INDIRECT("ZS(-1)",0) + INDIRECT("ZS(-3)",0) -> 1.4132057e+10 | HE40: =INDIRECT("ZS(-1)",0) / INDIRECT("Z6S(-1)",0) -> 10.349987 | HF40: 1548782472 | HG40: 17996868517 | HH40: =INDIRECT("ZS(-1)",0) * 'Correction factor'!$C$13 -> 2.495919e+10 | HI40: =INDIRECT("ZS(-1)",0) + INDIRECT("ZS(-3)",0) -> 2.6507973e+10 | HJ40: =INDIRECT("ZS(-1)",0) / INDIRECT("Z6S(-1)",0) -> 19.526566 | HK40: 2514733262 | HL40: 27600278943 | HM40: =INDIRECT("ZS(-1)",0) * 'Correction factor'!$C$13 -> 3.8277805e+10 | HN40: =INDIRECT("ZS(-1)",0) + INDIRECT("ZS(-3)",0) -> 4.0792538e+10 | HO40: =INDIRECT("ZS(-1)",0) / INDIRECT("Z6S(-1)",0) -> 30.367772 | HP40: 4479784989 | HQ40: 16903459 | HR40: =INDIRECT("ZS(-1)",0) * 'Correction factor'!$C$13 -> 23442781 | HS40: =INDIRECT("ZS(-1)",0) + INDIRECT("ZS(-3)",0) -> 4.5032278e+09 | HT40: =INDIRECT("ZS(-1)",0) / INDIRECT("Z6S(-1)",0) -> 2.9194086 | HU40: 1630154871 | HV40: 3052353986 | HW40: =INDIRECT("ZS(-1)",0) * 'Correction factor'!$C$13 -> 4.2331967e+09 | HX40: =INDIRECT("ZS(-1)",0) + INDIRECT("ZS(-3)",0) -> 5.8633516e+09 | HY40: =INDIRECT("ZS(-1)",0) / INDIRECT("Z6S(-1)",0) -> 4.6009911 | HZ40: 483643491 | IA40: 6048210758 | IB40: =INDIRECT("ZS(-1)",0) * 'Correction factor'!$C$13 -> 8.3880395e+09 | IC40: =INDIRECT("ZS(-1)",0) + INDIRECT("ZS(-3)",0) -> 8.871683e+09 | ID40: =INDIRECT("ZS(-1)",0) / INDIRECT("Z6S(-1)",0) -> 6.8793942 | IE40: 0 | IF40: 0 | IG40: =INDIRECT("ZS(-1)",0) * 'Correction factor'!$C$13 -> 0 | IH40: =INDIRECT("ZS(-1)",0) + INDIRECT("ZS(-3)",0) -> 0 | II40: =INDIRECT("ZS(-1)",0) / INDIRECT("Z6S(-1)",0) -> 0
A41: 37 | B41: 45528 | C41: Saturday
A42: 38 | B42: 45529 | C42: Sunday
A43: 39 | B43: 45530 | C43: Monday
A44: 40 | B44: 45531 | C44: Tuesday
A45: 41 | B45: 45532 | C45: Wednesday
A46: 42 | B46: 45533 | C46: Thursday
A47: 43 | B47: 45534 | C47: Friday
A48: 44 | B48: 45535 | C48: Saturday
A49: 45 | B49: 45536 | C49: Sunday
A50: 46 | B50: 45537 | C50: Monday
A51: 47 | B51: 45538 | C51: Tuesday
A52: 48 | B52: 45539 | C52: Wednesday
... A55: 51 | B55: 45542 | C55: Saturday
B77: treated
B78: untreated
B79: treatment decision
B80: don’t trust data

Sheet Treatment
C1: A7 | D1: B7 | E1: C7 | F1: D7 | G1: E7 | H1: F7 | I1: F1 | J1: F2 | K1: F3 | L1: F4 | M1: F5 | N1: F6 | O1: A8 | P1: B8 | Q1: C8 | R1: D8 | S1: E8 | T1: F8 | U1: A1 | V1: B1 | W1: C1 | X1: D1 | Y1: E1 | Z1: A2 | AA1: B2 | AB1: C2 | AC1: D2 | AD1: E2 | AE1: A3 | AF1: B3 | AG1: C3 | AH1: D3 | AI1: E3 | AJ1: A4 | AK1: B4 | AL1: C4 | AM1: D4 | AN1: E4 | AO1: A5 | AP1: B5 | AQ1: C5 | AR1: D5 | AS1: E5 | AT1: A6 | AU1: B6 | AV1: C6 | AW1: D6 | AX1: E6
C2: NT | D2: NT | E2: NT | F2: NT | G2: NT | H2: NT | I2: MTD | J2: MTD | K2: MTD | L2: MTD | M2: MTD | N2: MTD | O2: Red Calibration MTD | P2: Red Calibration MTD | Q2: Red Calibration MTD | R2: Red Calibration NT | S2: Red Calibration NT | T2: Red Calibration NT | U2: AT100 | V2: AT101 | W2: AT102 | X2: AT103 | Y2: AT104 | Z2: AT105 | AA2: AT106 | AB2: AT107 | AC2: AT108 | AD2: AT109 | AE2: AT180 | AF2: AT181 | AG2: AT182 | AH2: AT183 | AI2: AT184 | AJ2: AT185 | AK2: AT186 | AL2: AT187 | AM2: AT188 | AN2: AT189 | AO2: AT50 | AP2: AT51 | AQ2: AT52 | AR2: AT53 | AS2: AT54 | AT2: AT55 | AU2: AT56 | AV2: AT57 | AW2: AT58 | AX2: AT59
A3: d1 | B3: 45492 | C3: 2 | D3: 2 | E3: 2 | F3: 2 | G3: 2 | H3: 2 | I3: 2 | J3: 2 | K3: 2 | L3: 2 | M3: 2 | N3: 2 | O3: 2 | P3: 2 | Q3: 2 | R3: 2 | S3: 2 | T3: 2 | U3: 2 | V3: 2 | W3: 2 | X3: 2 | Y3: 2 | Z3: 2 | AA3: 2 | AB3: 2 | AC3: 2 | AD3: 2 | AE3: 2 | AF3: 2 | AG3: 2 | AH3: 2 | AI3: 2 | AJ3: 2 | AK3: 2 | AL3: 2 | AM3: 2 | AN3: 2 | AO3: 2 | AP3: 2 | AQ3: 2 | AR3: 2 | AS3: 2 | AT3: 2 | AU3: 2 | AV3: 2 | AW3: 2 | AX3: 2 | AY3: 45492
A4: d2 | B4: 45493 | C4: 2 | D4: 2 | E4: 2 | F4: 2 | G4: 2 | H4: 2 | I4: 1 | J4: 1 | K4: 1 | L4: 1 | M4: 1 | N4: 1 | O4: 1 | P4: 1 | Q4: 1 | R4: 2 | S4: 2 | T4: 2 | U4: 1 | V4: 1 | W4: 1 | X4: 1 | Y4: 1 | Z4: 1 | AA4: 1 | AB4: 1 | AC4: 1 | AD4: 1 | AE4: 1 | AF4: 1 | AG4: 1 | AH4: 1 | AI4: 1 | AJ4: 1 | AK4: 1 | AL4: 1 | AM4: 1 | AN4: 1 | AO4: 1 | AP4: 1 | AQ4: 1 | AR4: 1 | AS4: 1 | AT4: 1 | AU4: 1 | AV4: 1 | AW4: 1 | AX4: 1 | AY4: 45493
A5: d3 | B5: 45494 | C5: 2 | D5: 2 | E5: 2 | F5: 2 | G5: 2 | H5: 2 | I5: 1 | J5: 1 | K5: 1 | L5: 1 | M5: 1 | N5: 1 | O5: 1 | P5: 1 | Q5: 1 | R5: 2 | S5: 2 | T5: 2 | U5: 1 | V5: 1 | W5: 1 | X5: 1 | Y5: 1 | Z5: 1 | AA5: 1 | AB5: 1 | AC5: 1 | AD5: 1 | AE5: 1 | AF5: 1 | AG5: 1 | AH5: 1 | AI5: 1 | AJ5: 1 | AK5: 1 | AL5: 1 | AM5: 1 | AN5: 1 | AO5: 1 | AP5: 1 | AQ5: 1 | AR5: 1 | AS5: 1 | AT5: 1 | AU5: 1 | AV5: 1 | AW5: 1 | AX5: 1 | AY5: 45494
A6: d4 | B6: 45495 | C6: 2 | D6: 2 | E6: 2 | F6: 2 | G6: 2 | H6: 2 | I6: 1 | J6: 1 | K6: 1 | L6: 1 | M6: 1 | N6: 1 | O6: 1 | P6: 1 | Q6: 1 | R6: 2 | S6: 0 | T6: 0 | U6: 2 | V6: 2 | W6: 2 | X6: 2 | Y6: 2 | Z6: 2 | AA6: 2 | AB6: 2 | AC6: 2 | AD6: 2 | AE6: 2 | AF6: 2 | AG6: 1 | AH6: 2 | AI6: 2 | AJ6: 2 | AK6: 2 | AL6: 2 | AM6: 2 | AN6: 2 | AO6: 1 | AP6: 1 | AQ6: 1 | AR6: 1 | AS6: 1 | AT6: 1 | AU6: 1 | AV6: 1 | AW6: 1 | AX6: 1 | AY6: 45495
A7: d5 | B7: 45496 | C7: 2 | D7: 2 | E7: 2 | F7: 2 | G7: 2 | H7: 2 | I7: 1 | J7: 1 | K7: 1 | L7: 1 | M7: 1 | N7: 1 | O7: 1 | P7: 1 | Q7: 1 | R7: 2 | S7: 0 | T7: 0 | U7: 2 | V7: 2 | W7: 2 | X7: 2 | Y7: 2 | Z7: 2 | AA7: 2 | AB7: 2 | AC7: 2 | AD7: 2 | AE7: 2 | AF7: 2 | AG7: 1 | AH7: 2 | AI7: 2 | AJ7: 2 | AK7: 2 | AL7: 2 | AM7: 2 | AN7: 2 | AO7: 1 | AP7: 1 | AQ7: 1 | AR7: 1 | AS7: 1 | AT7: 1 | AU7: 1 | AV7: 1 | AW7: 1 | AX7: 1 | AY7: 45496
A8: d6 | B8: 45497 | C8: 2 | D8: 2 | E8: 2 | F8: 2 | G8: 2 | H8: 2 | I8: 1 | J8: 1 | K8: 1 | L8: 1 | M8: 1 | N8: 1 | O8: 1 | P8: 1 | Q8: 1 | R8: 2 | S8: 0 | T8: 0 | U8: 2 | V8: 2 | W8: 2 | X8: 2 | Y8: 2 | Z8: 2 | AA8: 2 | AB8: 2 | AC8: 2 | AD8: 2 | AE8: 2 | AF8: 2 | AG8: 2 | AH8: 2 | AI8: 2 | AJ8: 2 | AK8: 2 | AL8: 2 | AM8: 2 | AN8: 2 | AO8: 1 | AP8: 1 | AQ8: 1 | AR8: 1 | AS8: 1 | AT8: 1 | AU8: 1 | AV8: 1 | AW8: 1 | AX8: 1 | AY8: 45497
A9: d7 | B9: 45498 | C9: 2 | D9: 2 | E9: 2 | F9: 2 | G9: 2 | H9: 2 | I9: 1 | J9: 1 | K9: 1 | L9: 1 | M9: 1 | N9: 1 | O9: 1 | P9: 1 | Q9: 1 | R9: 2 | S9: 0 | T9: 0 | U9: 2 | V9: 2 | W9: 2 | X9: 2 | Y9: 2 | Z9: 2 | AA9: 2 | AB9: 2 | AC9: 2 | AD9: 2 | AE9: 2 | AF9: 2 | AG9: 2 | AH9: 2 | AI9: 2 | AJ9: 2 | AK9: 2 | AL9: 2 | AM9: 2 | AN9: 2 | AO9: 1 | AP9: 1 | AQ9: 1 | AR9: 1 | AS9: 1 | AT9: 1 | AU9: 1 | AV9: 1 | AW9: 1 | AX9: 1 | AY9: 45498
A10: d8 | B10: 45499 | C10: 2 | D10: 2 | E10: 2 | F10: 2 | G10: 2 | H10: 2 | I10: 1 | J10: 1 | K10: 1 | L10: 1 | M10: 1 | N10: 1 | O10: 1 | P10: 1 | Q10: 1 | R10: 2 | S10: 0 | T10: 0 | U10: 1 | V10: 1 | W10: 2 | X10: 1 | Y10: 1 | Z10: 2 | AA10: 1 | AB10: 1 | AC10: 1 | AD10: 1 | AE10: 1 | AF10: 1 | AG10: 2 | AH10: 1 | AI10: 1 | AJ10: 1 | AK10: 1 | AL10: 1 | AM10: 1 | AN10: 2 | AO10: 1 | AP10: 2 | AQ10: 1 | AR10: 1 | AS10: 1 | AT10: 1 | AU10: 1 | AV10: 1 | AW10: 1 | AX10: 1 | AY10: 45499
A11: d9 | B11: 45500 | C11: 2 | D11: 2 | E11: 2 | F11: 2 | G11: 2 | H11: 2 | I11: 1 | J11: 1 | K11: 1 | L11: 1 | M11: 1 | N11: 1 | O11: 1 | P11: 1 | Q11: 1 | R11: 2 | S11: 0 | T11: 0 | U11: 1 | V11: 1 | W11: 2 | X11: 1 | Y11: 1 | Z11: 2 | AA11: 1 | AB11: 1 | AC11: 1 | AD11: 1 | AE11: 1 | AF11: 1 | AG11: 2 | AH11: 1 | AI11: 1 | AJ11: 1 | AK11: 1 | AL11: 1 | AM11: 1 | AN11: 2 | AO11: 1 | AP11: 2 | AQ11: 1 | AR11: 1 | AS11: 1 | AT11: 1 | AU11: 1 | AV11: 1 | AW11: 1 | AX11: 1 | AY11: 45500
A12: d10 | B12: 45501 | C12: 2 | D12: 2 | E12: 2 | F12: 2 | G12: 2 | H12: 2 | I12: 1 | J12: 1 | K12: 1 | L12: 1 | M12: 1 | N12: 1 | O12: 1 | P12: 1 | Q12: 1 | R12: 2 | S12: 0 | T12: 0 | U12: 1 | V12: 1 | W12: 1 | X12: 1 | Y12: 1 | Z12: 1 | AA12: 1 | AB12: 1 | AC12: 1 | AD12: 1 | AE12: 1 | AF12: 1 | AG12: 1 | AH12: 1 | AI12: 1 | AJ12: 1 | AK12: 1 | AL12: 1 | AM12: 1 | AN12: 1 | AO12: 1 | AP12: 2 | AQ12: 2 | AR12: 1 | AS12: 1 | AT12: 1 | AU12: 1 | AV12: 1 | AW12: 1 | AX12: 1 | AY12: 45501
A13: d11 | B13: 45502 | C13: 2 | D13: 2 | E13: 2 | F13: 2 | G13: 2 | H13: 2 | I13: 1 | J13: 1 | K13: 1 | L13: 1 | M13: 1 | N13: 1 | O13: 1 | P13: 1 | Q13: 0 | R13: 2 | S13: 0 | T13: 0 | U13: 1 | V13: 1 | W13: 1 | X13: 1 | Y13: 1 | Z13: 1 | AA13: 1 | AB13: 1 | AC13: 1 | AD13: 1 | AE13: 1 | AF13: 1 | AG13: 1 | AH13: 1 | AI13: 1 | AJ13: 1 | AK13: 1 | AL13: 1 | AM13: 1 | AN13: 1 | AO13: 1 | AP13: 2 | AQ13: 2 | AR13: 1 | AS13: 1 | AT13: 1 | AU13: 1 | AV13: 1 | AW13: 1 | AX13: 1 | AY13: 45502
A14: d12 | B14: 45503 | C14: 2 | D14: 2 | E14: 2 | F14: 2 | G14: 2 | H14: 2 | I14: 1 | J14: 1 | K14: 1 | L14: 1 | M14: 1 | N14: 1 | O14: 1 | P14: 1 | Q14: 0 | R14: 2 | S14: 0 | T14: 0 | U14: 1 | V14: 1 | W14: 1 | X14: 1 | Y14: 1 | Z14: 1 | AA14: 1 | AB14: 1 | AC14: 1 | AD14: 1 | AE14: 1 | AF14: 1 | AG14: 1 | AH14: 1 | AI14: 1 | AJ14: 1 | AK14: 1 | AL14: 1 | AM14: 1 | AN14: 1 | AO14: 1 | AP14: 2 | AQ14: 2 | AR14: 2 | AS14: 1 | AT14: 1 | AU14: 2 | AV14: 1 | AW14: 1 | AX14: 1 | AY14: 45503
... A38: d36 | B38: 45527 | C38: 2 | D38: 2 | E38: 2 | F38: 0 | G38: 2 | H38: 2 | I38: 0 | J38: 4 | K38: 0 | L38: 0 | M38: 1 | N38: 1 | O38: 1 | P38: 1 | Q38: 0 | R38: 2 | S38: 0 | T38: 0 | U38: 2 | V38: 1 | W38: 0 | X38: 3 | Y38: 3 | Z38: 3 | AA38: 3 | AB38: 3 | AC38: 0 | AD38: 3 | AE38: 3 | AF38: 3 | AG38: 3 | AH38: 3 | AI38: 3 | AJ38: 2 | AK38: 3 | AL38: 3 | AM38: 1 | AN38: 1 | AO38: 3 | AP38: 3 | AQ38: 3 | AR38: 3 | AS38: 3 | AT38: 3 | AU38: 3 | AV38: 3 | AW38: 3 | AX38: 0 | AY38: 45527
H43: 0 | I43: Spheroid lost
H44: 1 | I44: Treatment
H45: 2 | I45: No treatment
H46: 3 | I46: Double Treatment
H47: 4 | I47: A lot of cells outside, but let us continue this well with treatment
H48: 5 | I48: A lot of cells outside, but let us continue this well without treatment

Sheet Correction factor
B3: Calculation of correction factor on day0:
C4: Diameter | D4: Fluorescence Intensity | H4: Diameter | I4: Fluorescence Intensity
B5: Red colony Plate 2 A8 | C5: 256 | D5: 128655469 | G5: Green colony Plate 2 A2 | H5: 634 | I5: 1313086635
B6: Red colony Plate 2 B8 | C6: 222 | D6: 114247346 | G6: Green colony Plate 2 A4 | H6: 644 | I6: 1402755464
B7: Red colony Plate 2 D8 | C7: 198 | D7: 121111073 | G7: Green colony Plate 2 B4 | H7: 657 | I7: 1420534295
B8: Average | C8: =AVERAGE(C5:C7) -> 225.33333 | D8: =AVERAGE(D5:D7) -> 1.2133796e+08 | G8: Average | H8: =AVERAGE(H5:H7) -> 645 | I8: =AVERAGE(I5:I7) -> 1.3787921e+09
B9: Average Half the surface of the sphere | C9: =0.5 * 3.14 * (C8^2) -> 79716.924 | H9: =0.5 * 3.14 * (H8^2) -> 653159.25
B11: Formula: | C11: (Intensity(Red)/Size(Red) * Correction factor) / (Intensity(Green)/Size(Green))
B13: Correction factor: | C13: =(I8*C9/(H9*D8)) -> 1.386863
