Workbook

Sheet Plate 1
B1: Cell proportions (a2/a4)
B2: Treatment | D2: Mixed No treatment | AH2: Mixed MTD | BL2: Mixed AT100 | FR2: Mixed A80 | JX2: Mixed AT50 | OD2: Mixed Intermittent | PH2: Pure Red No treatment | QL2: Pure Red MTD
B3: Well | D3: A1 | I3: A2 | N3: A3 | S3: A4 | X3: A5 | AC3: A6 | AH3: A7 | AM3: A8 | AR3: A9 | AW3: A10 | BB3: A11 | BG3: A12 | BL3: B1 | BQ3: B2 | BV3: B3 | CA3: B4 | CF3: B5 | CK3: B6 | CP3: B7 | CU3: B8 | CZ3: B9 | DE3: B10 | DJ3: B11 | DO3: C1 | DT3: C2 | DY3: C3 | ED3: C4 | EI3: C5 | EN3: C6 | ES3: C7 | EX3: C8 | FC3: C9 | FH3: C10 | FM3: C11 | FR3: D1 | FW3: D2 | GB3: D3 | GG3: D4 | GL3: D5 | GQ3: D6 | GV3: D7 | HA3: D8 | HF3: D9 | HK3: D10 | HP3: D11 | HU3: E1 | HZ3: E2 | IE3: E3 | IJ3: E4 | IO3: E5 | IT3: E6 | IY3: E7 | JD3: E8 | JI3: E9 | JN3: E10 | JS3: E11 | JX3: F1 | KC3: F2 | KH3: F3 | KM3: F4 | KR3: F5 | KW3: F6 | LB3: F7 | LG3: F8 | LL3: F9 | LQ3: F10 | LV3: F11 | MA3: G1 | MF3: G2 | MK3: G3 | MP3: G4 | MU3: G5 | MZ3: G6 | NE3: G7 | NJ3: G8 | NO3: G9 | NT3: G10 | NY3: G11 | OD3: B12 | OI3: C12 | ON3: D12 | OS3: E12 | OX3: F12 | PC3: G12 | PH3: H1 | PM3: H2 | PR3: H3 | PW3: H4 | QB3: H5 | QG3: H6 | QL3: H7 | QQ3: H8 | QV3: H9 | RA3: H10 | RF3: H11 | RK3: H12
A4: d | B4: colour | D4: g | E4: r | F4: r' | G4: t | I4: g | J4: r | K4: r' | L4: t | N4: g | O4: r | P4: r' | Q4: t | S4: g | T4: r | U4: r' | V4: t | X4: g | Y4: r | Z4: r' | AA4: t | AC4: g | AD4: r | AE4: r' | AF4: t | AH4: g | AI4: r | AJ4: r' | AK4: t | AM4: g | AN4: r | AO4: r' | AP4: t | AR4: g | AS4: r | AT4: r' | AU4: t | AW4: g | AX4: r | AY4: r' | AZ4: t | BB4: g | BC4: r | BD4: r' | BE4: t | BG4: g | BH4: r | BI4: r' | BJ4: t | BL4: g | BM4: r | BN4: r' | BO4: t | BQ4: g | BR4: r | BS4: r' | BT4: t | BV4: g | BW4: r | BX4: r' | BY4: t | CA4: g | CB4: r | CC4: r' | CD4: t | CF4: g | CG4: r | CH4: r' | CI4: t | CK4: g | CL4: r | CM4: r' | CN4: t | CP4: g | CQ4: r | CR4: r' | CS4: t | CU4: g | CV4: r | CW4: r' | CX4: t | CZ4: g | DA4: r | DB4: r' | DC4: t | DE4: g | DF4: r | DG4: r' | DH4: t | DJ4: g | DK4: r | DL4: r' | DM4: t | DO4: g | DP4: r | DQ4: r' | DR4: t | DT4: g | DU4: r | DV4: r' | DW4: t | DY4: g | DZ4: r | EA4: r' | EB4: t | ED4: g | EE4: r | EF4: r' | EG4: t | EI4: g | EJ4: r | EK4: r' | EL4: t | EN4: g | EO4: r | EP4: r' | EQ4: t | ES4: g | ET4: r | EU4: r' | EV4: t | EX4: g | EY4: r | EZ4: r' | FA4: t | FC4: g | FD4: r | FE4: r' | FF4: t | FH4: g | FI4: r | FJ4: r' | FK4: t | FM4: g | FN4: r | FO4: r' | FP4: t | FR4: g | FS4: r | FT4: r' | FU4: t | FW4: g | FX4: r | FY4: r' | FZ4: t | GB4: g | GC4: r | GD4: r' | GE4: t | GG4: g | GH4: r | GI4: r' | GJ4: t | GL4: g | GM4: r | GN4: r' | GO4: t | GQ4: g | GR4: r | GS4: r' | GT4: t | GV4: g | GW4: r | GX4: r' | GY4: t | HA4: g | HB4: r | HC4: r' | HD4: t | HF4: g | HG4: r | HH4: r' | HI4: t | HK4: g | HL4: r | HM4: r' | HN4: t | HP4: g | HQ4: r | HR4: r' | HS4: t | HU4: g | HV4: r | HW4: r' | HX4: t | HZ4: g | IA4: r | IB4: r' | IC4: t | IE4: g | IF4: r | IG4: r' | IH4: t | IJ4: g | IK4: r | IL4: r' | IM4: t | IO4: g | IP4: r | IQ4: r' | IR4: t | IT4: g | IU4: r | IV4: r' | IW4: t | IY4: g | IZ4: r | JA4: r' | JB4: t | JD4: g | JE4: r | JF4: r' | JG4: t | JI4: g | JJ4: r | JK4: r' | JL4: t | JN4: g | JO4: r | JP4: r' | JQ4: t | JS4: g | JT4: r | JU4: r' | JV4: t | JX4: g | JY4: r | JZ4: r' | KA4: t | KC4: g | KD4: r | KE4: r' | KF4: t | KH4: g | KI4: r | KJ4: r' | KK4: t | KM4: g | KN4: r | KO4: r' | KP4: t | KR4: g | KS4: r | KT4: r' | KU4: t | KW4: g | KX4: r | KY4: r' | KZ4: t | LB4: g | LC4: r | LD4: r' | LE4: t | LG4: g | LH4: r | LI4: r' | LJ4: t | LL4: g | LM4: r | LN4: r' | LO4: t | LQ4: g | LR4: r | LS4: r' | LT4: t | LV4: g | LW4: r | LX4: r' | LY4: t | MA4: g | MB4: r | MC4: r' | MD4: t | MF4: g | MG4: r | MH4: r' | MI4: t | MK4: g | ML4: r | MM4: r' | MN4: t | MP4: g | MQ4: r | MR4: r' | MS4: t | MU4: g | MV4: r | MW4: r' | MX4: t | MZ4: g | NA4: r | NB4: r' | NC4: t | NE4: g | NF4: r | NG4: r' | NH4: t | NJ4: g | NK4: r | NL4: r' | NM4: t | NO4: g | NP4: r | NQ4: r' | NR4: t | NT4: g | NU4: r | NV4: r' | NW4: t | NY4: g | NZ4: r | OA4: r' | OB4: t | OD4: g | OE4: r | OF4: r' | OG4: t | OI4: g | OJ4: r | OK4: r' | OL4: t | ON4: g | OO4: r | OP4: r' | OQ4: t | OS4: g | OT4: r | OU4: r' | OV4: t | OX4: g | OY4: r | OZ4: r' | PA4: t | PC4: g | PD4: r | PE4: r' | PF4: t | PH4: g | PI4: r | PJ4: r' | PK4: t | PM4: g | PN4: r | PO4: r' | PP4: t | PR4: g | PS4: r | PT4: r' | PU4: t | PW4: g | PX4: r | PY4: r' | PZ4: t | QB4: g | QC4: r | QD4: r' | QE4: t | QG4: g | QH4: r | QI4: r' | QJ4: t | QL4: g | QM4: r | QN4: r' | QO4: t | QQ4: g | QR4: r | QS4: r' | QT4: t | QV4: g | QW4: r | QX4: r' | QY4: t | RA4: g | RB4: r | RC4: r' | RD4: t | RF4: g | RG4: r | RH4: r' | RI4: t | RK4: g | RL4: r | RM4: r' | RN4: t
A5: -2 | B5: 45467 | C5: Monday | D5: 884242256 | E5: 61803397 | F5: =INDIRECT("ZS(-1)",0) * 'Correction factor'!$C$13 -> 95653997 | G5: =INDIRECT("ZS(-1)",0) + INDIRECT("ZS(-3)",0) -> 9.7989625e+08 | H5: =INDIRECT("ZS(-1)",0) / INDIRECT("Z7S(-1)",0) -> 0.65550466 | I5: 886240217 | J5: 64265025 | K5: =INDIRECT("ZS(-1)",0) * 'Correction factor'!$C$13 -> 99463894 | L5: =INDIRECT("ZS(-1)",0) + INDIRECT("ZS(-3)",0) -> 9.8570411e+08 | M5: =INDIRECT("ZS(-1)",0) / INDIRECT("Z7S(-1)",0) -> 0.71671202 | N5: 903576841 | O5: 64996274 | P5: =INDIRECT("ZS(-1)",0) * 'Correction factor'!$C$13 -> 1.0059566e+08 | Q5: =INDIRECT("ZS(-1)",0) + INDIRECT("ZS(-3)",0) -> 1.0041725e+09 | R5: =INDIRECT("ZS(-1)",0) / INDIRECT("Z7S(-1)",0) -> 0.70182278 | S5: 786268876 | T5: 68469369 | U5: =INDIRECT("ZS(-1)",0) * 'Correction factor'!$C$13 -> 1.0597102e+08 | V5: =INDIRECT("ZS(-1)",0) + INDIRECT("ZS(-3)",0) -> 8.9223989e+08 | W5: =INDIRECT("ZS(-1)",0) / INDIRECT("Z7S(-1)",0) -> 0.63969467 | X5: 830034401 | Y5: 64758193 | Z5: =INDIRECT("ZS(-1)",0) * 'Correction factor'!$C$13 -> 1.0022718e+08 | AA5: =INDIRECT("ZS(-1)",0) + INDIRECT("ZS(-3)",0) -> 9.3026158e+08 | AB5: =INDIRECT("ZS(-1)",0) / INDIRECT("Z7S(-1)",0) -> 0.63839351 | AC5: 813649774 | AD5: 68642082 | AE5: =INDIRECT("ZS(-1)",0) * 'Correction factor'!$C$13 -> 1.0623833e+08 | AF5: =INDIRECT("ZS(-1)",0) + INDIRECT("ZS(-3)",0) -> 9.198881e+08 | AG5: =INDIRECT("ZS(-1)",0) / INDIRECT("Z7S(-1)",0) -> 0.6254288 | AH5: 906167595 | AI5: 65425629 | AJ5: =INDIRECT("ZS(-1)",0) * 'Correction factor'!$C$13 -> 1.0126018e+08 | AK5: =INDIRECT("ZS(-1)",0) + INDIRECT("ZS(-3)",0) -> 1.0074278e+09 | AL5: =INDIRECT("ZS(-1)",0) / INDIRECT("Z7S(-1)",0) -> 0.75109467 | AM5: 854683302 | AN5: 67568614 | AO5: =INDIRECT("ZS(-1)",0) * 'Correction factor'!$C$13 -> 1.0457691e+08 | AP5: =INDIRECT("ZS(-1)",0) + INDIRECT("ZS(-3)",0) -> 9.5926021e+08 | AQ5: =INDIRECT("ZS(-1)",0) / INDIRECT("Z7S(-1)",0) -> 0.67082125 | AR5: 827146490 | AS5: 69390660 | AT5: =INDIRECT("ZS(-1)",0) * 'Correction factor'!$C$13 -> 1.0739691e+08 | AU5: =INDIRECT("ZS(-1)",0) + INDIRECT("ZS(-3)",0) -> 9.345434e+08 | AV5: =INDIRECT("ZS(-1)",0) / INDIRECT("Z7S(-1)",0) -> 0.62579285 | AW5: 829157726 | AX5: 71170260 | AY5: =INDIRECT("ZS(-1)",0) * 'Correction factor'!$C$13 -> 1.1015122e+08 | AZ5: =INDIRECT("ZS(-1)",0) + INDIRECT("ZS(-3)",0) -> 9.3930895e+08 | BA5: =INDIRECT("ZS(-1)",0) / INDIRECT("Z7S(-1)",0) -> 0.69843275 | BB5: 879000523 | BC5: 63345841 | BD5: =INDIRECT("ZS(-1)",0) * 'Correction factor'!$C$13 -> 98041260 | BE5: =INDIRECT("ZS(-1)",0) + INDIRECT("ZS(-3)",0) -> 9.7704178e+08 | BF5: =INDIRECT("ZS(-1)",0) / INDIRECT("Z7S(-1)",0) -> 0.73162764 | BG5: 940216336 | BH5: 66468774 | BI5: =INDIRECT("ZS(-1)",0) * 'Correction factor'!$C$13 -> 1.0287467e+08 | BJ5: =INDIRECT("ZS(-1)",0) + INDIRECT("ZS(-3)",0) -> 1.043091e+09 | BK5: =INDIRECT("ZS(-1)",0) / INDIRECT("Z7S(-1)",0) -> 0.73473294 | BL5: 858699549 | BM5: 67459082 | BN5: =INDIRECT("ZS(-1)",0) * 'Correction factor'!$C$13 -> 1.0440738e+08 | BO5: =INDIRECT("ZS(-1)",0) + INDIRECT("ZS(-3)",0) -> 9.6310693e+08 | BP5: =INDIRECT("ZS(-1)",0) / INDIRECT("Z7S(-1)",0) -> 0.70011531 | BQ5: 896671553 | BR5: 65639269 | BS5: =INDIRECT("ZS(-1)",0) * 'Correction factor'!$C$13 -> 1.0159083e+08 | BT5: =INDIRECT("ZS(-1)",0) + INDIRECT("ZS(-3)",0) -> 9.9826238e+08 | BU5: =INDIRECT("ZS(-1)",0) / INDIRECT("Z7S(-1)",0) -> 0.73594405 | BV5: 854991426 | BW5: 65921306 | BX5: =INDIRECT("ZS(-1)",0) * 'Correction factor'!$C$13 -> 1.0202734e+08 | BY5: =INDIRECT("ZS(-1)",0) + INDIRECT("ZS(-3)",0) -> 9.5701877e+08 | BZ5: =INDIRECT("ZS(-1)",0) / INDIRECT("Z7S(-1)",0) -> 0.71048047 | CA5: 836277170 | CB5: 65625039 | CC5: =INDIRECT("ZS(-1)",0) * 'Correction factor'!$C$13 -> 1.0156881e+08 | CD5: =INDIRECT("ZS(-1)",0) + INDIRECT("ZS(-3)",0) -> 9.3784598e+08 | CE5: =INDIRECT("ZS(-1)",0) / INDIRECT("Z7S(-1)",0) -> 0.67264758 | CF5: 936307183 | CG5: 67347981 | CH5: =INDIRECT("ZS(-1)",0) * 'Correction factor'!$C$13 -> 1.0423543e+08 | CI5: =INDIRECT("ZS(-1)",0) + INDIRECT("ZS(-3)",0) -> 1.0405426e+09 | CJ5: =INDIRECT("ZS(-1)",0) / INDIRECT("Z7S(-1)",0) -> 0.71539219 | CK5: 817642625 | CL5: 65141768 | CM5: =INDIRECT("ZS(-1)",0) * 'Correction factor'!$C$13 -> 1.0082084e+08 | CN5: =INDIRECT("ZS(-1)",0) + INDIRECT("ZS(-3)",0) -> 9.1846347e+08 | CO5: =INDIRECT("ZS(-1)",0) / INDIRECT("Z7S(-1)",0) -> 0.69701771 | CP5: 820620088 | CQ5: 67368659 | CR5: =INDIRECT("ZS(-1)",0) * 'Correction factor'!$C$13 -> 1.0426743e+08 | CS5: =INDIRECT("ZS(-1)",0) + INDIRECT("ZS(-3)",0) -> 9.2488752e+08 | CT5: =INDIRECT("ZS(-1)",0) / INDIRECT("Z7S(-1)",0) -> 0.67975011 | CU5: 886411324 | CV5: 66583848 | CW5: =INDIRECT("ZS(-1)",0) * 'Correction factor'!$C$13 -> 1.0305277e+08 | CX5: =INDIRECT("ZS(-1)",0) + INDIRECT("ZS(-3)",0) -> 9.8946409e+08 | CY5: =INDIRECT("ZS(-1)",0) / INDIRECT("Z7S(-1)",0) -> 0.69160224 | CZ5: 848254040 | DA5: 69446194 | DB5: =INDIRECT("ZS(-1)",0) * 'Correction factor'!$C$13 -> 1.0748286e+08 | DC5: =INDIRECT("ZS(-1)",0) + INDIRECT("ZS(-3)",0) -> 9.557369e+08 | DD5: =INDIRECT("ZS(-1)",0) / INDIRECT("Z7S(-1)",0) -> 0.67181553 | DE5: 902390144 | DF5: 70599049 | DG5: =INDIRECT("ZS(-1)",0) * 'Correction factor'!$C$13 -> 1.0926715e+08 | DH5: =INDIRECT("ZS(-1)",0) + INDIRECT("ZS(-3)",0) -> 1.0116573e+09 | DI5: =INDIRECT("ZS(-1)",0) / INDIRECT("Z7S(-1)",0) -> 0.7430619 | DJ5: 942309002 | DK5: 65505446 | DL5: =INDIRECT("ZS(-1)",0) * 'Correction factor'!$C$13 -> 1.0138371e+08 | DM5: =INDIRECT("ZS(-1)",0) + INDIRECT("ZS(-3)",0) -> 1.0436927e+09 | DN5: =INDIRECT("ZS(-1)",0) / INDIRECT("Z7S(-1)",0) -> 0.67821328 | DO5: 845259955 | DP5: 67252782 | DQ5: =INDIRECT("ZS(-1)",0) * 'Correction factor'!$C$13 -> 1.0408809e+08 | DR5: =INDIRECT("ZS(-1)",0) + INDIRECT("ZS(-3)",0) -> 9.4934804e+08 | DS5: =INDIRECT("ZS(-1)",0) / INDIRECT("Z7S(-1)",0) -> 0.66347723 | DT5: 857370657 | DU5: 66981782 | DV5: =INDIRECT("ZS(-1)",0) * 'Correction factor'!$C$13 -> 1.0366866e+08 | DW5: =INDIRECT("ZS(-1)",0) + INDIRECT("ZS(-3)",0) -> 9.6103931e+08 | DX5: =INDIRECT("ZS(-1)",0) / INDIRECT("Z7S(-1)",0) -> 0.71478101 | DY5: 815334507 | DZ5: 62689223 | EA5: =INDIRECT("ZS(-1)",0) * 'Correction factor'!$C$13 -> 97025003 | EB5: =INDIRECT("ZS(-1)",0) + INDIRECT("ZS(-3)",0) -> 9.1235951e+08 | EC5: =INDIRECT("ZS(-1)",0) / INDIRECT("Z7S(-1)",0) -> 0.71334305 | ED5: 881331825 | EE5: 64579754 | EF5: =INDIRECT("ZS(-1)",0) * 'Correction factor'!$C$13 -> 99951004 | EG5: =INDIRECT("ZS(-1)",0) + INDIRECT("ZS(-3)",0) -> 9.8128283e+08 | EH5: =INDIRECT("ZS(-1)",0) / INDIRECT("Z7S(-1)",0) -> 0.69905065 | EI5: 829185115 | EJ5: 63440234 | EK5: =INDIRECT("ZS(-1)",0) * 'Correction factor'!$C$13 -> 98187353 | EL5: =INDIRECT("ZS(-1)",0) + INDIRECT("ZS(-3)",0) -> 9.2737247e+08 | EM5: =INDIRECT("ZS(-1)",0) / INDIRECT("Z7S(-1)",0) -> 0.72824177 | EN5: 909473729 | EO5: 63330877 | EP5: =INDIRECT("ZS(-1)",0) * 'Correction factor'!$C$13 -> 98018100 | EQ5: =INDIRECT("ZS(-1)",0) + INDIRECT("ZS(-3)",0) -> 1.0074918e+09 | ER5: =INDIRECT("ZS(-1)",0) / INDIRECT("Z7S(-1)",0) -> 0.71129067 | ES5: 924839594 | ET5: 61825302 | EU5: =INDIRECT("ZS(-1)",0) * 'Correction factor'!$C$13 -> 95687900 | EV5: =INDIRECT("ZS(-1)",0) + INDIRECT("ZS(-3)",0) -> 1.0205275e+09 | EW5: =INDIRECT("ZS(-1)",0) / INDIRECT("Z7S(-1)",0) -> 0.70805901 | EX5: 861876934 | EY5: 64933089 | EZ5: =INDIRECT("ZS(-1)",0) * 'Correction factor'!$C$13 -> 1.0049787e+08 | FA5: =INDIRECT("ZS(-1)",0) + INDIRECT("ZS(-3)",0) -> 9.623748e+08 | FB5: =INDIRECT("ZS(-1)",0) / INDIRECT("Z7S(-1)",0) -> 0.69782069 | FC5: 866429964 | FD5: 65664965 | FE5: =INDIRECT("ZS(-1)",0) * 'Correction factor'!$C$13 -> 1.016306e+08 | FF5: =INDIRECT("ZS(-1)",0) + INDIRECT("ZS(-3)",0) -> 9.6806056e+08 | FG5: =INDIRECT("ZS(-1)",0) / INDIRECT("Z7S(-1)",0) -> 0.73531217 | FH5: 895410183 | FI5: 65533358 | FJ5: =INDIRECT("ZS(-1)",0) * 'Correction factor'!$C$13 -> 1.0142691e+08 | FK5: =INDIRECT("ZS(-1)",0) + INDIRECT("ZS(-3)",0) -> 9.9683709e+08 | FL5: =INDIRECT("ZS(-1)",0) / INDIRECT("Z7S(-1)",0) -> 0.72512183 | FM5: 908737219 | FN5: 65151011 | FO5: =INDIRECT("ZS(-1)",0) * 'Correction factor'!$C$13 -> 1.0083515e+08 | FP5: =INDIRECT("ZS(-1)",0) + INDIRECT("ZS(-3)",0) -> 1.0095724e+09 | FQ5: =INDIRECT("ZS(-1)",0) / INDIRECT("Z7S(-1)",0) -> 0.72792517 | FR5: 814451431 | FS5: 64650031 | FT5: =INDIRECT("ZS(-1)",0) * 'Correction factor'!$C$13 -> 1.0005977e+08 | FU5: =INDIRECT("ZS(-1)",0) + INDIRECT("ZS(-3)",0) -> 9.145112e+08 | FV5: =INDIRECT("ZS(-1)",0) / INDIRECT("Z7S(-1)",0) -> 0.63385262 | FW5: 846276310 | FX5: 67408640 | FY5: =INDIRECT("ZS(-1)",0) * 'Correction factor'!$C$13 -> 1.0432931e+08 | FZ5: =INDIRECT("ZS(-1)",0) + INDIRECT("ZS(-3)",0) -> 9.5060562e+08 | GA5: =INDIRECT("ZS(-1)",0) / INDIRECT("Z7S(-1)",0) -> 0.71014403 | GB5: 842644199 | GC5: 63093704 | GD5: =INDIRECT("ZS(-1)",0) * 'Correction factor'!$C$13 -> 97651024 | GE5: =INDIRECT("ZS(-1)",0) + INDIRECT("ZS(-3)",0) -> 9.4029522e+08 | GF5: =INDIRECT("ZS(-1)",0) / INDIRECT("Z7S(-1)",0) -> 0.68863829 | GG5: 806935967 | GH5: 63533186 | GI5: =INDIRECT("ZS(-1)",0) * 'Correction factor'!$C$13 -> 98331216 | GJ5: =INDIRECT("ZS(-1)",0) + INDIRECT("ZS(-3)",0) -> 9.0526718e+08 | GK5: =INDIRECT("ZS(-1)",0) / INDIRECT("Z7S(-1)",0) -> 0.6898152 | GL5: 872088920 | GM5: 64697748 | GN5: =INDIRECT("ZS(-1)",0) * 'Correction factor'!$C$13 -> 1.0013363e+08 | GO5: =INDIRECT("ZS(-1)",0) + INDIRECT("ZS(-3)",0) -> 9.7222255e+08 | GP5: =INDIRECT("ZS(-1)",0) / INDIRECT("Z7S(-1)",0) -> 0.69861574 | GQ5: 850602730 | GR5: 65373839 | GS5: =INDIRECT("ZS(-1)",0) * 'Correction factor'!$C$13 -> 1.0118002e+08 | GT5: =INDIRECT("ZS(-1)",0) + INDIRECT("ZS(-3)",0) -> 9.5178275e+08 | GU5: =INDIRECT("ZS(-1)",0) / INDIRECT("Z7S(-1)",0) -> 0.73795081 | GV5: 838462679 | GW5: 63474182 | GX5: =INDIRECT("ZS(-1)",0) * 'Correction factor'!$C$13 -> 98239895 | GY5: =INDIRECT("ZS(-1)",0) + INDIRECT("ZS(-3)",0) -> 9.3670257e+08 | GZ5: =INDIRECT("ZS(-1)",0) / INDIRECT("Z7S(-1)",0) -> 0.68649509 | HA5: 840657682 | HB5: 64996544 | HC5: =INDIRECT("ZS(-1)",0) * 'Correction factor'!$C$13 -> 1.0059608e+08 | HD5: =INDIRECT("ZS(-1)",0) + INDIRECT("ZS(-3)",0) -> 9.4125376e+08 | HE5: =INDIRECT("ZS(-1)",0) / INDIRECT("Z7S(-1)",0) -> 0.70757223 | HF5: 867954730 | HG5: 64578704 | HH5: =INDIRECT("ZS(-1)",0) * 'Correction factor'!$C$13 -> 99949379 | HI5: =INDIRECT("ZS(-1)",0) + INDIRECT("ZS(-3)",0) -> 9.6790411e+08 | HJ5: =INDIRECT("ZS(-1)",0) / INDIRECT("Z7S(-1)",0) -> 0.69936823 | HK5: 841674217 | HL5: 64204143 | HM5: =INDIRECT("ZS(-1)",0) * 'Correction factor'!$C$13 -> 99369666 | HN5: =INDIRECT("ZS(-1)",0) + INDIRECT("ZS(-3)",0) -> 9.4104388e+08 | HO5: =INDIRECT("ZS(-1)",0) / INDIRECT("Z7S(-1)",0) -> 0.69626906 | HP5: 854069273 | HQ5: 64993423 | HR5: =INDIRECT("ZS(-1)",0) * 'Correction factor'!$C$13 -> 1.0059125e+08 | HS5: =INDIRECT("ZS(-1)",0) + INDIRECT("ZS(-3)",0) -> 9.5466052e+08 | HT5: =INDIRECT("ZS(-1)",0) / INDIRECT("Z7S(-1)",0) -> 0.71963132 | HU5: 880295813 | HV5: 64839484 | HW5: =INDIRECT("ZS(-1)",0) * 'Correction factor'!$C$13 -> 1.0035299e+08 | HX5: =INDIRECT("ZS(-1)",0) + INDIRECT("ZS(-3)",0) -> 9.8064881e+08 | HY5: =INDIRECT("ZS(-1)",0) / INDIRECT("Z7S(-1)",0) -> 0.66788558 | HZ5: 787259547 | IA5: 60945696 | IB5: =INDIRECT("ZS(-1)",0) * 'Correction factor'!$C$13 -> 94326521 | IC5: =INDIRECT("ZS(-1)",0) + INDIRECT("ZS(-3)",0) -> 8.8158607e+08 | ID5: =INDIRECT("ZS(-1)",0) / INDIRECT("Z7S(-1)",0) -> 0.68261703 | IE5: 836997165 | IF5: 62515402 | IG5: =INDIRECT("ZS(-1)",0) * 'Correction factor'!$C$13 -> 96755977 | IH5: =INDIRECT("ZS(-1)",0) + INDIRECT("ZS(-3)",0) -> 9.3375314e+08 | II5: =INDIRECT("ZS(-1)",0) / INDIRECT("Z7S(-1)",0) -> 0.66976153 | IJ5: 833623170 | IK5: 63887473 | IL5: =INDIRECT("ZS(-1)",0) * 'Correction factor'!$C$13 -> 98879551 | IM5: =INDIRECT("ZS(-1)",0) + INDIRECT("ZS(-3)",0) -> 9.3250272e+08 | IN5: =INDIRECT("ZS(-1)",0) / INDIRECT("Z7S(-1)",0) -> 0.69830036 | IO5: 827100127 | IP5: 65541343 | IQ5: =INDIRECT("ZS(-1)",0) * 'Correction factor'!$C$13 -> 1.0143927e+08 | IR5: =INDIRECT("ZS(-1)",0) + INDIRECT("ZS(-3)",0) -> 9.285394e+08 | IS5: =INDIRECT("ZS(-1)",0) / INDIRECT("Z7S(-1)",0) -> 0.69279123 | IT5: 790933067 | IU5: 64505356 | IV5: =INDIRECT("ZS(-1)",0) * 'Correction factor'!$C$13 -> 99835857 | IW5: =INDIRECT("ZS(-1)",0) + INDIRECT("ZS(-3)",0) -> 8.9076892e+08 | IX5: =INDIRECT("ZS(-1)",0) / INDIRECT("Z7S(-1)",0) -> 0.69537661 | IY5: 811303835 | IZ5: 63606269 | JA5: =INDIRECT("ZS(-1)",0) * 'Correction factor'!$C$13 -> 98444328 | JB5: =INDIRECT("ZS(-1)",0) + INDIRECT("ZS(-3)",0) -> 9.0974816e+08 | JC5: =INDIRECT("ZS(-1)",0) / INDIRECT("Z7S(-1)",0) -> 0.68037012 | JD5: 826579214 | JE5: 63632319 | JF5: =INDIRECT("ZS(-1)",0) * 'Correction factor'!$C$13 -> 98484646 | JG5: =INDIRECT("ZS(-1)",0) + INDIRECT("ZS(-3)",0) -> 9.2506386e+08 | JH5: =INDIRECT("ZS(-1)",0) / INDIRECT("Z7S(-1)",0) -> 0.65865022 | JI5: 759785851 | JJ5: 62473904 | JK5: =INDIRECT("ZS(-1)",0) * 'Correction factor'!$C$13 -> 96691750 | JL5: =INDIRECT("ZS(-1)",0) + INDIRECT("ZS(-3)",0) -> 8.564776e+08 | JM5: =INDIRECT("ZS(-1)",0) / INDIRECT("Z7S(-1)",0) -> 0.66717886 | JN5: 843387502 | JO5: 62728616 | JP5: =INDIRECT("ZS(-1)",0) * 'Correction factor'!$C$13 -> 97085972 | JQ5: =INDIRECT("ZS(-1)",0) + INDIRECT("ZS(-3)",0) -> 9.4047347e+08 | JR5: =INDIRECT("ZS(-1)",0) / INDIRECT("Z7S(-1)",0) -> 0.71475864 | JS5: 818088431 | JT5: 64303646 | JU5: =INDIRECT("ZS(-1)",0) * 'Correction factor'!$C$13 -> 99523668 | JV5: =INDIRECT("ZS(-1)",0) + INDIRECT("ZS(-3)",0) -> 9.176121e+08 | JW5: =INDIRECT("ZS(-1)",0) / INDIRECT("Z7S(-1)",0) -> 0.69799191 | JX5: 830460670 | JY5: 64198240 | JZ5: =INDIRECT("ZS(-1)",0) * 'Correction factor'!$C$13 -> 99360530 | KA5: =INDIRECT("ZS(-1)",0) + INDIRECT("ZS(-3)",0) -> 9.298212e+08 | KB5: =INDIRECT("ZS(-1)",0) / INDIRECT("Z7S(-1)",0) -> 0.63697815 | KC5: 825785550 | KD5: 56167111 | KE5: =INDIRECT("ZS(-1)",0) * 'Correction factor'!$C$13 -> 86930637 | KF5: =INDIRECT("ZS(-1)",0) + INDIRECT("ZS(-3)",0) -> 9.1271619e+08 | KG5: =INDIRECT("ZS(-1)",0) / INDIRECT("Z7S(-1)",0) -> 0.65938616 | KH5: 854072911 | KI5: 62626464 | KJ5: =INDIRECT("ZS(-1)",0) * 'Correction factor'!$C$13 -> 96927870 | KK5: =INDIRECT("ZS(-1)",0) + INDIRECT("ZS(-3)",0) -> 9.5100078e+08 | KL5: =INDIRECT("ZS(-1)",0) / INDIRECT("Z7S(-1)",0) -> 0.67561425 | KM5: 755465941 | KN5: 62012312 | KO5: =INDIRECT("ZS(-1)",0) * 'Correction factor'!$C$13 -> 95977338 | KP5: =INDIRECT("ZS(-1)",0) + INDIRECT("ZS(-3)",0) -> 8.5144328e+08 | KQ5: =INDIRECT("ZS(-1)",0) / INDIRECT("Z7S(-1)",0) -> 0.66438978 | KR5: 892298086 | KS5: 62708272 | KT5: =INDIRECT("ZS(-1)",0) * 'Correction factor'!$C$13 -> 97054485 | KU5: =INDIRECT("ZS(-1)",0) + INDIRECT("ZS(-3)",0) -> 9.8935257e+08 | KV5: =INDIRECT("ZS(-1)",0) / INDIRECT("Z7S(-1)",0) -> 0.68812395 | KW5: 855966243 | KX5: 61522387 | KY5: =INDIRECT("ZS(-1)",0) * 'Correction factor'!$C$13 -> 95219074 | KZ5: =INDIRECT("ZS(-1)",0) + INDIRECT("ZS(-3)",0) -> 9.5118532e+08 | LA5: =INDIRECT("ZS(-1)",0) / INDIRECT("Z7S(-1)",0) -> 0.66070799 | LB5: 819194153 | LC5: 65036422 | LD5: =INDIRECT("ZS(-1)",0) * 'Correction factor'!$C$13 -> 1.006578e+08 | LE5: =INDIRECT("ZS(-1)",0) + INDIRECT("ZS(-3)",0) -> 9.1985195e+08 | LF5: =INDIRECT("ZS(-1)",0) / INDIRECT("Z7S(-1)",0) -> 0.68972749 | LG5: 824137963 | LH5: 61480942 | LI5: =INDIRECT("ZS(-1)",0) * 'Correction factor'!$C$13 -> 95154929 | LJ5: =INDIRECT("ZS(-1)",0) + INDIRECT("ZS(-3)",0) -> 9.1929289e+08 | LK5: =INDIRECT("ZS(-1)",0) / INDIRECT("Z7S(-1)",0) -> 0.72162822 | LL5: 826214505 | LM5: 61054656 | LN5: =INDIRECT("ZS(-1)",0) * 'Correction factor'!$C$13 -> 94495160 | LO5: =INDIRECT("ZS(-1)",0) + INDIRECT("ZS(-3)",0) -> 9.2070966e+08 | LP5: =INDIRECT("ZS(-1)",0) / INDIRECT("Z7S(-1)",0) -> 0.65655253 | LQ5: 842489340 | LR5: 63698127 | LS5: =INDIRECT("ZS(-1)",0) * 'Correction factor'!$C$13 -> 98586498 | LT5: =INDIRECT("ZS(-1)",0) + INDIRECT("ZS(-3)",0) -> 9.4107584e+08 | LU5: =INDIRECT("ZS(-1)",0) / INDIRECT("Z7S(-1)",0) -> 0.66563175 | LV5: 818509403 | LW5: 64478511 | LX5: =INDIRECT("ZS(-1)",0) * 'Correction factor'!$C$13 -> 99794309 | LY5: =INDIRECT("ZS(-1)",0) + INDIRECT("ZS(-3)",0) -> 9.1830371e+08 | LZ5: =INDIRECT("ZS(-1)",0) / INDIRECT("Z7S(-1)",0) -> 0.66557701 | MA5: 843125139 | MB5: 65448736 | MC5: =INDIRECT("ZS(-1)",0) * 'Correction factor'!$C$13 -> 1.0129594e+08 | MD5: =INDIRECT("ZS(-1)",0) + INDIRECT("ZS(-3)",0) -> 9.4442108e+08 | ME5: =INDIRECT("ZS(-1)",0) / INDIRECT("Z7S(-1)",0) -> 0.67008636 | MF5: 919719736 | MG5: 63168412 | MH5: =INDIRECT("ZS(-1)",0) * 'Correction factor'!$C$13 -> 97766650 | MI5: =INDIRECT("ZS(-1)",0) + INDIRECT("ZS(-3)",0) -> 1.0174864e+09 | MJ5: =INDIRECT("ZS(-1)",0) / INDIRECT("Z7S(-1)",0) -> 0.6744545 | MK5: 812733656 | ML5: 63233355 | MM5: =INDIRECT("ZS(-1)",0) * 'Correction factor'!$C$13 -> 97867163 | MN5: =INDIRECT("ZS(-1)",0) + INDIRECT("ZS(-3)",0) -> 9.1060082e+08 | MO5: =INDIRECT("ZS(-1)",0) / INDIRECT("Z7S(-1)",0) -> 0.70894946 | MP5: 800137618 | MQ5: 65913928 | MR5: =INDIRECT("ZS(-1)",0) * 'Correction factor'!$C$13 -> 1.0201592e+08 | MS5: =INDIRECT("ZS(-1)",0) + INDIRECT("ZS(-3)",0) -> 9.0215354e+08 | MT5: =INDIRECT("ZS(-1)",0) / INDIRECT("Z7S(-1)",0) -> 0.65976276 | MU5: 827218356 | MV5: 62864145 | MW5: =INDIRECT("ZS(-1)",0) * 'Correction factor'!$C$13 -> 97295732 | MX5: =INDIRECT("ZS(-1)",0) + INDIRECT("ZS(-3)",0) -> 9.2451409e+08 | MY5: =INDIRECT("ZS(-1)",0) / INDIRECT("Z7S(-1)",0) -> 0.67027421 | MZ5: 851234774 | NA5: 65734953 | NB5: =INDIRECT("ZS(-1)",0) * 'Correction factor'!$C$13 -> 1.0173892e+08 | NC5: =INDIRECT("ZS(-1)",0) + INDIRECT("ZS(-3)",0) -> 9.529737e+08 | ND5: =INDIRECT("ZS(-1)",0) / INDIRECT("Z7S(-1)",0) -> 0.68056967 | NE5: 802008795 | NF5: 63760129 | NG5: =INDIRECT("ZS(-1)",0) * 'Correction factor'!$C$13 -> 98682459 | NH5: =INDIRECT("ZS(-1)",0) + INDIRECT("ZS(-3)",0) -> 9.0069125e+08 | NI5: =INDIRECT("ZS(-1)",0) / INDIRECT("Z7S(-1)",0) -> 0.7012627 | NJ5: 934413679 | NK5: 61683952 | NL5: =INDIRECT("ZS(-1)",0) * 'Correction factor'!$C$13 -> 95469130 | NM5: =INDIRECT("ZS(-1)",0) + INDIRECT("ZS(-3)",0) -> 1.0298828e+09 | NN5: =INDIRECT("ZS(-1)",0) / INDIRECT("Z7S(-1)",0) -> 0.71136352 | NO5: 881201242 | NP5: 64765347 | NQ5: =INDIRECT("ZS(-1)",0) * 'Correction factor'!$C$13 -> 1.0023825e+08 | NR5: =INDIRECT("ZS(-1)",0) + INDIRECT("ZS(-3)",0) -> 9.8143949e+08 | NS5: =INDIRECT("ZS(-1)",0) / INDIRECT("Z7S(-1)",0) -> 0.69446245 | NT5: 837316179 | NU5: 63511006 | NV5: =INDIRECT("ZS(-1)",0) * 'Correction factor'!$C$13 -> 98296888 | NW5: =INDIRECT("ZS(-1)",0) + INDIRECT("ZS(-3)",0) -> 9.3561307e+08 | NX5: =INDIRECT("ZS(-1)",0) / INDIRECT("Z7S(-1)",0) -> 0.69744474 | NY5: 882136797 | NZ5: 60545807 | OA5: =INDIRECT("ZS(-1)",0) * 'Correction factor'!$C$13 -> 93707607 | OB5: =INDIRECT("ZS(-1)",0) + INDIRECT("ZS(-3)",0) -> 9.758444e+08 | OC5: =INDIRECT("ZS(-1)",0) / INDIRECT("Z7S(-1)",0) -> 0.69507552 | OD5: 987252758 | OE5: 68392466 | OF5: =INDIRECT("ZS(-1)",0) * 'Correction factor'!$C$13 -> 1.0585199e+08 | OG5: =INDIRECT("ZS(-1)",0) + INDIRECT("ZS(-3)",0) -> 1.0931048e+09 | OH5: =INDIRECT("ZS(-1)",0) / INDIRECT("Z7S(-1)",0) -> 0.69154704 | OI5: 837092845 | OJ5: 67686463 | OK5: =INDIRECT("ZS(-1)",0) * 'Correction factor'!$C$13 -> 1.047593e+08 | OL5: =INDIRECT("ZS(-1)",0) + INDIRECT("ZS(-3)",0) -> 9.4185215e+08 | OM5: =INDIRECT("ZS(-1)",0) / INDIRECT("Z7S(-1)",0) -> 0.65041184 | ON5: 958571550 | OO5: 65728849 | OP5: =INDIRECT("ZS(-1)",0) * 'Correction factor'!$C$13 -> 1.0172948e+08 | OQ5: =INDIRECT("ZS(-1)",0) + INDIRECT("ZS(-3)",0) -> 1.060301e+09 | OR5: =INDIRECT("ZS(-1)",0) / INDIRECT("Z7S(-1)",0) -> 0.73966688 | OS5: 908479498 | OT5: 66235112 | OU5: =INDIRECT("ZS(-1)",0) * 'Correction factor'!$C$13 -> 1.0251303e+08 | OV5: =INDIRECT("ZS(-1)",0) + INDIRECT("ZS(-3)",0) -> 1.0109925e+09 | OW5: =INDIRECT("ZS(-1)",0) / INDIRECT("Z7S(-1)",0) -> 0.68935126 | OX5: 938207462 | OY5: 65203031 | OZ5: =INDIRECT("ZS(-1)",0) * 'Correction factor'!$C$13 -> 1.0091566e+08 | PA5: =INDIRECT("ZS(-1)",0) + INDIRECT("ZS(-3)",0) -> 1.0391231e+09 | PB5: =INDIRECT("ZS(-1)",0) / INDIRECT("Z7S(-1)",0) -> 0.67358056 | PC5: 834773614 | PD5: 65219659 | PE5: =INDIRECT("ZS(-1)",0) * 'Correction factor'!$C$13 -> 1.0094139e+08 | PF5: =INDIRECT("ZS(-1)",0) + INDIRECT("ZS(-3)",0) -> 9.3571501e+08 | PG5: =INDIRECT("ZS(-1)",0) / INDIRECT("Z7S(-1)",0) -> 0.64374593 | PH5: 260501255 | PI5: 598953621 | PJ5: =INDIRECT("ZS(-1)",0) * 'Correction factor'!$C$13 -> 9.2700904e+08 | PK5: =INDIRECT("ZS(-1)",0) + INDIRECT("ZS(-3)",0) -> 1.1875103e+09 | PL5: =INDIRECT("ZS(-1)",0) / INDIRECT("Z7S(-1)",0) -> 0.72810878 | PM5: 266768563 | PN5: 580853696 | PO5: =INDIRECT("ZS(-1)",0) * 'Correction factor'!$C$13 -> 8.9899553e+08 | PP5: =INDIRECT("ZS(-1)",0) + INDIRECT("ZS(-3)",0) -> 1.1657641e+09 | PQ5: =INDIRECT("ZS(-1)",0) / INDIRECT("Z7S(-1)",0) -> 0.74512136 | PR5: 251703265 | PS5: 554358765 | PT5: =INDIRECT("ZS(-1)",0) * 'Correction factor'!$C$13 -> 8.5798895e+08 | PU5: =INDIRECT("ZS(-1)",0) + INDIRECT("ZS(-3)",0) -> 1.1096922e+09 | PV5: =INDIRECT("ZS(-1)",0) / INDIRECT("Z7S(-1)",0) -> 0.70795992 | PW5: 281970722 | PX5: 586981015 | PY5: =INDIRECT("ZS(-1)",0) * 'Correction factor'!$C$13 -> 9.0847887e+08 | PZ5: =INDIRECT("ZS(-1)",0) + INDIRECT("ZS(-3)",0) -> 1.1904496e+09 | QA5: =INDIRECT("ZS(-1)",0) / INDIRECT("Z7S(-1)",0) -> 0.77315387 | QB5: 243002793 | QC5: 413087171 | QD5: =INDIRECT("ZS(-1)",0) * 'Correction factor'!$C$13 -> 6.3934089e+08 | QE5: =INDIRECT("ZS(-1)",0) + INDIRECT("ZS(-3)",0) -> 8.8234369e+08 | QF5: =INDIRECT("ZS(-1)",0) / INDIRECT("Z7S(-1)",0) -> 0.74268499 | QG5: 252408685 | QH5: 531790823 | QI5: =INDIRECT("ZS(-1)",0) * 'Correction factor'!$C$13 -> 8.2306022e+08 | QJ5: =INDIRECT("ZS(-1)",0) + INDIRECT("ZS(-3)",0) -> 1.0754689e+09 | QK5: =INDIRECT("ZS(-1)",0) / INDIRECT("Z7S(-1)",0) -> 0.77232618 | QL5: 264589912 | QM5: 589244215 | QN5: =INDIRECT("ZS(-1)",0) * 'Correction factor'!$C$13 -> 9.1198166e+08 | QO5: =INDIRECT("ZS(-1)",0) + INDIRECT("ZS(-3)",0) -> 1.1765716e+09 | QP5: =INDIRECT("ZS(-1)",0) / INDIRECT("Z7S(-1)",0) -> 0.74229325 | QQ5: 245003294 | QR5: 573692456 | QS5: =INDIRECT("ZS(-1)",0) * 'Correction factor'!$C$13 -> 8.8791198e+08 | QT5: =INDIRECT("ZS(-1)",0) + INDIRECT("ZS(-3)",0) -> 1.1329153e+09 | QU5: =INDIRECT("ZS(-1)",0) / INDIRECT("Z7S(-1)",0) -> 0.74494421 | QV5: 258331864 | QW5: 573609468 | QX5: =INDIRECT("ZS(-1)",0) * 'Correction factor'!$C$13 -> 8.8778354e+08 | QY5: =INDIRECT("ZS(-1)",0) + INDIRECT("ZS(-3)",0) -> 1.1461154e+09 | QZ5: =INDIRECT("ZS(-1)",0) / INDIRECT("Z7S(-1)",0) -> 0.71287456 | RA5: 254426743 | RB5: 572035218 | RC5: =INDIRECT("ZS(-1)",0) * 'Correction factor'!$C$13 -> 8.8534705e+08 | RD5: =INDIRECT("ZS(-1)",0) + INDIRECT("ZS(-3)",0) -> 1.1397738e+09 | RE5: =INDIRECT("ZS(-1)",0) / INDIRECT("Z7S(-1)",0) -> 0.76496789 | RF5: 256867118 | RG5: 548814399 | RH5: =INDIRECT("ZS(-1)",0) * 'Correction factor'!$C$13 -> 8.4940786e+08 | RI5: =INDIRECT("ZS(-1)",0) + INDIRECT("ZS(-3)",0) -> 1.106275e+09 | RJ5: =INDIRECT("ZS(-1)",0) / INDIRECT("Z7S(-1)",0) -> 0.70998198 | RK5: 233479552 | RL5: 502877744 | RM5: =INDIRECT("ZS(-1)",0) * 'Correction factor'!$C$13 -> 7.7831104e+08 | RN5: =INDIRECT("ZS(-1)",0) + INDIRECT("ZS(-3)",0) -> 1.0117906e+09 | RO5: =INDIRECT("ZS(-1)",0) / INDIRECT("Z7S(-1)",0) -> 0.70099178
A6: -1 | B6: 45468 | C6: Tuesday | D6: 1091900744 | E6: 64778654 | F6: =INDIRECT("ZS(-1)",0) * 'Correction factor'!$C$13 -> 1.0025884e+08 | G6: =INDIRECT("ZS(-1)",0) + INDIRECT("ZS(-3)",0) -> 1.1921596e+09 | H6: =INDIRECT("ZS(-1)",0) / INDIRECT("Z7S(-1)",0) -> 0.79749888 | I6: 1115614193 | J6: 64123668 | K6: =INDIRECT("ZS(-1)",0) * 'Correction factor'!$C$13 -> 99245114 | L6: =INDIRECT("ZS(-1)",0) + INDIRECT("ZS(-3)",0) -> 1.2148593e+09 | M6: =INDIRECT("ZS(-1)",0) / INDIRECT("Z7S(-1)",0) -> 0.88333229 | N6: 1143144370 | O6: 66478528 | P6: =INDIRECT("ZS(-1)",0) * 'Correction factor'!$C$13 -> 1.0288976e+08 | Q6: =INDIRECT("ZS(-1)",0) + INDIRECT("ZS(-3)",0) -> 1.2460341e+09 | R6: =INDIRECT("ZS(-1)",0) / INDIRECT("Z7S(-1)",0) -> 0.87086146 | S6: 958189579 | T6: 65017661 | U6: =INDIRECT("ZS(-1)",0) * 'Correction factor'!$C$13 -> 1.0062876e+08 | V6: =INDIRECT("ZS(-1)",0) + INDIRECT("ZS(-3)",0) -> 1.0588183e+09 | W6: =INDIRECT("ZS(-1)",0) / INDIRECT("Z7S(-1)",0) -> 0.7591237 | X6: 1042500765 | Y6: 67897055 | Z6: =INDIRECT("ZS(-1)",0) * 'Correction factor'!$C$13 -> 1.0508524e+08 | AA6: =INDIRECT("ZS(-1)",0) + INDIRECT("ZS(-3)",0) -> 1.147586e+09 | AB6: =INDIRECT("ZS(-1)",0) / INDIRECT("Z7S(-1)",0) -> 0.78753275 | AC6: 1010514132 | AD6: 66930101 | AE6: =INDIRECT("ZS(-1)",0) * 'Correction factor'!$C$13 -> 1.0358867e+08 | AF6: =INDIRECT("ZS(-1)",0) + INDIRECT("ZS(-3)",0) -> 1.1141028e+09 | AG6: =INDIRECT("ZS(-1)",0) / INDIRECT("Z7S(-1)",0) -> 0.75747472 | AH6: 1034271530 | AI6: 65160387 | AJ6: =INDIRECT("ZS(-1)",0) * 'Correction factor'!$C$13 -> 1.0084966e+08 | AK6: =INDIRECT("ZS(-1)",0) + INDIRECT("ZS(-3)",0) -> 1.1351212e+09 | AL6: =INDIRECT("ZS(-1)",0) / INDIRECT("Z7S(-1)",0) -> 0.84629737 | AM6: 1030122412 | AN6: 63520975 | AO6: =INDIRECT("ZS(-1)",0) * 'Correction factor'!$C$13 -> 98312317 | AP6: =INDIRECT("ZS(-1)",0) + INDIRECT("ZS(-3)",0) -> 1.1284347e+09 | AQ6: =INDIRECT("ZS(-1)",0) / INDIRECT("Z7S(-1)",0) -> 0.78912686 | AR6: 1063072889 | AS6: 67184099 | AT6: =INDIRECT("ZS(-1)",0) * 'Correction factor'!$C$13 -> 1.0398179e+08 | AU6: =INDIRECT("ZS(-1)",0) + INDIRECT("ZS(-3)",0) -> 1.1670547e+09 | AV6: =INDIRECT("ZS(-1)",0) / INDIRECT("Z7S(-1)",0) -> 0.78148802 | AW6: 1030263196 | AX6: 69676288 | AY6: =INDIRECT("ZS(-1)",0) * 'Correction factor'!$C$13 -> 1.0783898e+08 | AZ6: =INDIRECT("ZS(-1)",0) + INDIRECT("ZS(-3)",0) -> 1.1381022e+09 | BA6: =INDIRECT("ZS(-1)",0) / INDIRECT("Z7S(-1)",0) -> 0.84624748 | BB6: 980005197 | BC6: 64880020 | BD6: =INDIRECT("ZS(-1)",0) * 'Correction factor'!$C$13 -> 1.0041573e+08 | BE6: =INDIRECT("ZS(-1)",0) + INDIRECT("ZS(-3)",0) -> 1.0804209e+09 | BF6: =INDIRECT("ZS(-1)",0) / INDIRECT("Z7S(-1)",0) -> 0.80903993 | BG6: 1106105484 | BH6: 69047245 | BI6: =INDIRECT("ZS(-1)",0) * 'Correction factor'!$C$13 -> 1.068654e+08 | BJ6: =INDIRECT("ZS(-1)",0) + INDIRECT("ZS(-3)",0) -> 1.2129709e+09 | BK6: =INDIRECT("ZS(-1)",0) / INDIRECT("Z7S(-1)",0) -> 0.85439301 | BL6: 1015116880 | BM6: 65459021 | BN6: =INDIRECT("ZS(-1)",0) * 'Correction factor'!$C$13 -> 1.0131186e+08 | BO6: =INDIRECT("ZS(-1)",0) + INDIRECT("ZS(-3)",0) -> 1.1164287e+09 | BP6: =INDIRECT("ZS(-1)",0) / INDIRECT("Z7S(-1)",0) -> 0.81157017 | BQ6: 1065453920 | BR6: 63928200 | BS6: =INDIRECT("ZS(-1)",0) * 'Correction factor'!$C$13 -> 98942585 | BT6: =INDIRECT("ZS(-1)",0) + INDIRECT("ZS(-3)",0) -> 1.1643965e+09 | BU6: =INDIRECT("ZS(-1)",0) / INDIRECT("Z7S(-1)",0) -> 0.85842228 | BV6: 1067113243 | BW6: 66021812 | BX6: =INDIRECT("ZS(-1)",0) * 'Correction factor'!$C$13 -> 1.021829e+08 | BY6: =INDIRECT("ZS(-1)",0) + INDIRECT("ZS(-3)",0) -> 1.1692961e+09 | BZ6: =INDIRECT("ZS(-1)",0) / INDIRECT("Z7S(-1)",0) -> 0.86807292 | CA6: 1040032936 | CB6: 64268747 | CC6: =INDIRECT("ZS(-1)",0) * 'Correction factor'!$C$13 -> 99469654 | CD6: =INDIRECT("ZS(-1)",0) + INDIRECT("ZS(-3)",0) -> 1.1395026e+09 | CE6: =INDIRECT("ZS(-1)",0) / INDIRECT("Z7S(-1)",0) -> 0.81728096 | CF6: 1119141112 | CG6: 67951971 | CH6: =INDIRECT("ZS(-1)",0) * 'Correction factor'!$C$13 -> 1.0517023e+08 | CI6: =INDIRECT("ZS(-1)",0) + INDIRECT("ZS(-3)",0) -> 1.2243113e+09 | CJ6: =INDIRECT("ZS(-1)",0) / INDIRECT("Z7S(-1)",0) -> 0.84173657 | CK6: 1057994537 | CL6: 63922040 | CM6: =INDIRECT("ZS(-1)",0) * 'Correction factor'!$C$13 -> 98933051 | CN6: =INDIRECT("ZS(-1)",0) + INDIRECT("ZS(-3)",0) -> 1.1569276e+09 | CO6: =INDIRECT("ZS(-1)",0) / INDIRECT("Z7S(-1)",0) -> 0.87798704 | CP6: 1041360983 | CQ6: 66847788 | CR6: =INDIRECT("ZS(-1)",0) * 'Correction factor'!$C$13 -> 1.0346127e+08 | CS6: =INDIRECT("ZS(-1)",0) + INDIRECT("ZS(-3)",0) -> 1.1448223e+09 | CT6: =INDIRECT("ZS(-1)",0) / INDIRECT("Z7S(-1)",0) -> 0.84139211 | CU6: 1076366283 | CV6: 65674831 | CW6: =INDIRECT("ZS(-1)",0) * 'Correction factor'!$C$13 -> 1.0164587e+08 | CX6: =INDIRECT("ZS(-1)",0) + INDIRECT("ZS(-3)",0) -> 1.1780122e+09 | CY6: =INDIRECT("ZS(-1)",0) / INDIRECT("Z7S(-1)",0) -> 0.82339101 | CZ6: 988978984 | DA6: 67528482 | DB6: =INDIRECT("ZS(-1)",0) * 'Correction factor'!$C$13 -> 1.0451479e+08 | DC6: =INDIRECT("ZS(-1)",0) + INDIRECT("ZS(-3)",0) -> 1.0934938e+09 | DD6: =INDIRECT("ZS(-1)",0) / INDIRECT("Z7S(-1)",0) -> 0.76864889 | DE6: 1097172906 | DF6: 70061844 | DG6: =INDIRECT("ZS(-1)",0) * 'Correction factor'!$C$13 -> 1.0843571e+08 | DH6: =INDIRECT("ZS(-1)",0) + INDIRECT("ZS(-3)",0) -> 1.2056086e+09 | DI6: =INDIRECT("ZS(-1)",0) / INDIRECT("Z7S(-1)",0) -> 0.88551907 | DJ6: 1145179792 | DK6: 65428729 | DL6: =INDIRECT("ZS(-1)",0) * 'Correction factor'!$C$13 -> 1.0126498e+08 | DM6: =INDIRECT("ZS(-1)",0) + INDIRECT("ZS(-3)",0) -> 1.2464448e+09 | DN6: =INDIRECT("ZS(-1)",0) / INDIRECT("Z7S(-1)",0) -> 0.80996579 | DO6: 1029797154 | DP6: 66288579 | DQ6: =INDIRECT("ZS(-1)",0) * 'Correction factor'!$C$13 -> 1.0259578e+08 | DR6: =INDIRECT("ZS(-1)",0) + INDIRECT("ZS(-3)",0) -> 1.1323929e+09 | DS6: =INDIRECT("ZS(-1)",0) / INDIRECT("Z7S(-1)",0) -> 0.79140303 | DT6: 1046515831 | DU6: 65632665 | DV6: =INDIRECT("ZS(-1)",0) * 'Correction factor'!$C$13 -> 1.0158061e+08 | DW6: =INDIRECT("ZS(-1)",0) + INDIRECT("ZS(-3)",0) -> 1.1480964e+09 | DX6: =INDIRECT("ZS(-1)",0) / INDIRECT("Z7S(-1)",0) -> 0.85390631 | DY6: 988243116 | DZ6: 62239844 | EA6: =INDIRECT("ZS(-1)",0) * 'Correction factor'!$C$13 -> 96329492 | EB6: =INDIRECT("ZS(-1)",0) + INDIRECT("ZS(-3)",0) -> 1.0845726e+09 | EC6: =INDIRECT("ZS(-1)",0) / INDIRECT("Z7S(-1)",0) -> 0.84799064 | ED6: 1073100677 | EE6: 63560879 | EF6: =INDIRECT("ZS(-1)",0) * 'Correction factor'!$C$13 -> 98374077 | EG6: =INDIRECT("ZS(-1)",0) + INDIRECT("ZS(-3)",0) -> 1.1714748e+09 | EH6: =INDIRECT("ZS(-1)",0) / INDIRECT("Z7S(-1)",0) -> 0.83454043 | EI6: 974185234 | EJ6: 62910970 | EK6: =INDIRECT("ZS(-1)",0) * 'Correction factor'!$C$13 -> 97368204 | EL6: =INDIRECT("ZS(-1)",0) + INDIRECT("ZS(-3)",0) -> 1.0715534e+09 | EM6: =INDIRECT("ZS(-1)",0) / INDIRECT("Z7S(-1)",0) -> 0.84146338 | EN6: 1089606605 | EO6: 61986440 | EP6: =INDIRECT("ZS(-1)",0) * 'Correction factor'!$C$13 -> 95937295 | EQ6: =INDIRECT("ZS(-1)",0) + INDIRECT("ZS(-3)",0) -> 1.1855439e+09 | ER6: =INDIRECT("ZS(-1)",0) / INDIRECT("Z7S(-1)",0) -> 0.83699568 | ES6: 1117637092 | ET6: 59987978 | EU6: =INDIRECT("ZS(-1)",0) * 'Correction factor'!$C$13 -> 92844247 | EV6: =INDIRECT("ZS(-1)",0) + INDIRECT("ZS(-3)",0) -> 1.2104813e+09 | EW6: =INDIRECT("ZS(-1)",0) / INDIRECT("Z7S(-1)",0) -> 0.83985215 | EX6: 1011072547 | EY6: 63478594 | EZ6: =INDIRECT("ZS(-1)",0) * 'Correction factor'!$C$13 -> 98246723 | FA6: =INDIRECT("ZS(-1)",0) + INDIRECT("ZS(-3)",0) -> 1.1093193e+09 | FB6: =INDIRECT("ZS(-1)",0) / INDIRECT("Z7S(-1)",0) -> 0.80437054 | FC6: 1049709067 | FD6: 64530815 | FE6: =INDIRECT("ZS(-1)",0) * 'Correction factor'!$C$13 -> 99875261 | FF6: =INDIRECT("ZS(-1)",0) + INDIRECT("ZS(-3)",0) -> 1.1495843e+09 | FG6: =INDIRECT("ZS(-1)",0) / INDIRECT("Z7S(-1)",0) -> 0.87319263 | FH6: 1065635479 | FI6: 63232512 | FJ6: =INDIRECT("ZS(-1)",0) * 'Correction factor'!$C$13 -> 97865859 | FK6: =INDIRECT("ZS(-1)",0) + INDIRECT("ZS(-3)",0) -> 1.1635013e+09 | FL6: =INDIRECT("ZS(-1)",0) / INDIRECT("Z7S(-1)",0) -> 0.84635717 | FM6: 1115673188 | FN6: 63707732 | FO6: =INDIRECT("ZS(-1)",0) * 'Correction factor'!$C$13 -> 98601363 | FP6: =INDIRECT("ZS(-1)",0) + INDIRECT("ZS(-3)",0) -> 1.2142746e+09 | FQ6: =INDIRECT("ZS(-1)",0) / INDIRECT("Z7S(-1)",0) -> 0.87552021 | FR6: 1112448774 | FS6: 64894156 | FT6: =INDIRECT("ZS(-1)",0) * 'Correction factor'!$C$13 -> 1.0043761e+08 | FU6: =INDIRECT("ZS(-1)",0) + INDIRECT("ZS(-3)",0) -> 1.2128864e+09 | FV6: =INDIRECT("ZS(-1)",0) / INDIRECT("Z7S(-1)",0) -> 0.84065806 | FW6: 1055403641 | FX6: 66032980 | FY6: =INDIRECT("ZS(-1)",0) * 'Correction factor'!$C$13 -> 1.0220018e+08 | FZ6: =INDIRECT("ZS(-1)",0) + INDIRECT("ZS(-3)",0) -> 1.1576038e+09 | GA6: =INDIRECT("ZS(-1)",0) / INDIRECT("Z7S(-1)",0) -> 0.86478075 | GB6: 979458540 | GC6: 62947855 | GD6: =INDIRECT("ZS(-1)",0) * 'Correction factor'!$C$13 -> 97425291 | GE6: =INDIRECT("ZS(-1)",0) + INDIRECT("ZS(-3)",0) -> 1.0768838e+09 | GF6: =INDIRECT("ZS(-1)",0) / INDIRECT("Z7S(-1)",0) -> 0.78867086 | GG6: 1026970624 | GH6: 61226274 | GI6: =INDIRECT("ZS(-1)",0) * 'Correction factor'!$C$13 -> 94760776 | GJ6: =INDIRECT("ZS(-1)",0) + INDIRECT("ZS(-3)",0) -> 1.1217314e+09 | GK6: =INDIRECT("ZS(-1)",0) / INDIRECT("Z7S(-1)",0) -> 0.85476131 | GL6: 1041760879 | GM6: 62663700 | GN6: =INDIRECT("ZS(-1)",0) * 'Correction factor'!$C$13 -> 96985500 | GO6: =INDIRECT("ZS(-1)",0) + INDIRECT("ZS(-3)",0) -> 1.1387464e+09 | GP6: =INDIRECT("ZS(-1)",0) / INDIRECT("Z7S(-1)",0) -> 0.81827577 | GQ6: 1011618598 | GR6: 65654475 | GS6: =INDIRECT("ZS(-1)",0) * 'Correction factor'!$C$13 -> 1.0161437e+08 | GT6: =INDIRECT("ZS(-1)",0) + INDIRECT("ZS(-3)",0) -> 1.113233e+09 | GU6: =INDIRECT("ZS(-1)",0) / INDIRECT("Z7S(-1)",0) -> 0.86312886 | GV6: 1033278705 | GW6: 62220055 | GX6: =INDIRECT("ZS(-1)",0) * 'Correction factor'!$C$13 -> 96298865 | GY6: =INDIRECT("ZS(-1)",0) + INDIRECT("ZS(-3)",0) -> 1.1295776e+09 | GZ6: =INDIRECT("ZS(-1)",0) / INDIRECT("Z7S(-1)",0) -> 0.82785025 | HA6: 1054490134 | HB6: 63023944 | HC6: =INDIRECT("ZS(-1)",0) * 'Correction factor'!$C$13 -> 97543055 | HD6: =INDIRECT("ZS(-1)",0) + INDIRECT("ZS(-3)",0) -> 1.1520332e+09 | HE6: =INDIRECT("ZS(-1)",0) / INDIRECT("Z7S(-1)",0) -> 0.86602224 | HF6: 1020204228 | HG6: 63610056 | HH6: =INDIRECT("ZS(-1)",0) * 'Correction factor'!$C$13 -> 98450189 | HI6: =INDIRECT("ZS(-1)",0) + INDIRECT("ZS(-3)",0) -> 1.1186544e+09 | HJ6: =INDIRECT("ZS(-1)",0) / INDIRECT("Z7S(-1)",0) -> 0.80829428 | HK6: 1024915928 | HL6: 63694026 | HM6: =INDIRECT("ZS(-1)",0) * 'Correction factor'!$C$13 -> 98580151 | HN6: =INDIRECT("ZS(-1)",0) + INDIRECT("ZS(-3)",0) -> 1.1234961e+09 | HO6: =INDIRECT("ZS(-1)",0) / INDIRECT("Z7S(-1)",0) -> 0.83126364 | HP6: 991589976 | HQ6: 63349599 | HR6: =INDIRECT("ZS(-1)",0) * 'Correction factor'!$C$13 -> 98047076 | HS6: =INDIRECT("ZS(-1)",0) + INDIRECT("ZS(-3)",0) -> 1.0896371e+09 | HT6: =INDIRECT("ZS(-1)",0) / INDIRECT("Z7S(-1)",0) -> 0.82137779 | HU6: 1150099608 | HV6: 62823645 | HW6: =INDIRECT("ZS(-1)",0) * 'Correction factor'!$C$13 -> 97233049 | HX6: =INDIRECT("ZS(-1)",0) + INDIRECT("ZS(-3)",0) -> 1.2473327e+09 | HY6: =INDIRECT("ZS(-1)",0) / INDIRECT("Z7S(-1)",0) -> 0.84951462 | HZ6: 941008831 | IA6: 61221542 | IB6: =INDIRECT("ZS(-1)",0) * 'Correction factor'!$C$13 -> 94753452 | IC6: =INDIRECT("ZS(-1)",0) + INDIRECT("ZS(-3)",0) -> 1.0357623e+09 | ID6: =INDIRECT("ZS(-1)",0) / INDIRECT("Z7S(-1)",0) -> 0.80199653 | IE6: 999020070 | IF6: 62386312 | IG6: =INDIRECT("ZS(-1)",0) * 'Correction factor'!$C$13 -> 96556183 | IH6: =INDIRECT("ZS(-1)",0) + INDIRECT("ZS(-3)",0) -> 1.0955763e+09 | II6: =INDIRECT("ZS(-1)",0) / INDIRECT("Z7S(-1)",0) -> 0.78583385 | IJ6: 1014266711 | IK6: 62322575 | IL6: =INDIRECT("ZS(-1)",0) * 'Correction factor'!$C$13 -> 96457536 | IM6: =INDIRECT("ZS(-1)",0) + INDIRECT("ZS(-3)",0) -> 1.1107242e+09 | IN6: =INDIRECT("ZS(-1)",0) / INDIRECT("Z7S(-1)",0) -> 0.83176073 | IO6: 1049955618 | IP6: 63662742 | IQ6: =INDIRECT("ZS(-1)",0) * 'Correction factor'!$C$13 -> 98531732 | IR6: =INDIRECT("ZS(-1)",0) + INDIRECT("ZS(-3)",0) -> 1.1484873e+09 | IS6: =INDIRECT("ZS(-1)",0) / INDIRECT("Z7S(-1)",0) -> 0.85689629 | IT6: 989124028 | IU6: 62576482 | IV6: =INDIRECT("ZS(-1)",0) * 'Correction factor'!$C$13 -> 96850512 | IW6: =INDIRECT("ZS(-1)",0) + INDIRECT("ZS(-3)",0) -> 1.0859745e+09 | IX6: =INDIRECT("ZS(-1)",0) / INDIRECT("Z7S(-1)",0) -> 0.84776341 | IY6: 989202384 | IZ6: 63207778 | JA6: =INDIRECT("ZS(-1)",0) * 'Correction factor'!$C$13 -> 97827578 | JB6: =INDIRECT("ZS(-1)",0) + INDIRECT("ZS(-3)",0) -> 1.08703e+09 | JC6: =INDIRECT("ZS(-1)",0) / INDIRECT("Z7S(-1)",0) -> 0.81295323 | JD6: 996242509 | JE6: 62643788 | JF6: =INDIRECT("ZS(-1)",0) * 'Correction factor'!$C$13 -> 96954682 | JG6: =INDIRECT("ZS(-1)",0) + INDIRECT("ZS(-3)",0) -> 1.0931972e+09 | JH6: =INDIRECT("ZS(-1)",0) / INDIRECT("Z7S(-1)",0) -> 0.77836202 | JI6: 929374508 | JJ6: 63207617 | JK6: =INDIRECT("ZS(-1)",0) * 'Correction factor'!$C$13 -> 97827328 | JL6: =INDIRECT("ZS(-1)",0) + INDIRECT("ZS(-3)",0) -> 1.0272018e+09 | JM6: =INDIRECT("ZS(-1)",0) / INDIRECT("Z7S(-1)",0) -> 0.80016962 | JN6: 1016315612 | JO6: 62492598 | JP6: =INDIRECT("ZS(-1)",0) * 'Correction factor'!$C$13 -> 96720683 | JQ6: =INDIRECT("ZS(-1)",0) + INDIRECT("ZS(-3)",0) -> 1.1130363e+09 | JR6: =INDIRECT("ZS(-1)",0) / INDIRECT("Z7S(-1)",0) -> 0.84590616 | JS6: 961240711 | JT6: 64784384 | JU6: =INDIRECT("ZS(-1)",0) * 'Correction factor'!$C$13 -> 1.0026771e+08 | JV6: =INDIRECT("ZS(-1)",0) + INDIRECT("ZS(-3)",0) -> 1.0615084e+09 | JW6: =INDIRECT("ZS(-1)",0) / INDIRECT("Z7S(-1)",0) -> 0.80744826 | JX6: 1099601751 | JY6: 62971940 | JZ6: =INDIRECT("ZS(-1)",0) * 'Correction factor'!$C$13 -> 97462568 | KA6: =INDIRECT("ZS(-1)",0) + INDIRECT("ZS(-3)",0) -> 1.1970643e+09 | KB6: =INDIRECT("ZS(-1)",0) / INDIRECT("Z7S(-1)",0) -> 0.82005424 | KC6: 992356997 | KD6: 45031243 | KE6: =INDIRECT("ZS(-1)",0) * 'Correction factor'!$C$13 -> 69695496 | KF6: =INDIRECT("ZS(-1)",0) + INDIRECT("ZS(-3)",0) -> 1.0620525e+09 | KG6: =INDIRECT("ZS(-1)",0) / INDIRECT("Z7S(-1)",0) -> 0.76727325 | KH6: 1090319403 | KI6: 60363766 | KJ6: =INDIRECT("ZS(-1)",0) * 'Correction factor'!$C$13 -> 93425860 | KK6: =INDIRECT("ZS(-1)",0) + INDIRECT("ZS(-3)",0) -> 1.1837453e+09 | KL6: =INDIRECT("ZS(-1)",0) / INDIRECT("Z7S(-1)",0) -> 0.84096163 | KM6: 1064031797 | KN6: 62500626 | KO6: =INDIRECT("ZS(-1)",0) * 'Correction factor'!$C$13 -> 96733108 | KP6: =INDIRECT("ZS(-1)",0) + INDIRECT("ZS(-3)",0) -> 1.1607649e+09 | KQ6: =INDIRECT("ZS(-1)",0) / INDIRECT("Z7S(-1)",0) -> 0.90575656 | KR6: 1092622218 | KS6: 60526856 | KT6: =INDIRECT("ZS(-1)",0) * 'Correction factor'!$C$13 -> 93678276 | KU6: =INDIRECT("ZS(-1)",0) + INDIRECT("ZS(-3)",0) -> 1.1863005e+09 | KV6: =INDIRECT("ZS(-1)",0) / INDIRECT("Z7S(-1)",0) -> 0.82510705 | KW6: 1119082915 | KX6: 60543316 | KY6: =INDIRECT("ZS(-1)",0) * 'Correction factor'!$C$13 -> 93703752 | KZ6: =INDIRECT("ZS(-1)",0) + INDIRECT("ZS(-3)",0) -> 1.2127867e+09 | LA6: =INDIRECT("ZS(-1)",0) / INDIRECT("Z7S(-1)",0) -> 0.84242033 | LB6: 1040798318 | LC6: 64358554 | LD6: =INDIRECT("ZS(-1)",0) * 'Correction factor'!$C$13 -> 99608650 | LE6: =INDIRECT("ZS(-1)",0) + INDIRECT("ZS(-3)",0) -> 1.140407e+09 | LF6: =INDIRECT("ZS(-1)",0) / INDIRECT("Z7S(-1)",0) -> 0.85510504 | LG6: 1064138083 | LH6: 60409893 | LI6: =INDIRECT("ZS(-1)",0) * 'Correction factor'!$C$13 -> 93497251 | LJ6: =INDIRECT("ZS(-1)",0) + INDIRECT("ZS(-3)",0) -> 1.1576353e+09 | LK6: =INDIRECT("ZS(-1)",0) / INDIRECT("Z7S(-1)",0) -> 0.90872271 | LL6: 1008952056 | LM6: 59547133 | LN6: =INDIRECT("ZS(-1)",0) * 'Correction factor'!$C$13 -> 92161945 | LO6: =INDIRECT("ZS(-1)",0) + INDIRECT("ZS(-3)",0) -> 1.101114e+09 | LP6: =INDIRECT("ZS(-1)",0) / INDIRECT("Z7S(-1)",0) -> 0.78519778 | LQ6: 1059045968 | LR6: 62713308 | LS6: =INDIRECT("ZS(-1)",0) * 'Correction factor'!$C$13 -> 97062279 | LT6: =INDIRECT("ZS(-1)",0) + INDIRECT("ZS(-3)",0) -> 1.1561082e+09 | LU6: =INDIRECT("ZS(-1)",0) / INDIRECT("Z7S(-1)",0) -> 0.81772618 | LV6: 1017476022 | LW6: 63182213 | LX6: =INDIRECT("ZS(-1)",0) * 'Correction factor'!$C$13 -> 97788010 | LY6: =INDIRECT("ZS(-1)",0) + INDIRECT("ZS(-3)",0) -> 1.115264e+09 | LZ6: =INDIRECT("ZS(-1)",0) / INDIRECT("Z7S(-1)",0) -> 0.80833181 | MA6: 1126311852 | MB6: 66281015 | MC6: =INDIRECT("ZS(-1)",0) * 'Correction factor'!$C$13 -> 1.0258407e+08 | MD6: =INDIRECT("ZS(-1)",0) + INDIRECT("ZS(-3)",0) -> 1.2288959e+09 | ME6: =INDIRECT("ZS(-1)",0) / INDIRECT("Z7S(-1)",0) -> 0.87192716 | MF6: 1140239176 | MG6: 60813753 | MH6: =INDIRECT("ZS(-1)",0) * 'Correction factor'!$C$13 -> 94122311 | MI6: =INDIRECT("ZS(-1)",0) + INDIRECT("ZS(-3)",0) -> 1.2343615e+09 | MJ6: =INDIRECT("ZS(-1)",0) / INDIRECT("Z7S(-1)",0) -> 0.81821307 | MK6: 940435792 | ML6: 62514716 | MM6: =INDIRECT("ZS(-1)",0) * 'Correction factor'!$C$13 -> 96754916 | MN6: =INDIRECT("ZS(-1)",0) + INDIRECT("ZS(-3)",0) -> 1.0371907e+09 | MO6: =INDIRECT("ZS(-1)",0) / INDIRECT("Z7S(-1)",0) -> 0.80750618 | MP6: 1014173661 | MQ6: 65003302 | MR6: =INDIRECT("ZS(-1)",0) * 'Correction factor'!$C$13 -> 1.0060654e+08 | MS6: =INDIRECT("ZS(-1)",0) + INDIRECT("ZS(-3)",0) -> 1.1147802e+09 | MT6: =INDIRECT("ZS(-1)",0) / INDIRECT("Z7S(-1)",0) -> 0.81526084 | MU6: 1027515177 | MV6: 61683707 | MW6: =INDIRECT("ZS(-1)",0) * 'Correction factor'!$C$13 -> 95468751 | MX6: =INDIRECT("ZS(-1)",0) + INDIRECT("ZS(-3)",0) -> 1.1229839e+09 | MY6: =INDIRECT("ZS(-1)",0) / INDIRECT("Z7S(-1)",0) -> 0.81416516 | MZ6: 1042274634 | NA6: 61866586 | NB6: =INDIRECT("ZS(-1)",0) * 'Correction factor'!$C$13 -> 95751796 | NC6: =INDIRECT("ZS(-1)",0) + INDIRECT("ZS(-3)",0) -> 1.1380264e+09 | ND6: =INDIRECT("ZS(-1)",0) / INDIRECT("Z7S(-1)",0) -> 0.81272576 | NE6: 1003702827 | NF6: 63966469 | NG6: =INDIRECT("ZS(-1)",0) * 'Correction factor'!$C$13 -> 99001814 | NH6: =INDIRECT("ZS(-1)",0) + INDIRECT("ZS(-3)",0) -> 1.1027046e+09 | NI6: =INDIRECT("ZS(-1)",0) / INDIRECT("Z7S(-1)",0) -> 0.85854684 | NJ6: 1107942077 | NK6: 62074816 | NL6: =INDIRECT("ZS(-1)",0) * 'Correction factor'!$C$13 -> 96074076 | NM6: =INDIRECT("ZS(-1)",0) + INDIRECT("ZS(-3)",0) -> 1.2040162e+09 | NN6: =INDIRECT("ZS(-1)",0) / INDIRECT("Z7S(-1)",0) -> 0.83164139 | NO6: 1196497613 | NP6: 132541152 | NQ6: =INDIRECT("ZS(-1)",0) * 'Correction factor'!$C$13 -> 2.0513583e+08 | NR6: =INDIRECT("ZS(-1)",0) + INDIRECT("ZS(-3)",0) -> 1.4016334e+09 | NS6: =INDIRECT("ZS(-1)",0) / INDIRECT("Z7S(-1)",0) -> 0.99178992 | NT6: 1033278207 | NU6: 60349447 | NV6: =INDIRECT("ZS(-1)",0) * 'Correction factor'!$C$13 -> 93403698 | NW6: =INDIRECT("ZS(-1)",0) + INDIRECT("ZS(-3)",0) -> 1.1266819e+09 | NX6: =INDIRECT("ZS(-1)",0) / INDIRECT("Z7S(-1)",0) -> 0.83987536 | NY6: 1074417543 | NZ6: 59807670 | OA6: =INDIRECT("ZS(-1)",0) * 'Correction factor'!$C$13 -> 92565182 | OB6: =INDIRECT("ZS(-1)",0) + INDIRECT("ZS(-3)",0) -> 1.1669827e+09 | OC6: =INDIRECT("ZS(-1)",0) / INDIRECT("Z7S(-1)",0) -> 0.83121973 | OD6: 1092666193 | OE6: 68317381 | OF6: =INDIRECT("ZS(-1)",0) * 'Correction factor'!$C$13 -> 1.0573578e+08 | OG6: =INDIRECT("ZS(-1)",0) + INDIRECT("ZS(-3)",0) -> 1.198402e+09 | OH6: =INDIRECT("ZS(-1)",0) / INDIRECT("Z7S(-1)",0) -> 0.75816278 | OI6: 1055916517 | OJ6: 63467224 | OK6: =INDIRECT("ZS(-1)",0) * 'Correction factor'!$C$13 -> 98229126 | OL6: =INDIRECT("ZS(-1)",0) + INDIRECT("ZS(-3)",0) -> 1.1541456e+09 | OM6: =INDIRECT("ZS(-1)",0) / INDIRECT("Z7S(-1)",0) -> 0.79701468 | ON6: 1131379903 | OO6: 65240756 | OP6: =INDIRECT("ZS(-1)",0) * 'Correction factor'!$C$13 -> 1.0097405e+08 | OQ6: =INDIRECT("ZS(-1)",0) + INDIRECT("ZS(-3)",0) -> 1.2323539e+09 | OR6: =INDIRECT("ZS(-1)",0) / INDIRECT("Z7S(-1)",0) -> 0.85969115 | OS6: 1169499654 | OT6: 65043086 | OU6: =INDIRECT("ZS(-1)",0) * 'Correction factor'!$C$13 -> 1.0066811e+08 | OV6: =INDIRECT("ZS(-1)",0) + INDIRECT("ZS(-3)",0) -> 1.2701678e+09 | OW6: =INDIRECT("ZS(-1)",0) / INDIRECT("Z7S(-1)",0) -> 0.86607144 | OX6: 1186845270 | OY6: 64881991 | OZ6: =INDIRECT("ZS(-1)",0) * 'Correction factor'!$C$13 -> 1.0041878e+08 | PA6: =INDIRECT("ZS(-1)",0) + INDIRECT("ZS(-3)",0) -> 1.2872641e+09 | PB6: =INDIRECT("ZS(-1)",0) / INDIRECT("Z7S(-1)",0) -> 0.83443051 | PC6: 1086221573 | PD6: 64320637 | PE6: =INDIRECT("ZS(-1)",0) * 'Correction factor'!$C$13 -> 99549965 | PF6: =INDIRECT("ZS(-1)",0) + INDIRECT("ZS(-3)",0) -> 1.1857715e+09 | PG6: =INDIRECT("ZS(-1)",0) / INDIRECT("Z7S(-1)",0) -> 0.81577787 | PH6: 315048435 | PI6: 802519449 | PJ6: =INDIRECT("ZS(-1)",0) * 'Correction factor'!$C$13 -> 1.2420708e+09 | PK6: =INDIRECT("ZS(-1)",0) + INDIRECT("ZS(-3)",0) -> 1.5571192e+09 | PL6: =INDIRECT("ZS(-1)",0) / INDIRECT("Z7S(-1)",0) -> 0.95473039 | PM6: 297271173 | PN6: 781527372 | PO6: =INDIRECT("ZS(-1)",0) * 'Correction factor'!$C$13 -> 1.209581e+09 | PP6: =INDIRECT("ZS(-1)",0) + INDIRECT("ZS(-3)",0) -> 1.5068522e+09 | PQ6: =INDIRECT("ZS(-1)",0) / INDIRECT("Z7S(-1)",0) -> 0.96313463 | PR6: 302304293 | PS6: 727478325 | PT6: =INDIRECT("ZS(-1)",0) * 'Correction factor'!$C$13 -> 1.1259286e+09 | PU6: =INDIRECT("ZS(-1)",0) + INDIRECT("ZS(-3)",0) -> 1.4282328e+09 | PV6: =INDIRECT("ZS(-1)",0) / INDIRECT("Z7S(-1)",0) -> 0.91118204 | PW6: 271216853 | PX6: 665968393 | PY6: =INDIRECT("ZS(-1)",0) * 'Correction factor'!$C$13 -> 1.0307288e+09 | PZ6: =INDIRECT("ZS(-1)",0) + INDIRECT("ZS(-3)",0) -> 1.3019456e+09 | QA6: =INDIRECT("ZS(-1)",0) / INDIRECT("Z7S(-1)",0) -> 0.84556649 | QB6: 269872408 | QC6: 498094252 | QD6: =INDIRECT("ZS(-1)",0) * 'Correction factor'!$C$13 -> 7.7090756e+08 | QE6: =INDIRECT("ZS(-1)",0) + INDIRECT("ZS(-3)",0) -> 1.04078e+09 | QF6: =INDIRECT("ZS(-1)",0) / INDIRECT("Z7S(-1)",0) -> 0.87604374 | QG6: 272663657 | QH6: 640830759 | QI6: =INDIRECT("ZS(-1)",0) * 'Correction factor'!$C$13 -> 9.9182289e+08 | QJ6: =INDIRECT("ZS(-1)",0) + INDIRECT("ZS(-3)",0) -> 1.2644865e+09 | QK6: =INDIRECT("ZS(-1)",0) / INDIRECT("Z7S(-1)",0) -> 0.90806535 | QL6: 277591465 | QM6: 679350295 | QN6: =INDIRECT("ZS(-1)",0) * 'Correction factor'!$C$13 -> 1.0514401e+09 | QO6: =INDIRECT("ZS(-1)",0) + INDIRECT("ZS(-3)",0) -> 1.3290316e+09 | QP6: =INDIRECT("ZS(-1)",0) / INDIRECT("Z7S(-1)",0) -> 0.83847953 | QQ6: 275997594 | QR6: 726850019 | QS6: =INDIRECT("ZS(-1)",0) * 'Correction factor'!$C$13 -> 1.1249561e+09 | QT6: =INDIRECT("ZS(-1)",0) + INDIRECT("ZS(-3)",0) -> 1.4009537e+09 | QU6: =INDIRECT("ZS(-1)",0) / INDIRECT("Z7S(-1)",0) -> 0.92119188 | QV6: 291758799 | QW6: 751816332 | QX6: =INDIRECT("ZS(-1)",0) * 'Correction factor'!$C$13 -> 1.1635968e+09 | QY6: =INDIRECT("ZS(-1)",0) + INDIRECT("ZS(-3)",0) -> 1.4553556e+09 | QZ6: =INDIRECT("ZS(-1)",0) / INDIRECT("Z7S(-1)",0) -> 0.9052195 | RA6: 294521506 | RB6: 686936290 | RC6: =INDIRECT("ZS(-1)",0) * 'Correction factor'!$C$13 -> 1.0631811e+09 | RD6: =INDIRECT("ZS(-1)",0) + INDIRECT("ZS(-3)",0) -> 1.3577026e+09 | RE6: =INDIRECT("ZS(-1)",0) / INDIRECT("Z7S(-1)",0) -> 0.91123247 | RF6: 272316319 | RG6: 689893156 | RH6: =INDIRECT("ZS(-1)",0) * 'Correction factor'!$C$13 -> 1.0677575e+09 | RI6: =INDIRECT("ZS(-1)",0) + INDIRECT("ZS(-3)",0) -> 1.3400738e+09 | RJ6: =INDIRECT("ZS(-1)",0) / INDIRECT("Z7S(-1)",0) -> 0.8600287 | RK6: 277320937 | RL6: 613092188 | RM6: =INDIRECT("ZS(-1)",0) * 'Correction factor'!$C$13 -> 9.488915e+08 | RN6: =INDIRECT("ZS(-1)",0) + INDIRECT("ZS(-3)",0) -> 1.2262124e+09 | RO6: =INDIRECT("ZS(-1)",0) / INDIRECT("Z7S(-1)",0) -> 0.84954817
A7: 0 | B7: 45469 | C7: Wednesday | D7: 1399010169 | E7: 61938360 | F7: =INDIRECT("ZS(-1)",0) * 'Correction factor'!$C$13 -> 95862881 | G7: =INDIRECT("ZS(-1)",0) + INDIRECT("ZS(-3)",0) -> 1.4948731e+09 | H7: =INDIRECT("ZS(-1)",0) / INDIRECT("Z7S(-1)",0) -> 1 | I7: 1280109204 | J7: 61513190 | K7: =INDIRECT("ZS(-1)",0) * 'Correction factor'!$C$13 -> 95204840 | L7: =INDIRECT("ZS(-1)",0) + INDIRECT("ZS(-3)",0) -> 1.375314e+09 | M7: =INDIRECT("ZS(-1)",0) / INDIRECT("Z7S(-1)",0) -> 1 | N7: 1331203276 | O7: 64354966 | P7: =INDIRECT("ZS(-1)",0) * 'Correction factor'!$C$13 -> 99603097 | Q7: =INDIRECT("ZS(-1)",0) + INDIRECT("ZS(-3)",0) -> 1.4308064e+09 | R7: =INDIRECT("ZS(-1)",0) / INDIRECT("Z7S(-1)",0) -> 1 | S7: 1294416793 | T7: 64852707 | U7: =INDIRECT("ZS(-1)",0) * 'Correction factor'!$C$13 -> 1.0037346e+08 | V7: =INDIRECT("ZS(-1)",0) + INDIRECT("ZS(-3)",0) -> 1.3947903e+09 | W7: =INDIRECT("ZS(-1)",0) / INDIRECT("Z7S(-1)",0) -> 1 | X7: 1355813105 | Y7: 65501989 | Z7: =INDIRECT("ZS(-1)",0) * 'Correction factor'!$C$13 -> 1.0137836e+08 | AA7: =INDIRECT("ZS(-1)",0) + INDIRECT("ZS(-3)",0) -> 1.4571915e+09 | AB7: =INDIRECT("ZS(-1)",0) / INDIRECT("Z7S(-1)",0) -> 1 | AC7: 1369457127 | AD7: 65486723 | AE7: =INDIRECT("ZS(-1)",0) * 'Correction factor'!$C$13 -> 1.0135473e+08 | AF7: =INDIRECT("ZS(-1)",0) + INDIRECT("ZS(-3)",0) -> 1.4708119e+09 | AG7: =INDIRECT("ZS(-1)",0) / INDIRECT("Z7S(-1)",0) -> 1 | AH7: 1244986759 | AI7: 62216008 | AJ7: =INDIRECT("ZS(-1)",0) * 'Correction factor'!$C$13 -> 96292601 | AK7: =INDIRECT("ZS(-1)",0) + INDIRECT("ZS(-3)",0) -> 1.3412794e+09 | AL7: =INDIRECT("ZS(-1)",0) / INDIRECT("Z7S(-1)",0) -> 1 | AM7: 1331610324 | AN7: 63557302 | AO7: =INDIRECT("ZS(-1)",0) * 'Correction factor'!$C$13 -> 98368541 | AP7: =INDIRECT("ZS(-1)",0) + INDIRECT("ZS(-3)",0) -> 1.4299789e+09 | AQ7: =INDIRECT("ZS(-1)",0) / INDIRECT("Z7S(-1)",0) -> 1 | AR7: 1391521986 | AS7: 65808677 | AT7: =INDIRECT("ZS(-1)",0) * 'Correction factor'!$C$13 -> 1.0185303e+08 | AU7: =INDIRECT("ZS(-1)",0) + INDIRECT("ZS(-3)",0) -> 1.493375e+09 | AV7: =INDIRECT("ZS(-1)",0) / INDIRECT("Z7S(-1)",0) -> 1 | AW7: 1241110795 | AX7: 67047405 | AY7: =INDIRECT("ZS(-1)",0) * 'Correction factor'!$C$13 -> 1.0377022e+08 | AZ7: =INDIRECT("ZS(-1)",0) + INDIRECT("ZS(-3)",0) -> 1.344881e+09 | BA7: =INDIRECT("ZS(-1)",0) / INDIRECT("Z7S(-1)",0) -> 1 | BB7: 1239256781 | BC7: 62142651 | BD7: =INDIRECT("ZS(-1)",0) * 'Correction factor'!$C$13 -> 96179065 | BE7: =INDIRECT("ZS(-1)",0) + INDIRECT("ZS(-3)",0) -> 1.3354358e+09 | BF7: =INDIRECT("ZS(-1)",0) / INDIRECT("Z7S(-1)",0) -> 1 | BG7: 1324508284 | BH7: 61496491 | BI7: =INDIRECT("ZS(-1)",0) * 'Correction factor'!$C$13 -> 95178994 | BJ7: =INDIRECT("ZS(-1)",0) + INDIRECT("ZS(-3)",0) -> 1.4196873e+09 | BK7: =INDIRECT("ZS(-1)",0) / INDIRECT("Z7S(-1)",0) -> 1 | BL7: 1280075723 | BM7: 61745709 | BN7: =INDIRECT("ZS(-1)",0) * 'Correction factor'!$C$13 -> 95564713 | BO7: =INDIRECT("ZS(-1)",0) + INDIRECT("ZS(-3)",0) -> 1.3756404e+09 | BP7: =INDIRECT("ZS(-1)",0) / INDIRECT("Z7S(-1)",0) -> 1 | BQ7: 1259000166 | BR7: 62955884 | BS7: =INDIRECT("ZS(-1)",0) * 'Correction factor'!$C$13 -> 97437718 | BT7: =INDIRECT("ZS(-1)",0) + INDIRECT("ZS(-3)",0) -> 1.3564379e+09 | BU7: =INDIRECT("ZS(-1)",0) / INDIRECT("Z7S(-1)",0) -> 1 | BV7: 1249718234 | BW7: 62856550 | BX7: =INDIRECT("ZS(-1)",0) * 'Correction factor'!$C$13 -> 97283977 | BY7: =INDIRECT("ZS(-1)",0) + INDIRECT("ZS(-3)",0) -> 1.3470022e+09 | BZ7: =INDIRECT("ZS(-1)",0) / INDIRECT("Z7S(-1)",0) -> 1 | CA7: 1295481119 | CB7: 63822780 | CC7: =INDIRECT("ZS(-1)",0) * 'Correction factor'!$C$13 -> 98779425 | CD7: =INDIRECT("ZS(-1)",0) + INDIRECT("ZS(-3)",0) -> 1.3942605e+09 | CE7: =INDIRECT("ZS(-1)",0) / INDIRECT("Z7S(-1)",0) -> 1 | CF7: 1349445393 | CG7: 67881483 | CH7: =INDIRECT("ZS(-1)",0) * 'Correction factor'!$C$13 -> 1.0506114e+08 | CI7: =INDIRECT("ZS(-1)",0) + INDIRECT("ZS(-3)",0) -> 1.4545065e+09 | CJ7: =INDIRECT("ZS(-1)",0) / INDIRECT("Z7S(-1)",0) -> 1 | CK7: 1221998236 | CL7: 61837255 | CM7: =INDIRECT("ZS(-1)",0) * 'Correction factor'!$C$13 -> 95706400 | CN7: =INDIRECT("ZS(-1)",0) + INDIRECT("ZS(-3)",0) -> 1.3177046e+09 | CO7: =INDIRECT("ZS(-1)",0) / INDIRECT("Z7S(-1)",0) -> 1 | CP7: 1259901395 | CQ7: 65081339 | CR7: =INDIRECT("ZS(-1)",0) * 'Correction factor'!$C$13 -> 1.0072731e+08 | CS7: =INDIRECT("ZS(-1)",0) + INDIRECT("ZS(-3)",0) -> 1.3606287e+09 | CT7: =INDIRECT("ZS(-1)",0) / INDIRECT("Z7S(-1)",0) -> 1 | CU7: 1331197302 | CV7: 64279610 | CW7: =INDIRECT("ZS(-1)",0) * 'Correction factor'!$C$13 -> 99486467 | CX7: =INDIRECT("ZS(-1)",0) + INDIRECT("ZS(-3)",0) -> 1.4306838e+09 | CY7: =INDIRECT("ZS(-1)",0) / INDIRECT("Z7S(-1)",0) -> 1 | CZ7: 1321104651 | DA7: 65589237 | DB7: =INDIRECT("ZS(-1)",0) * 'Correction factor'!$C$13 -> 1.015134e+08 | DC7: =INDIRECT("ZS(-1)",0) + INDIRECT("ZS(-3)",0) -> 1.422618e+09 | DD7: =INDIRECT("ZS(-1)",0) / INDIRECT("Z7S(-1)",0) -> 1 | DE7: 1254220787 | DF7: 69295940 | DG7: =INDIRECT("ZS(-1)",0) * 'Correction factor'!$C$13 -> 1.0725031e+08 | DH7: =INDIRECT("ZS(-1)",0) + INDIRECT("ZS(-3)",0) -> 1.3614711e+09 | DI7: =INDIRECT("ZS(-1)",0) / INDIRECT("Z7S(-1)",0) -> 1 | DJ7: 1440398790 | DK7: 63633773 | DL7: =INDIRECT("ZS(-1)",0) * 'Correction factor'!$C$13 -> 98486896 | DM7: =INDIRECT("ZS(-1)",0) + INDIRECT("ZS(-3)",0) -> 1.5388857e+09 | DN7: =INDIRECT("ZS(-1)",0) / INDIRECT("Z7S(-1)",0) -> 1 | DO7: 1331482430 | DP7: 64214136 | DQ7: =INDIRECT("ZS(-1)",0) * 'Correction factor'!$C$13 -> 99385132 | DR7: =INDIRECT("ZS(-1)",0) + INDIRECT("ZS(-3)",0) -> 1.4308676e+09 | DS7: =INDIRECT("ZS(-1)",0) / INDIRECT("Z7S(-1)",0) -> 1 | DT7: 1245394737 | DU7: 64047994 | DV7: =INDIRECT("ZS(-1)",0) * 'Correction factor'!$C$13 -> 99127992 | DW7: =INDIRECT("ZS(-1)",0) + INDIRECT("ZS(-3)",0) -> 1.3445227e+09 | DX7: =INDIRECT("ZS(-1)",0) / INDIRECT("Z7S(-1)",0) -> 1 | DY7: 1183294673 | DZ7: 61830904 | EA7: =INDIRECT("ZS(-1)",0) * 'Correction factor'!$C$13 -> 95696570 | EB7: =INDIRECT("ZS(-1)",0) + INDIRECT("ZS(-3)",0) -> 1.2789912e+09 | EC7: =INDIRECT("ZS(-1)",0) / INDIRECT("Z7S(-1)",0) -> 1 | ED7: 1306745737 | EE7: 62667017 | EF7: =INDIRECT("ZS(-1)",0) * 'Correction factor'!$C$13 -> 96990634 | EG7: =INDIRECT("ZS(-1)",0) + INDIRECT("ZS(-3)",0) -> 1.4037364e+09 | EH7: =INDIRECT("ZS(-1)",0) / INDIRECT("Z7S(-1)",0) -> 1 | EI7: 1178640145 | EJ7: 61251762 | EK7: =INDIRECT("ZS(-1)",0) * 'Correction factor'!$C$13 -> 94800224 | EL7: =INDIRECT("ZS(-1)",0) + INDIRECT("ZS(-3)",0) -> 1.2734404e+09 | EM7: =INDIRECT("ZS(-1)",0) / INDIRECT("Z7S(-1)",0) -> 1 | EN7: 1322763678 | EO7: 60517670 | EP7: =INDIRECT("ZS(-1)",0) * 'Correction factor'!$C$13 -> 93664059 | EQ7: =INDIRECT("ZS(-1)",0) + INDIRECT("ZS(-3)",0) -> 1.4164277e+09 | ER7: =INDIRECT("ZS(-1)",0) / INDIRECT("Z7S(-1)",0) -> 1 | ES7: 1349032037 | ET7: 59617503 | EU7: =INDIRECT("ZS(-1)",0) * 'Correction factor'!$C$13 -> 92270858 | EV7: =INDIRECT("ZS(-1)",0) + INDIRECT("ZS(-3)",0) -> 1.4413029e+09 | EW7: =INDIRECT("ZS(-1)",0) / INDIRECT("Z7S(-1)",0) -> 1 | EX7: 1281796175 | EY7: 62878900 | EZ7: =INDIRECT("ZS(-1)",0) * 'Correction factor'!$C$13 -> 97318568 | FA7: =INDIRECT("ZS(-1)",0) + INDIRECT("ZS(-3)",0) -> 1.3791147e+09 | FB7: =INDIRECT("ZS(-1)",0) / INDIRECT("Z7S(-1)",0) -> 1 | FC7: 1215878125 | FD7: 65032621 | FE7: =INDIRECT("ZS(-1)",0) * 'Correction factor'!$C$13 -> 1.0065191e+08 | FF7: =INDIRECT("ZS(-1)",0) + INDIRECT("ZS(-3)",0) -> 1.31653e+09 | FG7: =INDIRECT("ZS(-1)",0) / INDIRECT("Z7S(-1)",0) -> 1 | FH7: 1277126703 | FI7: 63054279 | FJ7: =INDIRECT("ZS(-1)",0) * 'Correction factor'!$C$13 -> 97590005 | FK7: =INDIRECT("ZS(-1)",0) + INDIRECT("ZS(-3)",0) -> 1.3747167e+09 | FL7: =INDIRECT("ZS(-1)",0) / INDIRECT("Z7S(-1)",0) -> 1 | FM7: 1290203806 | FN7: 62488267 | FO7: =INDIRECT("ZS(-1)",0) * 'Correction factor'!$C$13 -> 96713980 | FP7: =INDIRECT("ZS(-1)",0) + INDIRECT("ZS(-3)",0) -> 1.3869178e+09 | FQ7: =INDIRECT("ZS(-1)",0) / INDIRECT("Z7S(-1)",0) -> 1 | FR7: 1347681548 | FS7: 61445797 | FT7: =INDIRECT("ZS(-1)",0) * 'Correction factor'!$C$13 -> 95100534 | FU7: =INDIRECT("ZS(-1)",0) + INDIRECT("ZS(-3)",0) -> 1.4427821e+09 | FV7: =INDIRECT("ZS(-1)",0) / INDIRECT("Z7S(-1)",0) -> 1 | FW7: 1238995578 | FX7: 64362033 | FY7: =INDIRECT("ZS(-1)",0) * 'Correction factor'!$C$13 -> 99614034 | FZ7: =INDIRECT("ZS(-1)",0) + INDIRECT("ZS(-3)",0) -> 1.3386096e+09 | GA7: =INDIRECT("ZS(-1)",0) / INDIRECT("Z7S(-1)",0) -> 1 | GB7: 1271485801 | GC7: 60706027 | GD7: =INDIRECT("ZS(-1)",0) * 'Correction factor'!$C$13 -> 93955582 | GE7: =INDIRECT("ZS(-1)",0) + INDIRECT("ZS(-3)",0) -> 1.3654414e+09 | GF7: =INDIRECT("ZS(-1)",0) / INDIRECT("Z7S(-1)",0) -> 1 | GG7: 1216568933 | GH7: 61874456 | GI7: =INDIRECT("ZS(-1)",0) * 'Correction factor'!$C$13 -> 95763976 | GJ7: =INDIRECT("ZS(-1)",0) + INDIRECT("ZS(-3)",0) -> 1.3123329e+09 | GK7: =INDIRECT("ZS(-1)",0) / INDIRECT("Z7S(-1)",0) -> 1 | GL7: 1295106057 | GM7: 62372804 | GN7: =INDIRECT("ZS(-1)",0) * 'Correction factor'!$C$13 -> 96535276 | GO7: =INDIRECT("ZS(-1)",0) + INDIRECT("ZS(-3)",0) -> 1.3916413e+09 | GP7: =INDIRECT("ZS(-1)",0) / INDIRECT("Z7S(-1)",0) -> 1 | GQ7: 1193722069 | GR7: 62054366 | GS7: =INDIRECT("ZS(-1)",0) * 'Correction factor'!$C$13 -> 96042425 | GT7: =INDIRECT("ZS(-1)",0) + INDIRECT("ZS(-3)",0) -> 1.2897645e+09 | GU7: =INDIRECT("ZS(-1)",0) / INDIRECT("Z7S(-1)",0) -> 1 | GV7: 1267612397 | GW7: 62581642 | GX7: =INDIRECT("ZS(-1)",0) * 'Correction factor'!$C$13 -> 96858498 | GY7: =INDIRECT("ZS(-1)",0) + INDIRECT("ZS(-3)",0) -> 1.3644709e+09 | GZ7: =INDIRECT("ZS(-1)",0) / INDIRECT("Z7S(-1)",0) -> 1 | HA7: 1233235530 | HB7: 62687719 | HC7: =INDIRECT("ZS(-1)",0) * 'Correction factor'!$C$13 -> 97022675 | HD7: =INDIRECT("ZS(-1)",0) + INDIRECT("ZS(-3)",0) -> 1.3302582e+09 | HE7: =INDIRECT("ZS(-1)",0) / INDIRECT("Z7S(-1)",0) -> 1 | HF7: 1285875863 | HG7: 63379513 | HH7: =INDIRECT("ZS(-1)",0) * 'Correction factor'!$C$13 -> 98093374 | HI7: =INDIRECT("ZS(-1)",0) + INDIRECT("ZS(-3)",0) -> 1.3839692e+09 | HJ7: =INDIRECT("ZS(-1)",0) / INDIRECT("Z7S(-1)",0) -> 1 | HK7: 1255102377 | HL7: 62317500 | HM7: =INDIRECT("ZS(-1)",0) * 'Correction factor'!$C$13 -> 96449682 | HN7: =INDIRECT("ZS(-1)",0) + INDIRECT("ZS(-3)",0) -> 1.3515521e+09 | HO7: =INDIRECT("ZS(-1)",0) / INDIRECT("Z7S(-1)",0) -> 1 | HP7: 1231205293 | HQ7: 61633720 | HR7: =INDIRECT("ZS(-1)",0) * 'Correction factor'!$C$13 -> 95391386 | HS7: =INDIRECT("ZS(-1)",0) + INDIRECT("ZS(-3)",0) -> 1.3265967e+09 | HT7: =INDIRECT("ZS(-1)",0) / INDIRECT("Z7S(-1)",0) -> 1 | HU7: 1371929020 | HV7: 62259300 | HW7: =INDIRECT("ZS(-1)",0) * 'Correction factor'!$C$13 -> 96359605 | HX7: =INDIRECT("ZS(-1)",0) + INDIRECT("ZS(-3)",0) -> 1.4682886e+09 | HY7: =INDIRECT("ZS(-1)",0) / INDIRECT("Z7S(-1)",0) -> 1 | HZ7: 1198390928 | IA7: 60146001 | IB7: =INDIRECT("ZS(-1)",0) * 'Correction factor'!$C$13 -> 93088822 | IC7: =INDIRECT("ZS(-1)",0) + INDIRECT("ZS(-3)",0) -> 1.2914797e+09 | ID7: =INDIRECT("ZS(-1)",0) / INDIRECT("Z7S(-1)",0) -> 1 | IE7: 1300063424 | IF7: 60795593 | IG7: =INDIRECT("ZS(-1)",0) * 'Correction factor'!$C$13 -> 94094205 | IH7: =INDIRECT("ZS(-1)",0) + INDIRECT("ZS(-3)",0) -> 1.3941576e+09 | II7: =INDIRECT("ZS(-1)",0) / INDIRECT("Z7S(-1)",0) -> 1 | IJ7: 1238048468 | IK7: 62893187 | IL7: =INDIRECT("ZS(-1)",0) * 'Correction factor'!$C$13 -> 97340681 | IM7: =INDIRECT("ZS(-1)",0) + INDIRECT("ZS(-3)",0) -> 1.3353891e+09 | IN7: =INDIRECT("ZS(-1)",0) / INDIRECT("Z7S(-1)",0) -> 1 | IO7: 1241856820 | IP7: 63597421 | IQ7: =INDIRECT("ZS(-1)",0) * 'Correction factor'!$C$13 -> 98430634 | IR7: =INDIRECT("ZS(-1)",0) + INDIRECT("ZS(-3)",0) -> 1.3402875e+09 | IS7: =INDIRECT("ZS(-1)",0) / INDIRECT("Z7S(-1)",0) -> 1 | IT7: 1185540388 | IU7: 61669888 | IV7: =INDIRECT("ZS(-1)",0) * 'Correction factor'!$C$13 -> 95447363 | IW7: =INDIRECT("ZS(-1)",0) + INDIRECT("ZS(-3)",0) -> 1.2809878e+09 | IX7: =INDIRECT("ZS(-1)",0) / INDIRECT("Z7S(-1)",0) -> 1 | IY7: 1240778099 | IZ7: 62258936 | JA7: =INDIRECT("ZS(-1)",0) * 'Correction factor'!$C$13 -> 96359041 | JB7: =INDIRECT("ZS(-1)",0) + INDIRECT("ZS(-3)",0) -> 1.3371371e+09 | JC7: =INDIRECT("ZS(-1)",0) / INDIRECT("Z7S(-1)",0) -> 1 | JD7: 1308542645 | JE7: 61989224 | JF7: =INDIRECT("ZS(-1)",0) * 'Correction factor'!$C$13 -> 95941604 | JG7: =INDIRECT("ZS(-1)",0) + INDIRECT("ZS(-3)",0) -> 1.4044842e+09 | JH7: =INDIRECT("ZS(-1)",0) / INDIRECT("Z7S(-1)",0) -> 1 | JI7: 1192282147 | JJ7: 59085824 | JK7: =INDIRECT("ZS(-1)",0) * 'Correction factor'!$C$13 -> 91447971 | JL7: =INDIRECT("ZS(-1)",0) + INDIRECT("ZS(-3)",0) -> 1.2837301e+09 | JM7: =INDIRECT("ZS(-1)",0) / INDIRECT("Z7S(-1)",0) -> 1 | JN7: 1219248236 | JO7: 62378084 | JP7: =INDIRECT("ZS(-1)",0) * 'Correction factor'!$C$13 -> 96543448 | JQ7: =INDIRECT("ZS(-1)",0) + INDIRECT("ZS(-3)",0) -> 1.3157917e+09 | JR7: =INDIRECT("ZS(-1)",0) / INDIRECT("Z7S(-1)",0) -> 1 | JS7: 1219824285 | JT7: 61265484 | JU7: =INDIRECT("ZS(-1)",0) * 'Correction factor'!$C$13 -> 94821461 | JV7: =INDIRECT("ZS(-1)",0) + INDIRECT("ZS(-3)",0) -> 1.3146457e+09 | JW7: =INDIRECT("ZS(-1)",0) / INDIRECT("Z7S(-1)",0) -> 1 | JX7: 1361647384 | JY7: 63377720 | JZ7: =INDIRECT("ZS(-1)",0) * 'Correction factor'!$C$13 -> 98090599 | KA7: =INDIRECT("ZS(-1)",0) + INDIRECT("ZS(-3)",0) -> 1.459738e+09 | KB7: =INDIRECT("ZS(-1)",0) / INDIRECT("Z7S(-1)",0) -> 1 | KC7: 1289720606 | KD7: 61038452 | KE7: =INDIRECT("ZS(-1)",0) * 'Correction factor'!$C$13 -> 94470081 | KF7: =INDIRECT("ZS(-1)",0) + INDIRECT("ZS(-3)",0) -> 1.3841907e+09 | KG7: =INDIRECT("ZS(-1)",0) / INDIRECT("Z7S(-1)",0) -> 1 | KH7: 1315197624 | KI7: 59708378 | KJ7: =INDIRECT("ZS(-1)",0) * 'Correction factor'!$C$13 -> 92411506 | KK7: =INDIRECT("ZS(-1)",0) + INDIRECT("ZS(-3)",0) -> 1.4076091e+09 | KL7: =INDIRECT("ZS(-1)",0) / INDIRECT("Z7S(-1)",0) -> 1 | KM7: 1188674716 | KN7: 60002741 | KO7: =INDIRECT("ZS(-1)",0) * 'Correction factor'!$C$13 -> 92867096 | KP7: =INDIRECT("ZS(-1)",0) + INDIRECT("ZS(-3)",0) -> 1.2815418e+09 | KQ7: =INDIRECT("ZS(-1)",0) / INDIRECT("Z7S(-1)",0) -> 1 | KR7: 1342163733 | KS7: 61761854 | KT7: =INDIRECT("ZS(-1)",0) * 'Correction factor'!$C$13 -> 95589700 | KU7: =INDIRECT("ZS(-1)",0) + INDIRECT("ZS(-3)",0) -> 1.4377534e+09 | KV7: =INDIRECT("ZS(-1)",0) / INDIRECT("Z7S(-1)",0) -> 1 | KW7: 1347626598 | KX7: 59454737 | KY7: =INDIRECT("ZS(-1)",0) * 'Correction factor'!$C$13 -> 92018943 | KZ7: =INDIRECT("ZS(-1)",0) + INDIRECT("ZS(-3)",0) -> 1.4396455e+09 | LA7: =INDIRECT("ZS(-1)",0) / INDIRECT("Z7S(-1)",0) -> 1 | LB7: 1237198153 | LC7: 62315980 | LD7: =INDIRECT("ZS(-1)",0) * 'Correction factor'!$C$13 -> 96447329 | LE7: =INDIRECT("ZS(-1)",0) + INDIRECT("ZS(-3)",0) -> 1.3336455e+09 | LF7: =INDIRECT("ZS(-1)",0) / INDIRECT("Z7S(-1)",0) -> 1 | LG7: 1180541235 | LH7: 60329992 | LI7: =INDIRECT("ZS(-1)",0) * 'Correction factor'!$C$13 -> 93373587 | LJ7: =INDIRECT("ZS(-1)",0) + INDIRECT("ZS(-3)",0) -> 1.2739148e+09 | LK7: =INDIRECT("ZS(-1)",0) / INDIRECT("Z7S(-1)",0) -> 1 | LL7: 1312265266 | LM7: 58198345 | LN7: =INDIRECT("ZS(-1)",0) * 'Correction factor'!$C$13 -> 90074407 | LO7: =INDIRECT("ZS(-1)",0) + INDIRECT("ZS(-3)",0) -> 1.4023397e+09 | LP7: =INDIRECT("ZS(-1)",0) / INDIRECT("Z7S(-1)",0) -> 1 | LQ7: 1318283611 | LR7: 61719992 | LS7: =INDIRECT("ZS(-1)",0) * 'Correction factor'!$C$13 -> 95524910 | LT7: =INDIRECT("ZS(-1)",0) + INDIRECT("ZS(-3)",0) -> 1.4138085e+09 | LU7: =INDIRECT("ZS(-1)",0) / INDIRECT("Z7S(-1)",0) -> 1 | LV7: 1283324340 | LW7: 62276579 | LX7: =INDIRECT("ZS(-1)",0) * 'Correction factor'!$C$13 -> 96386348 | LY7: =INDIRECT("ZS(-1)",0) + INDIRECT("ZS(-3)",0) -> 1.3797107e+09 | LZ7: =INDIRECT("ZS(-1)",0) / INDIRECT("Z7S(-1)",0) -> 1 | MA7: 1311407846 | MB7: 63315432 | MC7: =INDIRECT("ZS(-1)",0) * 'Correction factor'!$C$13 -> 97994195 | MD7: =INDIRECT("ZS(-1)",0) + INDIRECT("ZS(-3)",0) -> 1.409402e+09 | ME7: =INDIRECT("ZS(-1)",0) / INDIRECT("Z7S(-1)",0) -> 1 | MF7: 1413807531 | MG7: 61250899 | MH7: =INDIRECT("ZS(-1)",0) * 'Correction factor'!$C$13 -> 94798888 | MI7: =INDIRECT("ZS(-1)",0) + INDIRECT("ZS(-3)",0) -> 1.5086064e+09 | MJ7: =INDIRECT("ZS(-1)",0) / INDIRECT("Z7S(-1)",0) -> 1 | MK7: 1189893672 | ML7: 61085691 | MM7: =INDIRECT("ZS(-1)",0) * 'Correction factor'!$C$13 -> 94543193 | MN7: =INDIRECT("ZS(-1)",0) + INDIRECT("ZS(-3)",0) -> 1.2844369e+09 | MO7: =INDIRECT("ZS(-1)",0) / INDIRECT("Z7S(-1)",0) -> 1 | MP7: 1267474280 | MQ7: 64557490 | MR7: =INDIRECT("ZS(-1)",0) * 'Correction factor'!$C$13 -> 99916546 | MS7: =INDIRECT("ZS(-1)",0) + INDIRECT("ZS(-3)",0) -> 1.3673908e+09 | MT7: =INDIRECT("ZS(-1)",0) / INDIRECT("Z7S(-1)",0) -> 1 | MU7: 1283833392 | MV7: 61687020 | MW7: =INDIRECT("ZS(-1)",0) * 'Correction factor'!$C$13 -> 95473879 | MX7: =INDIRECT("ZS(-1)",0) + INDIRECT("ZS(-3)",0) -> 1.3793073e+09 | MY7: =INDIRECT("ZS(-1)",0) / INDIRECT("Z7S(-1)",0) -> 1 | MZ7: 1302177481 | NA7: 63371755 | NB7: =INDIRECT("ZS(-1)",0) * 'Correction factor'!$C$13 -> 98081367 | NC7: =INDIRECT("ZS(-1)",0) + INDIRECT("ZS(-3)",0) -> 1.4002588e+09 | ND7: =INDIRECT("ZS(-1)",0) / INDIRECT("Z7S(-1)",0) -> 1 | NE7: 1187515962 | NF7: 62588416 | NG7: =INDIRECT("ZS(-1)",0) * 'Correction factor'!$C$13 -> 96868982 | NH7: =INDIRECT("ZS(-1)",0) + INDIRECT("ZS(-3)",0) -> 1.2843849e+09 | NI7: =INDIRECT("ZS(-1)",0) / INDIRECT("Z7S(-1)",0) -> 1 | NJ7: 1355982911 | NK7: 59297706 | NL7: =INDIRECT("ZS(-1)",0) * 'Correction factor'!$C$13 -> 91775903 | NM7: =INDIRECT("ZS(-1)",0) + INDIRECT("ZS(-3)",0) -> 1.4477588e+09 | NN7: =INDIRECT("ZS(-1)",0) / INDIRECT("Z7S(-1)",0) -> 1 | NO7: 1316608041 | NP7: 62432833 | NQ7: =INDIRECT("ZS(-1)",0) * 'Correction factor'!$C$13 -> 96628184 | NR7: =INDIRECT("ZS(-1)",0) + INDIRECT("ZS(-3)",0) -> 1.4132362e+09 | NS7: =INDIRECT("ZS(-1)",0) / INDIRECT("Z7S(-1)",0) -> 1 | NT7: 1247064294 | NU7: 61007862 | NV7: =INDIRECT("ZS(-1)",0) * 'Correction factor'!$C$13 -> 94422736 | NW7: =INDIRECT("ZS(-1)",0) + INDIRECT("ZS(-3)",0) -> 1.341487e+09 | NX7: =INDIRECT("ZS(-1)",0) / INDIRECT("Z7S(-1)",0) -> 1 | NY7: 1311788883 | NZ7: 59540208 | OA7: =INDIRECT("ZS(-1)",0) * 'Correction factor'!$C$13 -> 92151227 | OB7: =INDIRECT("ZS(-1)",0) + INDIRECT("ZS(-3)",0) -> 1.4039401e+09 | OC7: =INDIRECT("ZS(-1)",0) / INDIRECT("Z7S(-1)",0) -> 1 | OD7: 1477636067 | OE7: 66568961 | OF7: =INDIRECT("ZS(-1)",0) * 'Correction factor'!$C$13 -> 1.0302973e+08 | OG7: =INDIRECT("ZS(-1)",0) + INDIRECT("ZS(-3)",0) -> 1.5806658e+09 | OH7: =INDIRECT("ZS(-1)",0) / INDIRECT("Z7S(-1)",0) -> 1 | OI7: 1351668395 | OJ7: 62296646 | OK7: =INDIRECT("ZS(-1)",0) * 'Correction factor'!$C$13 -> 96417406 | OL7: =INDIRECT("ZS(-1)",0) + INDIRECT("ZS(-3)",0) -> 1.4480858e+09 | OM7: =INDIRECT("ZS(-1)",0) / INDIRECT("Z7S(-1)",0) -> 1 | ON7: 1336353987 | OO7: 62757404 | OP7: =INDIRECT("ZS(-1)",0) * 'Correction factor'!$C$13 -> 97130527 | OQ7: =INDIRECT("ZS(-1)",0) + INDIRECT("ZS(-3)",0) -> 1.4334845e+09 | OR7: =INDIRECT("ZS(-1)",0) / INDIRECT("Z7S(-1)",0) -> 1 | OS7: 1368715900 | OT7: 63234891 | OU7: =INDIRECT("ZS(-1)",0) * 'Correction factor'!$C$13 -> 97869541 | OV7: =INDIRECT("ZS(-1)",0) + INDIRECT("ZS(-3)",0) -> 1.4665854e+09 | OW7: =INDIRECT("ZS(-1)",0) / INDIRECT("Z7S(-1)",0) -> 1 | OX7: 1445060742 | OY7: 63076889 | OZ7: =INDIRECT("ZS(-1)",0) * 'Correction factor'!$C$13 -> 97624999 | PA7: =INDIRECT("ZS(-1)",0) + INDIRECT("ZS(-3)",0) -> 1.5426857e+09 | PB7: =INDIRECT("ZS(-1)",0) / INDIRECT("Z7S(-1)",0) -> 1 | PC7: 1353214842 | PD7: 64826067 | PE7: =INDIRECT("ZS(-1)",0) * 'Correction factor'!$C$13 -> 1.0033223e+08 | PF7: =INDIRECT("ZS(-1)",0) + INDIRECT("ZS(-3)",0) -> 1.4535471e+09 | PG7: =INDIRECT("ZS(-1)",0) / INDIRECT("Z7S(-1)",0) -> 1 | PH7: 282431622 | PI7: 871297886 | PJ7: =INDIRECT("ZS(-1)",0) * 'Correction factor'!$C$13 -> 1.3485201e+09 | PK7: =INDIRECT("ZS(-1)",0) + INDIRECT("ZS(-3)",0) -> 1.6309518e+09 | PL7: =INDIRECT("ZS(-1)",0) / INDIRECT("Z7S(-1)",0) -> 1 | PM7: 295456276 | PN7: 819965895 | PO7: =INDIRECT("ZS(-1)",0) * 'Correction factor'!$C$13 -> 1.2690729e+09 | PP7: =INDIRECT("ZS(-1)",0) + INDIRECT("ZS(-3)",0) -> 1.5645292e+09 | PQ7: =INDIRECT("ZS(-1)",0) / INDIRECT("Z7S(-1)",0) -> 1 | PR7: 285646739 | PS7: 828191567 | PT7: =INDIRECT("ZS(-1)",0) * 'Correction factor'!$C$13 -> 1.2818039e+09 | PU7: =INDIRECT("ZS(-1)",0) + INDIRECT("ZS(-3)",0) -> 1.5674506e+09 | PV7: =INDIRECT("ZS(-1)",0) / INDIRECT("Z7S(-1)",0) -> 1 | PW7: 285002356 | PX7: 810698391 | PY7: =INDIRECT("ZS(-1)",0) * 'Correction factor'!$C$13 -> 1.2547294e+09 | PZ7: =INDIRECT("ZS(-1)",0) + INDIRECT("ZS(-3)",0) -> 1.5397318e+09 | QA7: =INDIRECT("ZS(-1)",0) / INDIRECT("Z7S(-1)",0) -> 1 | QB7: 257184892 | QC7: 601442280 | QD7: =INDIRECT("ZS(-1)",0) * 'Correction factor'!$C$13 -> 9.3086078e+08 | QE7: =INDIRECT("ZS(-1)",0) + INDIRECT("ZS(-3)",0) -> 1.1880457e+09 | QF7: =INDIRECT("ZS(-1)",0) / INDIRECT("Z7S(-1)",0) -> 1 | QG7: 274190173 | QH7: 722559697 | QI7: =INDIRECT("ZS(-1)",0) * 'Correction factor'!$C$13 -> 1.1183159e+09 | QJ7: =INDIRECT("ZS(-1)",0) + INDIRECT("ZS(-3)",0) -> 1.3925061e+09 | QK7: =INDIRECT("ZS(-1)",0) / INDIRECT("Z7S(-1)",0) -> 1 | QL7: 293019536 | QM7: 834798805 | QN7: =INDIRECT("ZS(-1)",0) * 'Correction factor'!$C$13 -> 1.29203e+09 | QO7: =INDIRECT("ZS(-1)",0) + INDIRECT("ZS(-3)",0) -> 1.5850495e+09 | QP7: =INDIRECT("ZS(-1)",0) / INDIRECT("Z7S(-1)",0) -> 1 | QQ7: 277969715 | QR7: 803013756 | QS7: =INDIRECT("ZS(-1)",0) * 'Correction factor'!$C$13 -> 1.2428358e+09 | QT7: =INDIRECT("ZS(-1)",0) + INDIRECT("ZS(-3)",0) -> 1.5208055e+09 | QU7: =INDIRECT("ZS(-1)",0) / INDIRECT("Z7S(-1)",0) -> 1 | QV7: 293370786 | QW7: 849231095 | QX7: =INDIRECT("ZS(-1)",0) * 'Correction factor'!$C$13 -> 1.3143671e+09 | QY7: =INDIRECT("ZS(-1)",0) + INDIRECT("ZS(-3)",0) -> 1.6077378e+09 | QZ7: =INDIRECT("ZS(-1)",0) / INDIRECT("Z7S(-1)",0) -> 1 | RA7: 279259659 | RB7: 782252453 | RC7: =INDIRECT("ZS(-1)",0) * 'Correction factor'!$C$13 -> 1.2107033e+09 | RD7: =INDIRECT("ZS(-1)",0) + INDIRECT("ZS(-3)",0) -> 1.4899629e+09 | RE7: =INDIRECT("ZS(-1)",0) / INDIRECT("Z7S(-1)",0) -> 1 | RF7: 289081666 | RG7: 819978017 | RH7: =INDIRECT("ZS(-1)",0) * 'Correction factor'!$C$13 -> 1.2690916e+09 | RI7: =INDIRECT("ZS(-1)",0) + INDIRECT("ZS(-3)",0) -> 1.5581733e+09 | RJ7: =INDIRECT("ZS(-1)",0) / INDIRECT("Z7S(-1)",0) -> 1 | RK7: 266497485 | RL7: 760394013 | RM7: =INDIRECT("ZS(-1)",0) * 'Correction factor'!$C$13 -> 1.1768726e+09 | RN7: =INDIRECT("ZS(-1)",0) + INDIRECT("ZS(-3)",0) -> 1.4433701e+09 | RO7: =INDIRECT("ZS(-1)",0) / INDIRECT("Z7S(-1)",0) -> 1
A8: 1 | B8: 45470 | C8: Thursday | D8: 1793450295 | E8: 68565356 | F8: =INDIRECT("ZS(-1)",0) * 'Correction factor'!$C$13 -> 1.0611958e+08 | G8: =INDIRECT("ZS(-1)",0) + INDIRECT("ZS(-3)",0) -> 1.8995699e+09 | H8: =INDIRECT("ZS(-1)",0) / INDIRECT("Z7S(-1)",0) -> 1.2707232 | I8: 1626326460 | J8: 69743816 | K8: =INDIRECT("ZS(-1)",0) * 'Correction factor'!$C$13 -> 1.079435e+08 | L8: =INDIRECT("ZS(-1)",0) + INDIRECT("ZS(-3)",0) -> 1.73427e+09 | M8: =INDIRECT("ZS(-1)",0) / INDIRECT("Z7S(-1)",0) -> 1.2609992 | N8: 1777009616 | O8: 68643877 | P8: =INDIRECT("ZS(-1)",0) * 'Correction factor'!$C$13 -> 1.0624111e+08 | Q8: =INDIRECT("ZS(-1)",0) + INDIRECT("ZS(-3)",0) -> 1.8832507e+09 | R8: =INDIRECT("ZS(-1)",0) / INDIRECT("Z7S(-1)",0) -> 1.3162163 | S8: 1432696835 | T8: 70004947 | U8: =INDIRECT("ZS(-1)",0) * 'Correction factor'!$C$13 -> 1.0834765e+08 | V8: =INDIRECT("ZS(-1)",0) + INDIRECT("ZS(-3)",0) -> 1.5410445e+09 | W8: =INDIRECT("ZS(-1)",0) / INDIRECT("Z7S(-1)",0) -> 1.1048575 | X8: 1607146686 | Y8: 72285537 | Z8: =INDIRECT("ZS(-1)",0) * 'Correction factor'!$C$13 -> 1.1187735e+08 | AA8: =INDIRECT("ZS(-1)",0) + INDIRECT("ZS(-3)",0) -> 1.719024e+09 | AB8: =INDIRECT("ZS(-1)",0) / INDIRECT("Z7S(-1)",0) -> 1.179683 | AC8: 1686702813 | AD8: 71140743 | AE8: =INDIRECT("ZS(-1)",0) * 'Correction factor'!$C$13 -> 1.1010554e+08 | AF8: =INDIRECT("ZS(-1)",0) + INDIRECT("ZS(-3)",0) -> 1.7968084e+09 | AG8: =INDIRECT("ZS(-1)",0) / INDIRECT("Z7S(-1)",0) -> 1.2216439 | AH8: 1334948269 | AI8: 68576679 | AJ8: =INDIRECT("ZS(-1)",0) * 'Correction factor'!$C$13 -> 1.061371e+08 | AK8: =INDIRECT("ZS(-1)",0) + INDIRECT("ZS(-3)",0) -> 1.4410854e+09 | AL8: =INDIRECT("ZS(-1)",0) / INDIRECT("Z7S(-1)",0) -> 1.0744111 | AM8: 1455113799 | AN8: 67794530 | AO8: =INDIRECT("ZS(-1)",0) * 'Correction factor'!$C$13 -> 1.0492656e+08 | AP8: =INDIRECT("ZS(-1)",0) + INDIRECT("ZS(-3)",0) -> 1.5600404e+09 | AQ8: =INDIRECT("ZS(-1)",0) / INDIRECT("Z7S(-1)",0) -> 1.0909534 | AR8: 1500947611 | AS8: 71112691 | AT8: =INDIRECT("ZS(-1)",0) * 'Correction factor'!$C$13 -> 1.1006212e+08 | AU8: =INDIRECT("ZS(-1)",0) + INDIRECT("ZS(-3)",0) -> 1.6110097e+09 | AV8: =INDIRECT("ZS(-1)",0) / INDIRECT("Z7S(-1)",0) -> 1.0787711 | AW8: 1474723353 | AX8: 72430482 | AY8: =INDIRECT("ZS(-1)",0) * 'Correction factor'!$C$13 -> 1.1210169e+08 | AZ8: =INDIRECT("ZS(-1)",0) + INDIRECT("ZS(-3)",0) -> 1.586825e+09 | BA8: =INDIRECT("ZS(-1)",0) / INDIRECT("Z7S(-1)",0) -> 1.1798999 | BB8: 1285661660 | BC8: 67587267 | BD8: =INDIRECT("ZS(-1)",0) * 'Correction factor'!$C$13 -> 1.0460578e+08 | BE8: =INDIRECT("ZS(-1)",0) + INDIRECT("ZS(-3)",0) -> 1.3902674e+09 | BF8: =INDIRECT("ZS(-1)",0) / INDIRECT("Z7S(-1)",0) -> 1.0410589 | BG8: 1514393904 | BH8: 68933723 | BI8: =INDIRECT("ZS(-1)",0) * 'Correction factor'!$C$13 -> 1.066897e+08 | BJ8: =INDIRECT("ZS(-1)",0) + INDIRECT("ZS(-3)",0) -> 1.6210836e+09 | BK8: =INDIRECT("ZS(-1)",0) / INDIRECT("Z7S(-1)",0) -> 1.1418596 | BL8: 1405638614 | BM8: 69478371 | BN8: =INDIRECT("ZS(-1)",0) * 'Correction factor'!$C$13 -> 1.0753266e+08 | BO8: =INDIRECT("ZS(-1)",0) + INDIRECT("ZS(-3)",0) -> 1.5131713e+09 | BP8: =INDIRECT("ZS(-1)",0) / INDIRECT("Z7S(-1)",0) -> 1.0999759 | BQ8: 1464369838 | BR8: 68218062 | BS8: =INDIRECT("ZS(-1)",0) * 'Correction factor'!$C$13 -> 1.0558207e+08 | BT8: =INDIRECT("ZS(-1)",0) + INDIRECT("ZS(-3)",0) -> 1.5699519e+09 | BU8: =INDIRECT("ZS(-1)",0) / INDIRECT("Z7S(-1)",0) -> 1.1574079 | BV8: 1364146559 | BW8: 70657381 | BX8: =INDIRECT("ZS(-1)",0) * 'Correction factor'!$C$13 -> 1.0935743e+08 | BY8: =INDIRECT("ZS(-1)",0) + INDIRECT("ZS(-3)",0) -> 1.473504e+09 | BZ8: =INDIRECT("ZS(-1)",0) / INDIRECT("Z7S(-1)",0) -> 1.0939136 | CA8: 1490240008 | CB8: 68294990 | CC8: =INDIRECT("ZS(-1)",0) * 'Correction factor'!$C$13 -> 1.0570113e+08 | CD8: =INDIRECT("ZS(-1)",0) + INDIRECT("ZS(-3)",0) -> 1.5959411e+09 | CE8: =INDIRECT("ZS(-1)",0) / INDIRECT("Z7S(-1)",0) -> 1.1446506 | CF8: 1503841210 | CG8: 74191296 | CH8: =INDIRECT("ZS(-1)",0) * 'Correction factor'!$C$13 -> 1.1482692e+08 | CI8: =INDIRECT("ZS(-1)",0) + INDIRECT("ZS(-3)",0) -> 1.6186681e+09 | CJ8: =INDIRECT("ZS(-1)",0) / INDIRECT("Z7S(-1)",0) -> 1.1128641 | CK8: 1335379385 | CL8: 67991065 | CM8: =INDIRECT("ZS(-1)",0) * 'Correction factor'!$C$13 -> 1.0523074e+08 | CN8: =INDIRECT("ZS(-1)",0) + INDIRECT("ZS(-3)",0) -> 1.4406101e+09 | CO8: =INDIRECT("ZS(-1)",0) / INDIRECT("Z7S(-1)",0) -> 1.0932724 | CP8: 1419998813 | CQ8: 72610954 | CR8: =INDIRECT("ZS(-1)",0) * 'Correction factor'!$C$13 -> 1.1238101e+08 | CS8: =INDIRECT("ZS(-1)",0) + INDIRECT("ZS(-3)",0) -> 1.5323798e+09 | CT8: =INDIRECT("ZS(-1)",0) / INDIRECT("Z7S(-1)",0) -> 1.1262292 | CU8: 1467395973 | CV8: 70392291 | CW8: =INDIRECT("ZS(-1)",0) * 'Correction factor'!$C$13 -> 1.0894715e+08 | CX8: =INDIRECT("ZS(-1)",0) + INDIRECT("ZS(-3)",0) -> 1.5763431e+09 | CY8: =INDIRECT("ZS(-1)",0) / INDIRECT("Z7S(-1)",0) -> 1.101811 | CZ8: 1385339740 | DA8: 70288380 | DB8: =INDIRECT("ZS(-1)",0) * 'Correction factor'!$C$13 -> 1.0878633e+08 | DC8: =INDIRECT("ZS(-1)",0) + INDIRECT("ZS(-3)",0) -> 1.4941261e+09 | DD8: =INDIRECT("ZS(-1)",0) / INDIRECT("Z7S(-1)",0) -> 1.0502651 | DE8: 1351149094 | DF8: 70180397 | DG8: =INDIRECT("ZS(-1)",0) * 'Correction factor'!$C$13 -> 1.086192e+08 | DH8: =INDIRECT("ZS(-1)",0) + INDIRECT("ZS(-3)",0) -> 1.4597683e+09 | DI8: =INDIRECT("ZS(-1)",0) / INDIRECT("Z7S(-1)",0) -> 1.0721993 | DJ8: 1594724535 | DK8: 69966743 | DL8: =INDIRECT("ZS(-1)",0) * 'Correction factor'!$C$13 -> 1.0828852e+08 | DM8: =INDIRECT("ZS(-1)",0) + INDIRECT("ZS(-3)",0) -> 1.7030131e+09 | DN8: =INDIRECT("ZS(-1)",0) / INDIRECT("Z7S(-1)",0) -> 1.1066534 | DO8: 1513087478 | DP8: 71188893 | DQ8: =INDIRECT("ZS(-1)",0) * 'Correction factor'!$C$13 -> 1.1018006e+08 | DR8: =INDIRECT("ZS(-1)",0) + INDIRECT("ZS(-3)",0) -> 1.6232675e+09 | DS8: =INDIRECT("ZS(-1)",0) / INDIRECT("Z7S(-1)",0) -> 1.1344639 | DT8: 1442442802 | DU8: 71789784 | DV8: =INDIRECT("ZS(-1)",0) * 'Correction factor'!$C$13 -> 1.1111007e+08 | DW8: =INDIRECT("ZS(-1)",0) + INDIRECT("ZS(-3)",0) -> 1.5535529e+09 | DX8: =INDIRECT("ZS(-1)",0) / INDIRECT("Z7S(-1)",0) -> 1.1554679 | DY8: 1327511106 | DZ8: 66496185 | EA8: =INDIRECT("ZS(-1)",0) * 'Correction factor'!$C$13 -> 1.0291709e+08 | EB8: =INDIRECT("ZS(-1)",0) + INDIRECT("ZS(-3)",0) -> 1.4304282e+09 | EC8: =INDIRECT("ZS(-1)",0) / INDIRECT("Z7S(-1)",0) -> 1.1184034 | ED8: 1430595121 | EE8: 67795791 | EF8: =INDIRECT("ZS(-1)",0) * 'Correction factor'!$C$13 -> 1.0492851e+08 | EG8: =INDIRECT("ZS(-1)",0) + INDIRECT("ZS(-3)",0) -> 1.5355236e+09 | EH8: =INDIRECT("ZS(-1)",0) / INDIRECT("Z7S(-1)",0) -> 1.0938832 | EI8: 1401662317 | EJ8: 66313936 | EK8: =INDIRECT("ZS(-1)",0) * 'Correction factor'!$C$13 -> 1.0263502e+08 | EL8: =INDIRECT("ZS(-1)",0) + INDIRECT("ZS(-3)",0) -> 1.5042973e+09 | EM8: =INDIRECT("ZS(-1)",0) / INDIRECT("Z7S(-1)",0) -> 1.181286 | EN8: 1358306271 | EO8: 66503495 | EP8: =INDIRECT("ZS(-1)",0) * 'Correction factor'!$C$13 -> 1.0292841e+08 | EQ8: =INDIRECT("ZS(-1)",0) + INDIRECT("ZS(-3)",0) -> 1.4612347e+09 | ER8: =INDIRECT("ZS(-1)",0) / INDIRECT("Z7S(-1)",0) -> 1.0316338 | ES8: 1393386533 | ET8: 63491031 | EU8: =INDIRECT("ZS(-1)",0) * 'Correction factor'!$C$13 -> 98265972 | EV8: =INDIRECT("ZS(-1)",0) + INDIRECT("ZS(-3)",0) -> 1.4916525e+09 | EW8: =INDIRECT("ZS(-1)",0) / INDIRECT("Z7S(-1)",0) -> 1.0349334 | EX8: 1439709351 | EY8: 67489429 | EZ8: =INDIRECT("ZS(-1)",0) * 'Correction factor'!$C$13 -> 1.0445435e+08 | FA8: =INDIRECT("ZS(-1)",0) + INDIRECT("ZS(-3)",0) -> 1.5441637e+09 | FB8: =INDIRECT("ZS(-1)",0) / INDIRECT("Z7S(-1)",0) -> 1.1196775 | FC8: 1273572845 | FD8: 70347103 | FE8: =INDIRECT("ZS(-1)",0) * 'Correction factor'!$C$13 -> 1.0887721e+08 | FF8: =INDIRECT("ZS(-1)",0) + INDIRECT("ZS(-3)",0) -> 1.3824501e+09 | FG8: =INDIRECT("ZS(-1)",0) / INDIRECT("Z7S(-1)",0) -> 1.050071 | FH8: 1445164616 | FI8: 69238540 | FJ8: =INDIRECT("ZS(-1)",0) * 'Correction factor'!$C$13 -> 1.0716147e+08 | FK8: =INDIRECT("ZS(-1)",0) + INDIRECT("ZS(-3)",0) -> 1.5523261e+09 | FL8: =INDIRECT("ZS(-1)",0) / INDIRECT("Z7S(-1)",0) -> 1.1291971 | FM8: 1413883176 | FN8: 68598524 | FO8: =INDIRECT("ZS(-1)",0) * 'Correction factor'!$C$13 -> 1.0617091e+08 | FP8: =INDIRECT("ZS(-1)",0) + INDIRECT("ZS(-3)",0) -> 1.5200541e+09 | FQ8: =INDIRECT("ZS(-1)",0) / INDIRECT("Z7S(-1)",0) -> 1.0959944 | FR8: 1504338549 | FS8: 69226199 | FT8: =INDIRECT("ZS(-1)",0) * 'Correction factor'!$C$13 -> 1.0714237e+08 | FU8: =INDIRECT("ZS(-1)",0) + INDIRECT("ZS(-3)",0) -> 1.6114809e+09 | FV8: =INDIRECT("ZS(-1)",0) / INDIRECT("Z7S(-1)",0) -> 1.1169261 | FW8: 1320055331 | FX8: 67974660 | FY8: =INDIRECT("ZS(-1)",0) * 'Correction factor'!$C$13 -> 1.0520535e+08 | FZ8: =INDIRECT("ZS(-1)",0) + INDIRECT("ZS(-3)",0) -> 1.4252607e+09 | GA8: =INDIRECT("ZS(-1)",0) / INDIRECT("Z7S(-1)",0) -> 1.0647321 | GB8: 1416886727 | GC8: 66882340 | GD8: =INDIRECT("ZS(-1)",0) * 'Correction factor'!$C$13 -> 1.0351475e+08 | GE8: =INDIRECT("ZS(-1)",0) + INDIRECT("ZS(-3)",0) -> 1.5204015e+09 | GF8: =INDIRECT("ZS(-1)",0) / INDIRECT("Z7S(-1)",0) -> 1.1134872 | GG8: 1404920595 | GH8: 64822233 | GI8: =INDIRECT("ZS(-1)",0) * 'Correction factor'!$C$13 -> 1.0032629e+08 | GJ8: =INDIRECT("ZS(-1)",0) + INDIRECT("ZS(-3)",0) -> 1.5052469e+09 | GK8: =INDIRECT("ZS(-1)",0) / INDIRECT("Z7S(-1)",0) -> 1.1470008 | GL8: 1361797384 | GM8: 67010442 | GN8: =INDIRECT("ZS(-1)",0) * 'Correction factor'!$C$13 -> 1.0371301e+08 | GO8: =INDIRECT("ZS(-1)",0) + INDIRECT("ZS(-3)",0) -> 1.4655104e+09 | GP8: =INDIRECT("ZS(-1)",0) / INDIRECT("Z7S(-1)",0) -> 1.0530805 | GQ8: 1344635399 | GR8: 67996342 | GS8: =INDIRECT("ZS(-1)",0) * 'Correction factor'!$C$13 -> 1.0523891e+08 | GT8: =INDIRECT("ZS(-1)",0) + INDIRECT("ZS(-3)",0) -> 1.4498743e+09 | GU8: =INDIRECT("ZS(-1)",0) / INDIRECT("Z7S(-1)",0) -> 1.1241388 | GV8: 1378633729 | GW8: 66946370 | GX8: =INDIRECT("ZS(-1)",0) * 'Correction factor'!$C$13 -> 1.0361385e+08 | GY8: =INDIRECT("ZS(-1)",0) + INDIRECT("ZS(-3)",0) -> 1.4822476e+09 | GZ8: =INDIRECT("ZS(-1)",0) / INDIRECT("Z7S(-1)",0) -> 1.0863167 | HA8: 1389637693 | HB8: 67526999 | HC8: =INDIRECT("ZS(-1)",0) * 'Correction factor'!$C$13 -> 1.045125e+08 | HD8: =INDIRECT("ZS(-1)",0) + INDIRECT("ZS(-3)",0) -> 1.4941502e+09 | HE8: =INDIRECT("ZS(-1)",0) / INDIRECT("Z7S(-1)",0) -> 1.1232031 | HF8: 1298663653 | HG8: 67226686 | HH8: =INDIRECT("ZS(-1)",0) * 'Correction factor'!$C$13 -> 1.040477e+08 | HI8: =INDIRECT("ZS(-1)",0) + INDIRECT("ZS(-3)",0) -> 1.4027114e+09 | HJ8: =INDIRECT("ZS(-1)",0) / INDIRECT("Z7S(-1)",0) -> 1.0135423 | HK8: 1416155687 | HL8: 66721444 | HM8: =INDIRECT("ZS(-1)",0) * 'Correction factor'!$C$13 -> 1.0326573e+08 | HN8: =INDIRECT("ZS(-1)",0) + INDIRECT("ZS(-3)",0) -> 1.5194214e+09 | HO8: =INDIRECT("ZS(-1)",0) / INDIRECT("Z7S(-1)",0) -> 1.1242049 | HP8: 1416980835 | HQ8: 67304209 | HR8: =INDIRECT("ZS(-1)",0) * 'Correction factor'!$C$13 -> 1.0416768e+08 | HS8: =INDIRECT("ZS(-1)",0) + INDIRECT("ZS(-3)",0) -> 1.5211485e+09 | HT8: =INDIRECT("ZS(-1)",0) / INDIRECT("Z7S(-1)",0) -> 1.1466549 | HU8: 1468340235 | HV8: 67921579 | HW8: =INDIRECT("ZS(-1)",0) * 'Correction factor'!$C$13 -> 1.0512319e+08 | HX8: =INDIRECT("ZS(-1)",0) + INDIRECT("ZS(-3)",0) -> 1.5734634e+09 | HY8: =INDIRECT("ZS(-1)",0) / INDIRECT("Z7S(-1)",0) -> 1.0716309 | HZ8: 1404138004 | IA8: 64741051 | IB8: =INDIRECT("ZS(-1)",0) * 'Correction factor'!$C$13 -> 1.0020065e+08 | IC8: =INDIRECT("ZS(-1)",0) + INDIRECT("ZS(-3)",0) -> 1.5043386e+09 | ID8: =INDIRECT("ZS(-1)",0) / INDIRECT("Z7S(-1)",0) -> 1.1648178 | IE8: 1415411841 | IF8: 67382268 | IG8: =INDIRECT("ZS(-1)",0) * 'Correction factor'!$C$13 -> 1.042885e+08 | IH8: =INDIRECT("ZS(-1)",0) + INDIRECT("ZS(-3)",0) -> 1.5197003e+09 | II8: =INDIRECT("ZS(-1)",0) / INDIRECT("Z7S(-1)",0) -> 1.0900491 | IJ8: 1414597259 | IK8: 66614824 | IL8: =INDIRECT("ZS(-1)",0) * 'Correction factor'!$C$13 -> 1.0310071e+08 | IM8: =INDIRECT("ZS(-1)",0) + INDIRECT("ZS(-3)",0) -> 1.517698e+09 | IN8: =INDIRECT("ZS(-1)",0) / INDIRECT("Z7S(-1)",0) -> 1.1365211 | IO8: 1318481680 | IP8: 69290910 | IQ8: =INDIRECT("ZS(-1)",0) * 'Correction factor'!$C$13 -> 1.0724253e+08 | IR8: =INDIRECT("ZS(-1)",0) + INDIRECT("ZS(-3)",0) -> 1.4257242e+09 | IS8: =INDIRECT("ZS(-1)",0) / INDIRECT("Z7S(-1)",0) -> 1.0637451 | IT8: 1320772436 | IU8: 68249969 | IV8: =INDIRECT("ZS(-1)",0) * 'Correction factor'!$C$13 -> 1.0563145e+08 | IW8: =INDIRECT("ZS(-1)",0) + INDIRECT("ZS(-3)",0) -> 1.4264039e+09 | IX8: =INDIRECT("ZS(-1)",0) / INDIRECT("Z7S(-1)",0) -> 1.1135188 | IY8: 1305668032 | IZ8: 65774808 | JA8: =INDIRECT("ZS(-1)",0) * 'Correction factor'!$C$13 -> 1.0180061e+08 | JB8: =INDIRECT("ZS(-1)",0) + INDIRECT("ZS(-3)",0) -> 1.4074686e+09 | JC8: =INDIRECT("ZS(-1)",0) / INDIRECT("Z7S(-1)",0) -> 1.0525986 | JD8: 1501784637 | JE8: 66083819 | JF8: =INDIRECT("ZS(-1)",0) * 'Correction factor'!$C$13 -> 1.0227887e+08 | JG8: =INDIRECT("ZS(-1)",0) + INDIRECT("ZS(-3)",0) -> 1.6040635e+09 | JH8: =INDIRECT("ZS(-1)",0) / INDIRECT("Z7S(-1)",0) -> 1.1421015 | JI8: 1306376207 | JJ8: 64074998 | JK8: =INDIRECT("ZS(-1)",0) * 'Correction factor'!$C$13 -> 99169786 | JL8: =INDIRECT("ZS(-1)",0) + INDIRECT("ZS(-3)",0) -> 1.405546e+09 | JM8: =INDIRECT("ZS(-1)",0) / INDIRECT("Z7S(-1)",0) -> 1.0948921 | JN8: 1417875066 | JO8: 66654953 | JP8: =INDIRECT("ZS(-1)",0) * 'Correction factor'!$C$13 -> 1.0316282e+08 | JQ8: =INDIRECT("ZS(-1)",0) + INDIRECT("ZS(-3)",0) -> 1.5210379e+09 | JR8: =INDIRECT("ZS(-1)",0) / INDIRECT("Z7S(-1)",0) -> 1.1559869 | JS8: 1380734176 | JT8: 67021121 | JU8: =INDIRECT("ZS(-1)",0) * 'Correction factor'!$C$13 -> 1.0372954e+08 | JV8: =INDIRECT("ZS(-1)",0) + INDIRECT("ZS(-3)",0) -> 1.4844637e+09 | JW8: =INDIRECT("ZS(-1)",0) / INDIRECT("Z7S(-1)",0) -> 1.1291739 | JX8: 1394543337 | JY8: 67896974 | JZ8: =INDIRECT("ZS(-1)",0) * 'Correction factor'!$C$13 -> 1.0508511e+08 | KA8: =INDIRECT("ZS(-1)",0) + INDIRECT("ZS(-3)",0) -> 1.4996284e+09 | KB8: =INDIRECT("ZS(-1)",0) / INDIRECT("Z7S(-1)",0) -> 1.0273271 | KC8: 1362539264 | KD8: 68555017 | KE8: =INDIRECT("ZS(-1)",0) * 'Correction factor'!$C$13 -> 1.0610358e+08 | KF8: =INDIRECT("ZS(-1)",0) + INDIRECT("ZS(-3)",0) -> 1.4686428e+09 | KG8: =INDIRECT("ZS(-1)",0) / INDIRECT("Z7S(-1)",0) -> 1.0610119 | KH8: 1338644054 | KI8: 64936154 | KJ8: =INDIRECT("ZS(-1)",0) * 'Correction factor'!$C$13 -> 1.0050261e+08 | KK8: =INDIRECT("ZS(-1)",0) + INDIRECT("ZS(-3)",0) -> 1.4391467e+09 | KL8: =INDIRECT("ZS(-1)",0) / INDIRECT("Z7S(-1)",0) -> 1.022405 | KM8: 1257502614 | KN8: 67216315 | KO8: =INDIRECT("ZS(-1)",0) * 'Correction factor'!$C$13 -> 1.0403165e+08 | KP8: =INDIRECT("ZS(-1)",0) + INDIRECT("ZS(-3)",0) -> 1.3615343e+09 | KQ8: =INDIRECT("ZS(-1)",0) / INDIRECT("Z7S(-1)",0) -> 1.0624189 | KR8: 1402078802 | KS8: 66121475 | KT8: =INDIRECT("ZS(-1)",0) * 'Correction factor'!$C$13 -> 1.0233715e+08 | KU8: =INDIRECT("ZS(-1)",0) + INDIRECT("ZS(-3)",0) -> 1.5044159e+09 | KV8: =INDIRECT("ZS(-1)",0) / INDIRECT("Z7S(-1)",0) -> 1.0463658 | KW8: 1410296350 | KX8: 64954477 | KY8: =INDIRECT("ZS(-1)",0) * 'Correction factor'!$C$13 -> 1.0053097e+08 | KZ8: =INDIRECT("ZS(-1)",0) + INDIRECT("ZS(-3)",0) -> 1.5108273e+09 | LA8: =INDIRECT("ZS(-1)",0) / INDIRECT("Z7S(-1)",0) -> 1.049444 | LB8: 1380551987 | LC8: 68228097 | LD8: =INDIRECT("ZS(-1)",0) * 'Correction factor'!$C$13 -> 1.055976e+08 | LE8: =INDIRECT("ZS(-1)",0) + INDIRECT("ZS(-3)",0) -> 1.4861496e+09 | LF8: =INDIRECT("ZS(-1)",0) / INDIRECT("Z7S(-1)",0) -> 1.1143513 | LG8: 1272743882 | LH8: 65977310 | LI8: =INDIRECT("ZS(-1)",0) * 'Correction factor'!$C$13 -> 1.0211402e+08 | LJ8: =INDIRECT("ZS(-1)",0) + INDIRECT("ZS(-3)",0) -> 1.3748579e+09 | LK8: =INDIRECT("ZS(-1)",0) / INDIRECT("Z7S(-1)",0) -> 1.0792385 | LL8: 1300587746 | LM8: 65057364 | LN8: =INDIRECT("ZS(-1)",0) * 'Correction factor'!$C$13 -> 1.0069021e+08 | LO8: =INDIRECT("ZS(-1)",0) + INDIRECT("ZS(-3)",0) -> 1.401278e+09 | LP8: =INDIRECT("ZS(-1)",0) / INDIRECT("Z7S(-1)",0) -> 0.99924289 | LQ8: 1434859953 | LR8: 66834566 | LS8: =INDIRECT("ZS(-1)",0) * 'Correction factor'!$C$13 -> 1.0344081e+08 | LT8: =INDIRECT("ZS(-1)",0) + INDIRECT("ZS(-3)",0) -> 1.5383008e+09 | LU8: =INDIRECT("ZS(-1)",0) / INDIRECT("Z7S(-1)",0) -> 1.0880545 | LV8: 1511124756 | LW8: 68032598 | LX8: =INDIRECT("ZS(-1)",0) * 'Correction factor'!$C$13 -> 1.0529502e+08 | LY8: =INDIRECT("ZS(-1)",0) + INDIRECT("ZS(-3)",0) -> 1.6164198e+09 | LZ8: =INDIRECT("ZS(-1)",0) / INDIRECT("Z7S(-1)",0) -> 1.1715643 | MA8: 1325945368 | MB8: 68195485 | MC8: =INDIRECT("ZS(-1)",0) * 'Correction factor'!$C$13 -> 1.0554712e+08 | MD8: =INDIRECT("ZS(-1)",0) + INDIRECT("ZS(-3)",0) -> 1.4314925e+09 | ME8: =INDIRECT("ZS(-1)",0) / INDIRECT("Z7S(-1)",0) -> 1.0156736 | MF8: 1487598439 | MG8: 66704491 | MH8: =INDIRECT("ZS(-1)",0) * 'Correction factor'!$C$13 -> 1.0323949e+08 | MI8: =INDIRECT("ZS(-1)",0) + INDIRECT("ZS(-3)",0) -> 1.5908379e+09 | MJ8: =INDIRECT("ZS(-1)",0) / INDIRECT("Z7S(-1)",0) -> 1.0545083 | MK8: 1296638800 | ML8: 67472881 | MM8: =INDIRECT("ZS(-1)",0) * 'Correction factor'!$C$13 -> 1.0442874e+08 | MN8: =INDIRECT("ZS(-1)",0) + INDIRECT("ZS(-3)",0) -> 1.4010675e+09 | MO8: =INDIRECT("ZS(-1)",0) / INDIRECT("Z7S(-1)",0) -> 1.090803 | MP8: 1394127379 | MQ8: 72784716 | MR8: =INDIRECT("ZS(-1)",0) * 'Correction factor'!$C$13 -> 1.1264994e+08 | MS8: =INDIRECT("ZS(-1)",0) + INDIRECT("ZS(-3)",0) -> 1.5067773e+09 | MT8: =INDIRECT("ZS(-1)",0) / INDIRECT("Z7S(-1)",0) -> 1.1019361 | MU8: 1411647807 | MV8: 66890425 | MW8: =INDIRECT("ZS(-1)",0) * 'Correction factor'!$C$13 -> 1.0352726e+08 | MX8: =INDIRECT("ZS(-1)",0) + INDIRECT("ZS(-3)",0) -> 1.5151751e+09 | MY8: =INDIRECT("ZS(-1)",0) / INDIRECT("Z7S(-1)",0) -> 1.0985044 | MZ8: 1386334336 | NA8: 66477216 | NB8: =INDIRECT("ZS(-1)",0) * 'Correction factor'!$C$13 -> 1.0288773e+08 | NC8: =INDIRECT("ZS(-1)",0) + INDIRECT("ZS(-3)",0) -> 1.4892221e+09 | ND8: =INDIRECT("ZS(-1)",0) / INDIRECT("Z7S(-1)",0) -> 1.0635334 | NE8: 1294168218 | NF8: 66832792 | NG8: =INDIRECT("ZS(-1)",0) * 'Correction factor'!$C$13 -> 1.0343806e+08 | NH8: =INDIRECT("ZS(-1)",0) + INDIRECT("ZS(-3)",0) -> 1.3976063e+09 | NI8: =INDIRECT("ZS(-1)",0) / INDIRECT("Z7S(-1)",0) -> 1.0881522 | NJ8: 1472843473 | NK8: 65608004 | NL8: =INDIRECT("ZS(-1)",0) * 'Correction factor'!$C$13 -> 1.0154244e+08 | NM8: =INDIRECT("ZS(-1)",0) + INDIRECT("ZS(-3)",0) -> 1.5743859e+09 | NN8: =INDIRECT("ZS(-1)",0) / INDIRECT("Z7S(-1)",0) -> 1.0874642 | NO8: 1450971195 | NP8: 69075530 | NQ8: =INDIRECT("ZS(-1)",0) * 'Correction factor'!$C$13 -> 1.0690918e+08 | NR8: =INDIRECT("ZS(-1)",0) + INDIRECT("ZS(-3)",0) -> 1.5578804e+09 | NS8: =INDIRECT("ZS(-1)",0) / INDIRECT("Z7S(-1)",0) -> 1.1023496 | NT8: 1337338472 | NU8: 65428107 | NV8: =INDIRECT("ZS(-1)",0) * 'Correction factor'!$C$13 -> 1.0126401e+08 | NW8: =INDIRECT("ZS(-1)",0) + INDIRECT("ZS(-3)",0) -> 1.4386025e+09 | NX8: =INDIRECT("ZS(-1)",0) / INDIRECT("Z7S(-1)",0) -> 1.0723939 | NY8: 1389836302 | NZ8: 66006984 | OA8: =INDIRECT("ZS(-1)",0) * 'Correction factor'!$C$13 -> 1.0215995e+08 | OB8: =INDIRECT("ZS(-1)",0) + INDIRECT("ZS(-3)",0) -> 1.4919963e+09 | OC8: =INDIRECT("ZS(-1)",0) / INDIRECT("Z7S(-1)",0) -> 1.0627207 | OD8: 1548242038 | OE8: 72946855 | OF8: =INDIRECT("ZS(-1)",0) * 'Correction factor'!$C$13 -> 1.1290089e+08 | OG8: =INDIRECT("ZS(-1)",0) + INDIRECT("ZS(-3)",0) -> 1.6611429e+09 | OH8: =INDIRECT("ZS(-1)",0) / INDIRECT("Z7S(-1)",0) -> 1.0509134 | OI8: 1454409050 | OJ8: 69889222 | OK8: =INDIRECT("ZS(-1)",0) * 'Correction factor'!$C$13 -> 1.0816854e+08 | OL8: =INDIRECT("ZS(-1)",0) + INDIRECT("ZS(-3)",0) -> 1.5625776e+09 | OM8: =INDIRECT("ZS(-1)",0) / INDIRECT("Z7S(-1)",0) -> 1.0790642 | ON8: 1490316705 | OO8: 68533066 | OP8: =INDIRECT("ZS(-1)",0) * 'Correction factor'!$C$13 -> 1.060696e+08 | OQ8: =INDIRECT("ZS(-1)",0) + INDIRECT("ZS(-3)",0) -> 1.5963863e+09 | OR8: =INDIRECT("ZS(-1)",0) / INDIRECT("Z7S(-1)",0) -> 1.1136404 | OS8: 1344296822 | OT8: 71598127 | OU8: =INDIRECT("ZS(-1)",0) * 'Correction factor'!$C$13 -> 1.1081344e+08 | OV8: =INDIRECT("ZS(-1)",0) + INDIRECT("ZS(-3)",0) -> 1.4551103e+09 | OW8: =INDIRECT("ZS(-1)",0) / INDIRECT("Z7S(-1)",0) -> 0.99217558 | OX8: 1608435952 | OY8: 68636311 | OZ8: =INDIRECT("ZS(-1)",0) * 'Correction factor'!$C$13 -> 1.062294e+08 | PA8: =INDIRECT("ZS(-1)",0) + INDIRECT("ZS(-3)",0) -> 1.7146653e+09 | PB8: =INDIRECT("ZS(-1)",0) / INDIRECT("Z7S(-1)",0) -> 1.1114806 | PC8: 1385377633 | PD8: 70865761 | PE8: =INDIRECT("ZS(-1)",0) * 'Correction factor'!$C$13 -> 1.0967995e+08 | PF8: =INDIRECT("ZS(-1)",0) + INDIRECT("ZS(-3)",0) -> 1.4950576e+09 | PG8: =INDIRECT("ZS(-1)",0) / INDIRECT("Z7S(-1)",0) -> 1.0285581 | PH8: 355546668 | PI8: 1241834635 | PJ8: =INDIRECT("ZS(-1)",0) * 'Correction factor'!$C$13 -> 1.9220051e+09 | PK8: =INDIRECT("ZS(-1)",0) + INDIRECT("ZS(-3)",0) -> 2.2775518e+09 | PL8: =INDIRECT("ZS(-1)",0) / INDIRECT("Z7S(-1)",0) -> 1.3964557 | PM8: 353360121 | PN8: 1019283107 | PO8: =INDIRECT("ZS(-1)",0) * 'Correction factor'!$C$13 -> 1.577559e+09 | PP8: =INDIRECT("ZS(-1)",0) + INDIRECT("ZS(-3)",0) -> 1.9309191e+09 | PQ8: =INDIRECT("ZS(-1)",0) / INDIRECT("Z7S(-1)",0) -> 1.2341854 | PR8: 348444605 | PS8: 1068008837 | PT8: =INDIRECT("ZS(-1)",0) * 'Correction factor'!$C$13 -> 1.6529725e+09 | PU8: =INDIRECT("ZS(-1)",0) + INDIRECT("ZS(-3)",0) -> 2.0014171e+09 | PV8: =INDIRECT("ZS(-1)",0) / INDIRECT("Z7S(-1)",0) -> 1.2768613 | PW8: 340952985 | PX8: 1002257654 | PY8: =INDIRECT("ZS(-1)",0) * 'Correction factor'!$C$13 -> 1.5512084e+09 | PZ8: =INDIRECT("ZS(-1)",0) + INDIRECT("ZS(-3)",0) -> 1.8921614e+09 | QA8: =INDIRECT("ZS(-1)",0) / INDIRECT("Z7S(-1)",0) -> 1.2288903 | QB8: 317512793 | QC8: 763634132 | QD8: =INDIRECT("ZS(-1)",0) * 'Correction factor'!$C$13 -> 1.1818874e+09 | QE8: =INDIRECT("ZS(-1)",0) + INDIRECT("ZS(-3)",0) -> 1.4994002e+09 | QF8: =INDIRECT("ZS(-1)",0) / INDIRECT("Z7S(-1)",0) -> 1.2620729 | QG8: 325904969 | QH8: 875864412 | QI8: =INDIRECT("ZS(-1)",0) * 'Correction factor'!$C$13 -> 1.3555878e+09 | QJ8: =INDIRECT("ZS(-1)",0) + INDIRECT("ZS(-3)",0) -> 1.6814928e+09 | QK8: =INDIRECT("ZS(-1)",0) / INDIRECT("Z7S(-1)",0) -> 1.2075299 | QL8: 355947971 | QM8: 1060176235 | QN8: =INDIRECT("ZS(-1)",0) * 'Correction factor'!$C$13 -> 1.6408498e+09 | QO8: =INDIRECT("ZS(-1)",0) + INDIRECT("ZS(-3)",0) -> 1.9967978e+09 | QP8: =INDIRECT("ZS(-1)",0) / INDIRECT("Z7S(-1)",0) -> 1.25977 | QQ8: 340058171 | QR8: 1047307778 | QS8: =INDIRECT("ZS(-1)",0) * 'Correction factor'!$C$13 -> 1.6209332e+09 | QT8: =INDIRECT("ZS(-1)",0) + INDIRECT("ZS(-3)",0) -> 1.9609913e+09 | QU8: =INDIRECT("ZS(-1)",0) / INDIRECT("Z7S(-1)",0) -> 1.2894425 | QV8: 350126228 | QW8: 947857240 | QX8: =INDIRECT("ZS(-1)",0) * 'Correction factor'!$C$13 -> 1.4670121e+09 | QY8: =INDIRECT("ZS(-1)",0) + INDIRECT("ZS(-3)",0) -> 1.8171384e+09 | QZ8: =INDIRECT("ZS(-1)",0) / INDIRECT("Z7S(-1)",0) -> 1.1302454 | RA8: 351642336 | RB8: 1051231135 | RC8: =INDIRECT("ZS(-1)",0) * 'Correction factor'!$C$13 -> 1.6270054e+09 | RD8: =INDIRECT("ZS(-1)",0) + INDIRECT("ZS(-3)",0) -> 1.9786477e+09 | RE8: =INDIRECT("ZS(-1)",0) / INDIRECT("Z7S(-1)",0) -> 1.3279845 | RF8: 358861866 | RG8: 1056300316 | RH8: =INDIRECT("ZS(-1)",0) * 'Correction factor'!$C$13 -> 1.634851e+09 | RI8: =INDIRECT("ZS(-1)",0) + INDIRECT("ZS(-3)",0) -> 1.9937129e+09 | RJ8: =INDIRECT("ZS(-1)",0) / INDIRECT("Z7S(-1)",0) -> 1.2795193 | RK8: 337035960 | RL8: 1073829983 | RM8: =INDIRECT("ZS(-1)",0) * 'Correction factor'!$C$13 -> 1.6619819e+09 | RN8: =INDIRECT("ZS(-1)",0) + INDIRECT("ZS(-3)",0) -> 1.9990179e+09 | RO8: =INDIRECT("ZS(-1)",0) / INDIRECT("Z7S(-1)",0) -> 1.3849656
A9: 2 | B9: 45471 | C9: Friday | D9: 1772851242 | E9: 70741227 | F9: =INDIRECT("ZS(-1)",0) * 'Correction factor'!$C$13 -> 1.094872e+08 | G9: =INDIRECT("ZS(-1)",0) + INDIRECT("ZS(-3)",0) -> 1.8823384e+09 | H9: =INDIRECT("ZS(-1)",0) / INDIRECT("Z7S(-1)",0) -> 1.2591962 | I9: 1892813311 | J9: 70735839 | K9: =INDIRECT("ZS(-1)",0) * 'Correction factor'!$C$13 -> 1.0947886e+08 | L9: =INDIRECT("ZS(-1)",0) + INDIRECT("ZS(-3)",0) -> 2.0022922e+09 | M9: =INDIRECT("ZS(-1)",0) / INDIRECT("Z7S(-1)",0) -> 1.45588 | N9: 1955942665 | O9: 72825183 | P9: =INDIRECT("ZS(-1)",0) * 'Correction factor'!$C$13 -> 1.1271257e+08 | Q9: =INDIRECT("ZS(-1)",0) + INDIRECT("ZS(-3)",0) -> 2.0686552e+09 | R9: =INDIRECT("ZS(-1)",0) / INDIRECT("Z7S(-1)",0) -> 1.4457968 | S9: 1653266965 | T9: 72494330 | U9: =INDIRECT("ZS(-1)",0) * 'Correction factor'!$C$13 -> 1.1220051e+08 | V9: =INDIRECT("ZS(-1)",0) + INDIRECT("ZS(-3)",0) -> 1.7654675e+09 | W9: =INDIRECT("ZS(-1)",0) / INDIRECT("Z7S(-1)",0) -> 1.2657584 | X9: 1917100557 | Y9: 75424451 | Z9: =INDIRECT("ZS(-1)",0) * 'Correction factor'!$C$13 -> 1.167355e+08 | AA9: =INDIRECT("ZS(-1)",0) + INDIRECT("ZS(-3)",0) -> 2.0338361e+09 | AB9: =INDIRECT("ZS(-1)",0) / INDIRECT("Z7S(-1)",0) -> 1.3957233 | AC9: 1883385010 | AD9: 72857858 | AE9: =INDIRECT("ZS(-1)",0) * 'Correction factor'!$C$13 -> 1.1276314e+08 | AF9: =INDIRECT("ZS(-1)",0) + INDIRECT("ZS(-3)",0) -> 1.9961482e+09 | AG9: =INDIRECT("ZS(-1)",0) / INDIRECT("Z7S(-1)",0) -> 1.3571744 | AH9: 997049446 | AI9: 71168238 | AJ9: =INDIRECT("ZS(-1)",0) * 'Correction factor'!$C$13 -> 1.1014809e+08 | AK9: =INDIRECT("ZS(-1)",0) + INDIRECT("ZS(-3)",0) -> 1.1071975e+09 | AL9: =INDIRECT("ZS(-1)",0) / INDIRECT("Z7S(-1)",0) -> 0.8254787 | AM9: 1135004840 | AN9: 70264669 | AO9: =INDIRECT("ZS(-1)",0) * 'Correction factor'!$C$13 -> 1.0874963e+08 | AP9: =INDIRECT("ZS(-1)",0) + INDIRECT("ZS(-3)",0) -> 1.2437545e+09 | AQ9: =INDIRECT("ZS(-1)",0) / INDIRECT("Z7S(-1)",0) -> 0.86977122 | AR9: 1164846683 | AS9: 72085616 | AT9: =INDIRECT("ZS(-1)",0) * 'Correction factor'!$C$13 -> 1.1156793e+08 | AU9: =INDIRECT("ZS(-1)",0) + INDIRECT("ZS(-3)",0) -> 1.2764146e+09 | AV9: =INDIRECT("ZS(-1)",0) / INDIRECT("Z7S(-1)",0) -> 0.85471808 | AW9: 1118934481 | AX9: 75896010 | AY9: =INDIRECT("ZS(-1)",0) * 'Correction factor'!$C$13 -> 1.1746533e+08 | AZ9: =INDIRECT("ZS(-1)",0) + INDIRECT("ZS(-3)",0) -> 1.2363998e+09 | BA9: =INDIRECT("ZS(-1)",0) / INDIRECT("Z7S(-1)",0) -> 0.9193377 | BB9: 1005300554 | BC9: 69272732 | BD9: =INDIRECT("ZS(-1)",0) * 'Correction factor'!$C$13 -> 1.0721439e+08 | BE9: =INDIRECT("ZS(-1)",0) + INDIRECT("ZS(-3)",0) -> 1.1125149e+09 | BF9: =INDIRECT("ZS(-1)",0) / INDIRECT("Z7S(-1)",0) -> 0.83307255 | BG9: 1103641247 | BH9: 70764813 | BI9: =INDIRECT("ZS(-1)",0) * 'Correction factor'!$C$13 -> 1.0952371e+08 | BJ9: =INDIRECT("ZS(-1)",0) + INDIRECT("ZS(-3)",0) -> 1.213165e+09 | BK9: =INDIRECT("ZS(-1)",0) / INDIRECT("Z7S(-1)",0) -> 0.85452971 | BL9: 1101561293 | BM9: 71964984 | BN9: =INDIRECT("ZS(-1)",0) * 'Correction factor'!$C$13 -> 1.1138123e+08 | BO9: =INDIRECT("ZS(-1)",0) + INDIRECT("ZS(-3)",0) -> 1.2129425e+09 | BP9: =INDIRECT("ZS(-1)",0) / INDIRECT("Z7S(-1)",0) -> 0.88172933 | BQ9: 1175669188 | BR9: 71564128 | BS9: =INDIRECT("ZS(-1)",0) * 'Correction factor'!$C$13 -> 1.1076082e+08 | BT9: =INDIRECT("ZS(-1)",0) + INDIRECT("ZS(-3)",0) -> 1.28643e+09 | BU9: =INDIRECT("ZS(-1)",0) / INDIRECT("Z7S(-1)",0) -> 0.94838844 | BV9: 1073746567 | BW9: 71876077 | BX9: =INDIRECT("ZS(-1)",0) * 'Correction factor'!$C$13 -> 1.1124363e+08 | BY9: =INDIRECT("ZS(-1)",0) + INDIRECT("ZS(-3)",0) -> 1.1849902e+09 | BZ9: =INDIRECT("ZS(-1)",0) / INDIRECT("Z7S(-1)",0) -> 0.87972402 | CA9: 1185090385 | CB9: 71586105 | CC9: =INDIRECT("ZS(-1)",0) * 'Correction factor'!$C$13 -> 1.1079483e+08 | CD9: =INDIRECT("ZS(-1)",0) + INDIRECT("ZS(-3)",0) -> 1.2958852e+09 | CE9: =INDIRECT("ZS(-1)",0) / INDIRECT("Z7S(-1)",0) -> 0.92944265 | CF9: 1082155518 | CG9: 76593225 | CH9: =INDIRECT("ZS(-1)",0) * 'Correction factor'!$C$13 -> 1.1854442e+08 | CI9: =INDIRECT("ZS(-1)",0) + INDIRECT("ZS(-3)",0) -> 1.2006999e+09 | CJ9: =INDIRECT("ZS(-1)",0) / INDIRECT("Z7S(-1)",0) -> 0.8255033 | CK9: 1086388898 | CL9: 64080175 | CM9: =INDIRECT("ZS(-1)",0) * 'Correction factor'!$C$13 -> 99177799 | CN9: =INDIRECT("ZS(-1)",0) + INDIRECT("ZS(-3)",0) -> 1.1855667e+09 | CO9: =INDIRECT("ZS(-1)",0) / INDIRECT("Z7S(-1)",0) -> 0.89972112 | CP9: 1179094097 | CQ9: 75918973 | CR9: =INDIRECT("ZS(-1)",0) * 'Correction factor'!$C$13 -> 1.1750087e+08 | CS9: =INDIRECT("ZS(-1)",0) + INDIRECT("ZS(-3)",0) -> 1.296595e+09 | CT9: =INDIRECT("ZS(-1)",0) / INDIRECT("Z7S(-1)",0) -> 0.95293813 | CU9: 1132549134 | CV9: 73684504 | CW9: =INDIRECT("ZS(-1)",0) * 'Correction factor'!$C$13 -> 1.1404256e+08 | CX9: =INDIRECT("ZS(-1)",0) + INDIRECT("ZS(-3)",0) -> 1.2465917e+09 | CY9: =INDIRECT("ZS(-1)",0) / INDIRECT("Z7S(-1)",0) -> 0.87132581 | CZ9: 1056813303 | DA9: 74439056 | DB9: =INDIRECT("ZS(-1)",0) * 'Correction factor'!$C$13 -> 1.1521039e+08 | DC9: =INDIRECT("ZS(-1)",0) + INDIRECT("ZS(-3)",0) -> 1.1720237e+09 | DD9: =INDIRECT("ZS(-1)",0) / INDIRECT("Z7S(-1)",0) -> 0.82384987 | DE9: 1141982966 | DF9: 74717601 | DG9: =INDIRECT("ZS(-1)",0) * 'Correction factor'!$C$13 -> 1.1564149e+08 | DH9: =INDIRECT("ZS(-1)",0) + INDIRECT("ZS(-3)",0) -> 1.2576245e+09 | DI9: =INDIRECT("ZS(-1)",0) / INDIRECT("Z7S(-1)",0) -> 0.92372468 | DJ9: 1213808253 | DK9: 72220693 | DL9: =INDIRECT("ZS(-1)",0) * 'Correction factor'!$C$13 -> 1.1177699e+08 | DM9: =INDIRECT("ZS(-1)",0) + INDIRECT("ZS(-3)",0) -> 1.3255852e+09 | DN9: =INDIRECT("ZS(-1)",0) / INDIRECT("Z7S(-1)",0) -> 0.86139293 | DO9: 1121000588 | DP9: 73947100 | DQ9: =INDIRECT("ZS(-1)",0) * 'Correction factor'!$C$13 -> 1.1444898e+08 | DR9: =INDIRECT("ZS(-1)",0) + INDIRECT("ZS(-3)",0) -> 1.2354496e+09 | DS9: =INDIRECT("ZS(-1)",0) / INDIRECT("Z7S(-1)",0) -> 0.86342692 | DT9: 1077089794 | DU9: 72449780 | DV9: =INDIRECT("ZS(-1)",0) * 'Correction factor'!$C$13 -> 1.1213156e+08 | DW9: =INDIRECT("ZS(-1)",0) + INDIRECT("ZS(-3)",0) -> 1.1892213e+09 | DX9: =INDIRECT("ZS(-1)",0) / INDIRECT("Z7S(-1)",0) -> 0.8844933 | DY9: 1006453958 | DZ9: 69370748 | EA9: =INDIRECT("ZS(-1)",0) * 'Correction factor'!$C$13 -> 1.0736609e+08 | EB9: =INDIRECT("ZS(-1)",0) + INDIRECT("ZS(-3)",0) -> 1.1138201e+09 | EC9: =INDIRECT("ZS(-1)",0) / INDIRECT("Z7S(-1)",0) -> 0.87085823 | ED9: 1099193837 | EE9: 70451624 | EF9: =INDIRECT("ZS(-1)",0) * 'Correction factor'!$C$13 -> 1.0903898e+08 | EG9: =INDIRECT("ZS(-1)",0) + INDIRECT("ZS(-3)",0) -> 1.2082328e+09 | EH9: =INDIRECT("ZS(-1)",0) / INDIRECT("Z7S(-1)",0) -> 0.8607263 | EI9: 1037892145 | EJ9: 69208569 | EK9: =INDIRECT("ZS(-1)",0) * 'Correction factor'!$C$13 -> 1.0711509e+08 | EL9: =INDIRECT("ZS(-1)",0) + INDIRECT("ZS(-3)",0) -> 1.1450072e+09 | EM9: =INDIRECT("ZS(-1)",0) / INDIRECT("Z7S(-1)",0) -> 0.89914476 | EN9: 1013369036 | EO9: 67775180 | EP9: =INDIRECT("ZS(-1)",0) * 'Correction factor'!$C$13 -> 1.0489661e+08 | EQ9: =INDIRECT("ZS(-1)",0) + INDIRECT("ZS(-3)",0) -> 1.1182656e+09 | ER9: =INDIRECT("ZS(-1)",0) / INDIRECT("Z7S(-1)",0) -> 0.78949714 | ES9: 1045940713 | ET9: 66476387 | EU9: =INDIRECT("ZS(-1)",0) * 'Correction factor'!$C$13 -> 1.0288645e+08 | EV9: =INDIRECT("ZS(-1)",0) + INDIRECT("ZS(-3)",0) -> 1.1488272e+09 | EW9: =INDIRECT("ZS(-1)",0) / INDIRECT("Z7S(-1)",0) -> 0.79707546 | EX9: 1100208419 | EY9: 70697429 | EZ9: =INDIRECT("ZS(-1)",0) * 'Correction factor'!$C$13 -> 1.0941942e+08 | FA9: =INDIRECT("ZS(-1)",0) + INDIRECT("ZS(-3)",0) -> 1.2096278e+09 | FB9: =INDIRECT("ZS(-1)",0) / INDIRECT("Z7S(-1)",0) -> 0.87710456 | FC9: 1040936491 | FD9: 71610213 | FE9: =INDIRECT("ZS(-1)",0) * 'Correction factor'!$C$13 -> 1.1083215e+08 | FF9: =INDIRECT("ZS(-1)",0) + INDIRECT("ZS(-3)",0) -> 1.1517686e+09 | FG9: =INDIRECT("ZS(-1)",0) / INDIRECT("Z7S(-1)",0) -> 0.87485177 | FH9: 1097206362 | FI9: 71924317 | FJ9: =INDIRECT("ZS(-1)",0) * 'Correction factor'!$C$13 -> 1.1131829e+08 | FK9: =INDIRECT("ZS(-1)",0) + INDIRECT("ZS(-3)",0) -> 1.2085247e+09 | FL9: =INDIRECT("ZS(-1)",0) / INDIRECT("Z7S(-1)",0) -> 0.87910814 | FM9: 1126548229 | FN9: 71246865 | FO9: =INDIRECT("ZS(-1)",0) * 'Correction factor'!$C$13 -> 1.1026979e+08 | FP9: =INDIRECT("ZS(-1)",0) + INDIRECT("ZS(-3)",0) -> 1.236818e+09 | FQ9: =INDIRECT("ZS(-1)",0) / INDIRECT("Z7S(-1)",0) -> 0.89177457 | FR9: 1107226122 | FS9: 73464568 | FT9: =INDIRECT("ZS(-1)",0) * 'Correction factor'!$C$13 -> 1.1370216e+08 | FU9: =INDIRECT("ZS(-1)",0) + INDIRECT("ZS(-3)",0) -> 1.2209283e+09 | FV9: =INDIRECT("ZS(-1)",0) / INDIRECT("Z7S(-1)",0) -> 0.84623194 | FW9: 1084474096 | FX9: 71709757 | FY9: =INDIRECT("ZS(-1)",0) * 'Correction factor'!$C$13 -> 1.1098621e+08 | FZ9: =INDIRECT("ZS(-1)",0) + INDIRECT("ZS(-3)",0) -> 1.1954603e+09 | GA9: =INDIRECT("ZS(-1)",0) / INDIRECT("Z7S(-1)",0) -> 0.8930612 | GB9: 1056824711 | GC9: 69452462 | GD9: =INDIRECT("ZS(-1)",0) * 'Correction factor'!$C$13 -> 1.0749256e+08 | GE9: =INDIRECT("ZS(-1)",0) + INDIRECT("ZS(-3)",0) -> 1.1643173e+09 | GF9: =INDIRECT("ZS(-1)",0) / INDIRECT("Z7S(-1)",0) -> 0.85270396 | GG9: 1067013885 | GH9: 68111560 | GI9: =INDIRECT("ZS(-1)",0) * 'Correction factor'!$C$13 -> 1.0541723e+08 | GJ9: =INDIRECT("ZS(-1)",0) + INDIRECT("ZS(-3)",0) -> 1.1724311e+09 | GK9: =INDIRECT("ZS(-1)",0) / INDIRECT("Z7S(-1)",0) -> 0.89339459 | GL9: 1022123720 | GM9: 69553122 | GN9: =INDIRECT("ZS(-1)",0) * 'Correction factor'!$C$13 -> 1.0764836e+08 | GO9: =INDIRECT("ZS(-1)",0) + INDIRECT("ZS(-3)",0) -> 1.1297721e+09 | GP9: =INDIRECT("ZS(-1)",0) / INDIRECT("Z7S(-1)",0) -> 0.81182705 | GQ9: 1123568031 | GR9: 70750188 | GS9: =INDIRECT("ZS(-1)",0) * 'Correction factor'!$C$13 -> 1.0950107e+08 | GT9: =INDIRECT("ZS(-1)",0) + INDIRECT("ZS(-3)",0) -> 1.2330691e+09 | GU9: =INDIRECT("ZS(-1)",0) / INDIRECT("Z7S(-1)",0) -> 0.95604206 | GV9: 1002356144 | GW9: 69314460 | GX9: =INDIRECT("ZS(-1)",0) * 'Correction factor'!$C$13 -> 1.0727898e+08 | GY9: =INDIRECT("ZS(-1)",0) + INDIRECT("ZS(-3)",0) -> 1.1096351e+09 | GZ9: =INDIRECT("ZS(-1)",0) / INDIRECT("Z7S(-1)",0) -> 0.81323473 | HA9: 1046636885 | HB9: 69524888 | HC9: =INDIRECT("ZS(-1)",0) * 'Correction factor'!$C$13 -> 1.0760466e+08 | HD9: =INDIRECT("ZS(-1)",0) + INDIRECT("ZS(-3)",0) -> 1.1542415e+09 | HE9: =INDIRECT("ZS(-1)",0) / INDIRECT("Z7S(-1)",0) -> 0.86768233 | HF9: 1009051112 | HG9: 69827846 | HH9: =INDIRECT("ZS(-1)",0) * 'Correction factor'!$C$13 -> 1.0807355e+08 | HI9: =INDIRECT("ZS(-1)",0) + INDIRECT("ZS(-3)",0) -> 1.1171247e+09 | HJ9: =INDIRECT("ZS(-1)",0) / INDIRECT("Z7S(-1)",0) -> 0.80718894 | HK9: 1054365235 | HL9: 68577330 | HM9: =INDIRECT("ZS(-1)",0) * 'Correction factor'!$C$13 -> 1.0613811e+08 | HN9: =INDIRECT("ZS(-1)",0) + INDIRECT("ZS(-3)",0) -> 1.1605033e+09 | HO9: =INDIRECT("ZS(-1)",0) / INDIRECT("Z7S(-1)",0) -> 0.85864495 | HP9: 1155110579 | HQ9: 71117984 | HR9: =INDIRECT("ZS(-1)",0) * 'Correction factor'!$C$13 -> 1.1007032e+08 | HS9: =INDIRECT("ZS(-1)",0) + INDIRECT("ZS(-3)",0) -> 1.2651809e+09 | HT9: =INDIRECT("ZS(-1)",0) / INDIRECT("Z7S(-1)",0) -> 0.95370425 | HU9: 1119386885 | HV9: 71754842 | HW9: =INDIRECT("ZS(-1)",0) * 'Correction factor'!$C$13 -> 1.1105599e+08 | HX9: =INDIRECT("ZS(-1)",0) + INDIRECT("ZS(-3)",0) -> 1.2304429e+09 | HY9: =INDIRECT("ZS(-1)",0) / INDIRECT("Z7S(-1)",0) -> 0.83801158 | HZ9: 1082181070 | IA9: 68067394 | IB9: =INDIRECT("ZS(-1)",0) * 'Correction factor'!$C$13 -> 1.0534887e+08 | IC9: =INDIRECT("ZS(-1)",0) + INDIRECT("ZS(-3)",0) -> 1.1875299e+09 | ID9: =INDIRECT("ZS(-1)",0) / INDIRECT("Z7S(-1)",0) -> 0.91951108 | IE9: 1065460909 | IF9: 68284434 | IG9: =INDIRECT("ZS(-1)",0) * 'Correction factor'!$C$13 -> 1.0568479e+08 | IH9: =INDIRECT("ZS(-1)",0) + INDIRECT("ZS(-3)",0) -> 1.1711457e+09 | II9: =INDIRECT("ZS(-1)",0) / INDIRECT("Z7S(-1)",0) -> 0.84003822 | IJ9: 1068159262 | IK9: 69824184 | IL9: =INDIRECT("ZS(-1)",0) * 'Correction factor'!$C$13 -> 1.0806788e+08 | IM9: =INDIRECT("ZS(-1)",0) + INDIRECT("ZS(-3)",0) -> 1.1762271e+09 | IN9: =INDIRECT("ZS(-1)",0) / INDIRECT("Z7S(-1)",0) -> 0.88081227 | IO9: 1002407774 | IP9: 69900349 | IQ9: =INDIRECT("ZS(-1)",0) * 'Correction factor'!$C$13 -> 1.0818576e+08 | IR9: =INDIRECT("ZS(-1)",0) + INDIRECT("ZS(-3)",0) -> 1.1105935e+09 | IS9: =INDIRECT("ZS(-1)",0) / INDIRECT("Z7S(-1)",0) -> 0.82862339 | IT9: 1056433362 | IU9: 68449477 | IV9: =INDIRECT("ZS(-1)",0) * 'Correction factor'!$C$13 -> 1.0594023e+08 | IW9: =INDIRECT("ZS(-1)",0) + INDIRECT("ZS(-3)",0) -> 1.1623736e+09 | IX9: =INDIRECT("ZS(-1)",0) / INDIRECT("Z7S(-1)",0) -> 0.90740414 | IY9: 1014788787 | IZ9: 67842360 | JA9: =INDIRECT("ZS(-1)",0) * 'Correction factor'!$C$13 -> 1.0500059e+08 | JB9: =INDIRECT("ZS(-1)",0) + INDIRECT("ZS(-3)",0) -> 1.1197894e+09 | JC9: =INDIRECT("ZS(-1)",0) / INDIRECT("Z7S(-1)",0) -> 0.8374529 | JD9: 1277743004 | JE9: 68381725 | JF9: =INDIRECT("ZS(-1)",0) * 'Correction factor'!$C$13 -> 1.0583537e+08 | JG9: =INDIRECT("ZS(-1)",0) + INDIRECT("ZS(-3)",0) -> 1.3835784e+09 | JH9: =INDIRECT("ZS(-1)",0) / INDIRECT("Z7S(-1)",0) -> 0.98511491 | JI9: 953505626 | JJ9: 65951547 | JK9: =INDIRECT("ZS(-1)",0) * 'Correction factor'!$C$13 -> 1.0207415e+08 | JL9: =INDIRECT("ZS(-1)",0) + INDIRECT("ZS(-3)",0) -> 1.0555798e+09 | JM9: =INDIRECT("ZS(-1)",0) / INDIRECT("Z7S(-1)",0) -> 0.82227546 | JN9: 1114945075 | JO9: 68898062 | JP9: =INDIRECT("ZS(-1)",0) * 'Correction factor'!$C$13 -> 1.0663451e+08 | JQ9: =INDIRECT("ZS(-1)",0) + INDIRECT("ZS(-3)",0) -> 1.2215796e+09 | JR9: =INDIRECT("ZS(-1)",0) / INDIRECT("Z7S(-1)",0) -> 0.92839893 | JS9: 1132001215 | JT9: 71055388 | JU9: =INDIRECT("ZS(-1)",0) * 'Correction factor'!$C$13 -> 1.0997344e+08 | JV9: =INDIRECT("ZS(-1)",0) + INDIRECT("ZS(-3)",0) -> 1.2419747e+09 | JW9: =INDIRECT("ZS(-1)",0) / INDIRECT("Z7S(-1)",0) -> 0.94472192 | JX9: 1106895636 | JY9: 70346716 | JZ9: =INDIRECT("ZS(-1)",0) * 'Correction factor'!$C$13 -> 1.0887661e+08 | KA9: =INDIRECT("ZS(-1)",0) + INDIRECT("ZS(-3)",0) -> 1.2157722e+09 | KB9: =INDIRECT("ZS(-1)",0) / INDIRECT("Z7S(-1)",0) -> 0.83287019 | KC9: 989772996 | KD9: 68879583 | KE9: =INDIRECT("ZS(-1)",0) * 'Correction factor'!$C$13 -> 1.0660591e+08 | KF9: =INDIRECT("ZS(-1)",0) + INDIRECT("ZS(-3)",0) -> 1.0963789e+09 | KG9: =INDIRECT("ZS(-1)",0) / INDIRECT("Z7S(-1)",0) -> 0.79207216 | KH9: 1026350076 | KI9: 66439761 | KJ9: =INDIRECT("ZS(-1)",0) * 'Correction factor'!$C$13 -> 1.0282976e+08 | KK9: =INDIRECT("ZS(-1)",0) + INDIRECT("ZS(-3)",0) -> 1.1291798e+09 | KL9: =INDIRECT("ZS(-1)",0) / INDIRECT("Z7S(-1)",0) -> 0.80219701 | KM9: 1026565376 | KN9: 68290993 | KO9: =INDIRECT("ZS(-1)",0) * 'Correction factor'!$C$13 -> 1.0569494e+08 | KP9: =INDIRECT("ZS(-1)",0) + INDIRECT("ZS(-3)",0) -> 1.1322603e+09 | KQ9: =INDIRECT("ZS(-1)",0) / INDIRECT("Z7S(-1)",0) -> 0.88351414 | KR9: 1068013027 | KS9: 68119548 | KT9: =INDIRECT("ZS(-1)",0) * 'Correction factor'!$C$13 -> 1.0542959e+08 | KU9: =INDIRECT("ZS(-1)",0) + INDIRECT("ZS(-3)",0) -> 1.1734426e+09 | KV9: =INDIRECT("ZS(-1)",0) / INDIRECT("Z7S(-1)",0) -> 0.81616402 | KW9: 1093869585 | KX9: 66826599 | KY9: =INDIRECT("ZS(-1)",0) * 'Correction factor'!$C$13 -> 1.0342848e+08 | KZ9: =INDIRECT("ZS(-1)",0) + INDIRECT("ZS(-3)",0) -> 1.1972981e+09 | LA9: =INDIRECT("ZS(-1)",0) / INDIRECT("Z7S(-1)",0) -> 0.8316617 | LB9: 1115406407 | LC9: 70195737 | LD9: =INDIRECT("ZS(-1)",0) * 'Correction factor'!$C$13 -> 1.0864294e+08 | LE9: =INDIRECT("ZS(-1)",0) + INDIRECT("ZS(-3)",0) -> 1.2240493e+09 | LF9: =INDIRECT("ZS(-1)",0) / INDIRECT("Z7S(-1)",0) -> 0.91782214 | LG9: 1111802023 | LH9: 68166651 | LI9: =INDIRECT("ZS(-1)",0) * 'Correction factor'!$C$13 -> 1.055025e+08 | LJ9: =INDIRECT("ZS(-1)",0) + INDIRECT("ZS(-3)",0) -> 1.2173045e+09 | LK9: =INDIRECT("ZS(-1)",0) / INDIRECT("Z7S(-1)",0) -> 0.95556194 | LL9: 1002328085 | LM9: 66104788 | LN9: =INDIRECT("ZS(-1)",0) * 'Correction factor'!$C$13 -> 1.0231132e+08 | LO9: =INDIRECT("ZS(-1)",0) + INDIRECT("ZS(-3)",0) -> 1.1046394e+09 | LP9: =INDIRECT("ZS(-1)",0) / INDIRECT("Z7S(-1)",0) -> 0.78771173 | LQ9: 1088749048 | LR9: 69080255 | LS9: =INDIRECT("ZS(-1)",0) * 'Correction factor'!$C$13 -> 1.0691649e+08 | LT9: =INDIRECT("ZS(-1)",0) + INDIRECT("ZS(-3)",0) -> 1.1956655e+09 | LU9: =INDIRECT("ZS(-1)",0) / INDIRECT("Z7S(-1)",0) -> 0.84570543 | LV9: 1182421255 | LW9: 71352595 | LX9: =INDIRECT("ZS(-1)",0) * 'Correction factor'!$C$13 -> 1.1043343e+08 | LY9: =INDIRECT("ZS(-1)",0) + INDIRECT("ZS(-3)",0) -> 1.2928547e+09 | LZ9: =INDIRECT("ZS(-1)",0) / INDIRECT("Z7S(-1)",0) -> 0.93704767 | MA9: 1020917809 | MB9: 71173260 | MC9: =INDIRECT("ZS(-1)",0) * 'Correction factor'!$C$13 -> 1.1015587e+08 | MD9: =INDIRECT("ZS(-1)",0) + INDIRECT("ZS(-3)",0) -> 1.1310737e+09 | ME9: =INDIRECT("ZS(-1)",0) / INDIRECT("Z7S(-1)",0) -> 0.80252025 | MF9: 1200243933 | MG9: 70197721 | MH9: =INDIRECT("ZS(-1)",0) * 'Correction factor'!$C$13 -> 1.0864601e+08 | MI9: =INDIRECT("ZS(-1)",0) + INDIRECT("ZS(-3)",0) -> 1.3088899e+09 | MJ9: =INDIRECT("ZS(-1)",0) / INDIRECT("Z7S(-1)",0) -> 0.86761526 | MK9: 994864332 | ML9: 69228404 | MM9: =INDIRECT("ZS(-1)",0) * 'Correction factor'!$C$13 -> 1.0714579e+08 | MN9: =INDIRECT("ZS(-1)",0) + INDIRECT("ZS(-3)",0) -> 1.1020101e+09 | MO9: =INDIRECT("ZS(-1)",0) / INDIRECT("Z7S(-1)",0) -> 0.85797142 | MP9: 1077621779 | MQ9: 74224480 | MR9: =INDIRECT("ZS(-1)",0) * 'Correction factor'!$C$13 -> 1.1487828e+08 | MS9: =INDIRECT("ZS(-1)",0) + INDIRECT("ZS(-3)",0) -> 1.1925001e+09 | MT9: =INDIRECT("ZS(-1)",0) / INDIRECT("Z7S(-1)",0) -> 0.87209892 | MU9: 1131584476 | MV9: 67791369 | MW9: =INDIRECT("ZS(-1)",0) * 'Correction factor'!$C$13 -> 1.0492167e+08 | MX9: =INDIRECT("ZS(-1)",0) + INDIRECT("ZS(-3)",0) -> 1.2365061e+09 | MY9: =INDIRECT("ZS(-1)",0) / INDIRECT("Z7S(-1)",0) -> 0.89646895 | MZ9: 1040069690 | NA9: 69856939 | NB9: =INDIRECT("ZS(-1)",0) * 'Correction factor'!$C$13 -> 1.0811858e+08 | NC9: =INDIRECT("ZS(-1)",0) + INDIRECT("ZS(-3)",0) -> 1.1481883e+09 | ND9: =INDIRECT("ZS(-1)",0) / INDIRECT("Z7S(-1)",0) -> 0.81998287 | NE9: 961673901 | NF9: 68708734 | NG9: =INDIRECT("ZS(-1)",0) * 'Correction factor'!$C$13 -> 1.0634149e+08 | NH9: =INDIRECT("ZS(-1)",0) + INDIRECT("ZS(-3)",0) -> 1.0680154e+09 | NI9: =INDIRECT("ZS(-1)",0) / INDIRECT("Z7S(-1)",0) -> 0.83153839 | NJ9: 1179104650 | NK9: 67371109 | NL9: =INDIRECT("ZS(-1)",0) * 'Correction factor'!$C$13 -> 1.0427122e+08 | NM9: =INDIRECT("ZS(-1)",0) + INDIRECT("ZS(-3)",0) -> 1.2833759e+09 | NN9: =INDIRECT("ZS(-1)",0) / INDIRECT("Z7S(-1)",0) -> 0.88645696 | NO9: 1142400062 | NP9: 70819728 | NQ9: =INDIRECT("ZS(-1)",0) * 'Correction factor'!$C$13 -> 1.096087e+08 | NR9: =INDIRECT("ZS(-1)",0) + INDIRECT("ZS(-3)",0) -> 1.2520088e+09 | NS9: =INDIRECT("ZS(-1)",0) / INDIRECT("Z7S(-1)",0) -> 0.88591613 | NT9: 1055613367 | NU9: 68115095 | NV9: =INDIRECT("ZS(-1)",0) * 'Correction factor'!$C$13 -> 1.054227e+08 | NW9: =INDIRECT("ZS(-1)",0) + INDIRECT("ZS(-3)",0) -> 1.1610361e+09 | NX9: =INDIRECT("ZS(-1)",0) / INDIRECT("Z7S(-1)",0) -> 0.86548438 | NY9: 1058916472 | NZ9: 67725571 | OA9: =INDIRECT("ZS(-1)",0) * 'Correction factor'!$C$13 -> 1.0481983e+08 | OB9: =INDIRECT("ZS(-1)",0) + INDIRECT("ZS(-3)",0) -> 1.1637363e+09 | OC9: =INDIRECT("ZS(-1)",0) / INDIRECT("Z7S(-1)",0) -> 0.82890737 | OD9: 1104125912 | OE9: 76066672 | OF9: =INDIRECT("ZS(-1)",0) * 'Correction factor'!$C$13 -> 1.1772947e+08 | OG9: =INDIRECT("ZS(-1)",0) + INDIRECT("ZS(-3)",0) -> 1.2218554e+09 | OH9: =INDIRECT("ZS(-1)",0) / INDIRECT("Z7S(-1)",0) -> 0.77300046 | OI9: 1191251699 | OJ9: 70772793 | OK9: =INDIRECT("ZS(-1)",0) * 'Correction factor'!$C$13 -> 1.0953606e+08 | OL9: =INDIRECT("ZS(-1)",0) + INDIRECT("ZS(-3)",0) -> 1.3007878e+09 | OM9: =INDIRECT("ZS(-1)",0) / INDIRECT("Z7S(-1)",0) -> 0.89828086 | ON9: 1210410143 | OO9: 72417860 | OP9: =INDIRECT("ZS(-1)",0) * 'Correction factor'!$C$13 -> 1.1208215e+08 | OQ9: =INDIRECT("ZS(-1)",0) + INDIRECT("ZS(-3)",0) -> 1.3224923e+09 | OR9: =INDIRECT("ZS(-1)",0) / INDIRECT("Z7S(-1)",0) -> 0.92257174 | OS9: 1074631239 | OT9: 75804629 | OU9: =INDIRECT("ZS(-1)",0) * 'Correction factor'!$C$13 -> 1.173239e+08 | OV9: =INDIRECT("ZS(-1)",0) + INDIRECT("ZS(-3)",0) -> 1.1919551e+09 | OW9: =INDIRECT("ZS(-1)",0) / INDIRECT("Z7S(-1)",0) -> 0.8127417 | OX9: 1350381740 | OY9: 73255369 | OZ9: =INDIRECT("ZS(-1)",0) * 'Correction factor'!$C$13 -> 1.1337838e+08 | PA9: =INDIRECT("ZS(-1)",0) + INDIRECT("ZS(-3)",0) -> 1.4637601e+09 | PB9: =INDIRECT("ZS(-1)",0) / INDIRECT("Z7S(-1)",0) -> 0.94883882 | PC9: 1111042619 | PD9: 76431188 | PE9: =INDIRECT("ZS(-1)",0) * 'Correction factor'!$C$13 -> 1.1829364e+08 | PF9: =INDIRECT("ZS(-1)",0) + INDIRECT("ZS(-3)",0) -> 1.2293363e+09 | PG9: =INDIRECT("ZS(-1)",0) / INDIRECT("Z7S(-1)",0) -> 0.84574919 | PH9: 405000546 | PI9: 1583077011 | PJ9: =INDIRECT("ZS(-1)",0) * 'Correction factor'!$C$13 -> 2.4501508e+09 | PK9: =INDIRECT("ZS(-1)",0) + INDIRECT("ZS(-3)",0) -> 2.8551514e+09 | PL9: =INDIRECT("ZS(-1)",0) / INDIRECT("Z7S(-1)",0) -> 1.7506044 | PM9: 394144604 | PN9: 1289165645 | PO9: =INDIRECT("ZS(-1)",0) * 'Correction factor'!$C$13 -> 1.99526e+09 | PP9: =INDIRECT("ZS(-1)",0) + INDIRECT("ZS(-3)",0) -> 2.3894046e+09 | PQ9: =INDIRECT("ZS(-1)",0) / INDIRECT("Z7S(-1)",0) -> 1.5272356 | PR9: 384175500 | PS9: 1318466949 | PT9: =INDIRECT("ZS(-1)",0) * 'Correction factor'!$C$13 -> 2.0406101e+09 | PU9: =INDIRECT("ZS(-1)",0) + INDIRECT("ZS(-3)",0) -> 2.4247856e+09 | PV9: =INDIRECT("ZS(-1)",0) / INDIRECT("Z7S(-1)",0) -> 1.5469614 | PW9: 386001860 | PX9: 1290116542 | PY9: =INDIRECT("ZS(-1)",0) * 'Correction factor'!$C$13 -> 1.9967317e+09 | PZ9: =INDIRECT("ZS(-1)",0) + INDIRECT("ZS(-3)",0) -> 2.3827336e+09 | QA9: =INDIRECT("ZS(-1)",0) / INDIRECT("Z7S(-1)",0) -> 1.5474991 | QB9: 347638799 | QC9: 933210392 | QD9: =INDIRECT("ZS(-1)",0) * 'Correction factor'!$C$13 -> 1.444343e+09 | QE9: =INDIRECT("ZS(-1)",0) + INDIRECT("ZS(-3)",0) -> 1.7919818e+09 | QF9: =INDIRECT("ZS(-1)",0) / INDIRECT("Z7S(-1)",0) -> 1.5083442 | QG9: 357770118 | QH9: 1037617646 | QI9: =INDIRECT("ZS(-1)",0) * 'Correction factor'!$C$13 -> 1.6059356e+09 | QJ9: =INDIRECT("ZS(-1)",0) + INDIRECT("ZS(-3)",0) -> 1.9637057e+09 | QK9: =INDIRECT("ZS(-1)",0) / INDIRECT("Z7S(-1)",0) -> 1.4101954 | QL9: 394372024 | QM9: 1326457081 | QN9: =INDIRECT("ZS(-1)",0) * 'Correction factor'!$C$13 -> 2.0529765e+09 | QO9: =INDIRECT("ZS(-1)",0) + INDIRECT("ZS(-3)",0) -> 2.4473485e+09 | QP9: =INDIRECT("ZS(-1)",0) / INDIRECT("Z7S(-1)",0) -> 1.5440202 | QQ9: 368090094 | QR9: 1225154763 | QS9: =INDIRECT("ZS(-1)",0) * 'Correction factor'!$C$13 -> 1.8961895e+09 | QT9: =INDIRECT("ZS(-1)",0) + INDIRECT("ZS(-3)",0) -> 2.2642796e+09 | QU9: =INDIRECT("ZS(-1)",0) / INDIRECT("Z7S(-1)",0) -> 1.4888686 | QV9: 386451941 | QW9: 1263183560 | QX9: =INDIRECT("ZS(-1)",0) * 'Correction factor'!$C$13 -> 1.9550472e+09 | QY9: =INDIRECT("ZS(-1)",0) + INDIRECT("ZS(-3)",0) -> 2.3414991e+09 | QZ9: =INDIRECT("ZS(-1)",0) / INDIRECT("Z7S(-1)",0) -> 1.4563936 | RA9: 382207352 | RB9: 1261590983 | RC9: =INDIRECT("ZS(-1)",0) * 'Correction factor'!$C$13 -> 1.9525823e+09 | RD9: =INDIRECT("ZS(-1)",0) + INDIRECT("ZS(-3)",0) -> 2.3347897e+09 | RE9: =INDIRECT("ZS(-1)",0) / INDIRECT("Z7S(-1)",0) -> 1.5670119 | RF9: 382916222 | RG9: 1216069105 | RH9: =INDIRECT("ZS(-1)",0) * 'Correction factor'!$C$13 -> 1.8821275e+09 | RI9: =INDIRECT("ZS(-1)",0) + INDIRECT("ZS(-3)",0) -> 2.2650437e+09 | RJ9: =INDIRECT("ZS(-1)",0) / INDIRECT("Z7S(-1)",0) -> 1.4536532 | RK9: 379456299 | RL9: 1352833360 | RM9: =INDIRECT("ZS(-1)",0) * 'Correction factor'!$C$13 -> 2.0937994e+09 | RN9: =INDIRECT("ZS(-1)",0) + INDIRECT("ZS(-3)",0) -> 2.4732557e+09 | RO9: =INDIRECT("ZS(-1)",0) / INDIRECT("Z7S(-1)",0) -> 1.7135284
A10: 3 | B10: 45472 | C10: Saturday | D10: 1926766939 | E10: 65100445 | F10: =INDIRECT("ZS(-1)",0) * 'Correction factor'!$C$13 -> 1.0075689e+08 | G10: =INDIRECT("ZS(-1)",0) + INDIRECT("ZS(-3)",0) -> 2.0275238e+09 | H10: =INDIRECT("ZS(-1)",0) / INDIRECT("Z7S(-1)",0) -> 1.3563184 | I10: 2099858351 | J10: 65924775 | K10: =INDIRECT("ZS(-1)",0) * 'Correction factor'!$C$13 -> 1.0203271e+08 | L10: =INDIRECT("ZS(-1)",0) + INDIRECT("ZS(-3)",0) -> 2.2018911e+09 | M10: =INDIRECT("ZS(-1)",0) / INDIRECT("Z7S(-1)",0) -> 1.6010097 | N10: 2207022892 | O10: 66395820 | P10: =INDIRECT("ZS(-1)",0) * 'Correction factor'!$C$13 -> 1.0276176e+08 | Q10: =INDIRECT("ZS(-1)",0) + INDIRECT("ZS(-3)",0) -> 2.3097846e+09 | R10: =INDIRECT("ZS(-1)",0) / INDIRECT("Z7S(-1)",0) -> 1.6143237 | S10: 2075888430 | T10: 69879873 | U10: =INDIRECT("ZS(-1)",0) * 'Correction factor'!$C$13 -> 1.0815407e+08 | V10: =INDIRECT("ZS(-1)",0) + INDIRECT("ZS(-3)",0) -> 2.1840425e+09 | W10: =INDIRECT("ZS(-1)",0) / INDIRECT("Z7S(-1)",0) -> 1.5658573 | X10: 2106704183 | Y10: 70318313 | Z10: =INDIRECT("ZS(-1)",0) * 'Correction factor'!$C$13 -> 1.0883265e+08 | AA10: =INDIRECT("ZS(-1)",0) + INDIRECT("ZS(-3)",0) -> 2.2155368e+09 | AB10: =INDIRECT("ZS(-1)",0) / INDIRECT("Z7S(-1)",0) -> 1.5204157 | AC10: 2068764770 | AD10: 69510012 | AE10: =INDIRECT("ZS(-1)",0) * 'Correction factor'!$C$13 -> 1.0758163e+08 | AF10: =INDIRECT("ZS(-1)",0) + INDIRECT("ZS(-3)",0) -> 2.1763464e+09 | AG10: =INDIRECT("ZS(-1)",0) / INDIRECT("Z7S(-1)",0) -> 1.4796905 | AH10: 707020772 | AI10: 66308970 | AJ10: =INDIRECT("ZS(-1)",0) * 'Correction factor'!$C$13 -> 1.0262734e+08 | AK10: =INDIRECT("ZS(-1)",0) + INDIRECT("ZS(-3)",0) -> 8.0964811e+08 | AL10: =INDIRECT("ZS(-1)",0) / INDIRECT("Z7S(-1)",0) -> 0.60363868 | AM10: 772344045 | AN10: 65661778 | AO10: =INDIRECT("ZS(-1)",0) * 'Correction factor'!$C$13 -> 1.0162567e+08 | AP10: =INDIRECT("ZS(-1)",0) + INDIRECT("ZS(-3)",0) -> 8.7396971e+08 | AQ10: =INDIRECT("ZS(-1)",0) / INDIRECT("Z7S(-1)",0) -> 0.61117666 | AR10: 849636295 | AS10: 69076147 | AT10: =INDIRECT("ZS(-1)",0) * 'Correction factor'!$C$13 -> 1.0691014e+08 | AU10: =INDIRECT("ZS(-1)",0) + INDIRECT("ZS(-3)",0) -> 9.5654643e+08 | AV10: =INDIRECT("ZS(-1)",0) / INDIRECT("Z7S(-1)",0) -> 0.64052661 | AW10: 857184073 | AX10: 72531201 | AY10: =INDIRECT("ZS(-1)",0) * 'Correction factor'!$C$13 -> 1.1225757e+08 | AZ10: =INDIRECT("ZS(-1)",0) + INDIRECT("ZS(-3)",0) -> 9.6944165e+08 | BA10: =INDIRECT("ZS(-1)",0) / INDIRECT("Z7S(-1)",0) -> 0.72083822 | BB10: 767302381 | BC10: 63541502 | BD10: =INDIRECT("ZS(-1)",0) * 'Correction factor'!$C$13 -> 98344087 | BE10: =INDIRECT("ZS(-1)",0) + INDIRECT("ZS(-3)",0) -> 8.6564647e+08 | BF10: =INDIRECT("ZS(-1)",0) / INDIRECT("Z7S(-1)",0) -> 0.64821269 | BG10: 903991142 | BH10: 63065177 | BI10: =INDIRECT("ZS(-1)",0) * 'Correction factor'!$C$13 -> 97606872 | BJ10: =INDIRECT("ZS(-1)",0) + INDIRECT("ZS(-3)",0) -> 1.001598e+09 | BK10: =INDIRECT("ZS(-1)",0) / INDIRECT("Z7S(-1)",0) -> 0.70550609 | BL10: 788859732 | BM10: 65988133 | BN10: =INDIRECT("ZS(-1)",0) * 'Correction factor'!$C$13 -> 1.0213077e+08 | BO10: =INDIRECT("ZS(-1)",0) + INDIRECT("ZS(-3)",0) -> 8.909905e+08 | BP10: =INDIRECT("ZS(-1)",0) / INDIRECT("Z7S(-1)",0) -> 0.64769142 | BQ10: 909398518 | BR10: 64854258 | BS10: =INDIRECT("ZS(-1)",0) * 'Correction factor'!$C$13 -> 1.0037586e+08 | BT10: =INDIRECT("ZS(-1)",0) + INDIRECT("ZS(-3)",0) -> 1.0097744e+09 | BU10: =INDIRECT("ZS(-1)",0) / INDIRECT("Z7S(-1)",0) -> 0.74443097 | BV10: 740007437 | BW10: 65590789 | BX10: =INDIRECT("ZS(-1)",0) * 'Correction factor'!$C$13 -> 1.015158e+08 | BY10: =INDIRECT("ZS(-1)",0) + INDIRECT("ZS(-3)",0) -> 8.4152323e+08 | BZ10: =INDIRECT("ZS(-1)",0) / INDIRECT("Z7S(-1)",0) -> 0.62473783 | CA10: 909108879 | CB10: 67416274 | CC10: =INDIRECT("ZS(-1)",0) * 'Correction factor'!$C$13 -> 1.0434113e+08 | CD10: =INDIRECT("ZS(-1)",0) + INDIRECT("ZS(-3)",0) -> 1.01345e+09 | CE10: =INDIRECT("ZS(-1)",0) / INDIRECT("Z7S(-1)",0) -> 0.72687276 | CF10: 716588214 | CG10: 72006166 | CH10: =INDIRECT("ZS(-1)",0) * 'Correction factor'!$C$13 -> 1.1144497e+08 | CI10: =INDIRECT("ZS(-1)",0) + INDIRECT("ZS(-3)",0) -> 8.2803318e+08 | CJ10: =INDIRECT("ZS(-1)",0) / INDIRECT("Z7S(-1)",0) -> 0.56928805 | CK10: 810791409 | CL10: 66359317 | CM10: =INDIRECT("ZS(-1)",0) * 'Correction factor'!$C$13 -> 1.0270526e+08 | CN10: =INDIRECT("ZS(-1)",0) + INDIRECT("ZS(-3)",0) -> 9.1349667e+08 | CO10: =INDIRECT("ZS(-1)",0) / INDIRECT("Z7S(-1)",0) -> 0.69324843 | CP10: 955551872 | CQ10: 74941777 | CR10: =INDIRECT("ZS(-1)",0) * 'Correction factor'!$C$13 -> 1.1598845e+08 | CS10: =INDIRECT("ZS(-1)",0) + INDIRECT("ZS(-3)",0) -> 1.0715403e+09 | CT10: =INDIRECT("ZS(-1)",0) / INDIRECT("Z7S(-1)",0) -> 0.78753323 | CU10: 891650720 | CV10: 70493367 | CW10: =INDIRECT("ZS(-1)",0) * 'Correction factor'!$C$13 -> 1.0910359e+08 | CX10: =INDIRECT("ZS(-1)",0) + INDIRECT("ZS(-3)",0) -> 1.0007543e+09 | CY10: =INDIRECT("ZS(-1)",0) / INDIRECT("Z7S(-1)",0) -> 0.69949372 | CZ10: 758667937 | DA10: 70785686 | DB10: =INDIRECT("ZS(-1)",0) * 'Correction factor'!$C$13 -> 1.0955601e+08 | DC10: =INDIRECT("ZS(-1)",0) + INDIRECT("ZS(-3)",0) -> 8.6822395e+08 | DD10: =INDIRECT("ZS(-1)",0) / INDIRECT("Z7S(-1)",0) -> 0.61030011 | DE10: 934452595 | DF10: 71833688 | DG10: =INDIRECT("ZS(-1)",0) * 'Correction factor'!$C$13 -> 1.1117802e+08 | DH10: =INDIRECT("ZS(-1)",0) + INDIRECT("ZS(-3)",0) -> 1.0456306e+09 | DI10: =INDIRECT("ZS(-1)",0) / INDIRECT("Z7S(-1)",0) -> 0.76801529 | DJ10: 826202352 | DK10: 68268968 | DL10: =INDIRECT("ZS(-1)",0) * 'Correction factor'!$C$13 -> 1.0566085e+08 | DM10: =INDIRECT("ZS(-1)",0) + INDIRECT("ZS(-3)",0) -> 9.3186321e+08 | DN10: =INDIRECT("ZS(-1)",0) / INDIRECT("Z7S(-1)",0) -> 0.60554414 | DO10: 757670669 | DP10: 67362053 | DQ10: =INDIRECT("ZS(-1)",0) * 'Correction factor'!$C$13 -> 1.0425721e+08 | DR10: =INDIRECT("ZS(-1)",0) + INDIRECT("ZS(-3)",0) -> 8.6192788e+08 | DS10: =INDIRECT("ZS(-1)",0) / INDIRECT("Z7S(-1)",0) -> 0.60238131 | DT10: 822436349 | DU10: 67614972 | DV10: =INDIRECT("ZS(-1)",0) * 'Correction factor'!$C$13 -> 1.0464865e+08 | DW10: =INDIRECT("ZS(-1)",0) + INDIRECT("ZS(-3)",0) -> 9.27085e+08 | DX10: =INDIRECT("ZS(-1)",0) / INDIRECT("Z7S(-1)",0) -> 0.68952721 | DY10: 699767337 | DZ10: 63065060 | EA10: =INDIRECT("ZS(-1)",0) * 'Correction factor'!$C$13 -> 97606691 | EB10: =INDIRECT("ZS(-1)",0) + INDIRECT("ZS(-3)",0) -> 7.9737403e+08 | EC10: =INDIRECT("ZS(-1)",0) / INDIRECT("Z7S(-1)",0) -> 0.62343979 | ED10: 789806295 | EE10: 64763524 | EF10: =INDIRECT("ZS(-1)",0) * 'Correction factor'!$C$13 -> 1.0023543e+08 | EG10: =INDIRECT("ZS(-1)",0) + INDIRECT("ZS(-3)",0) -> 8.9004172e+08 | EH10: =INDIRECT("ZS(-1)",0) / INDIRECT("Z7S(-1)",0) -> 0.63405191 | EI10: 747114685 | EJ10: 63578175 | EK10: =INDIRECT("ZS(-1)",0) * 'Correction factor'!$C$13 -> 98400846 | EL10: =INDIRECT("ZS(-1)",0) + INDIRECT("ZS(-3)",0) -> 8.4551553e+08 | EM10: =INDIRECT("ZS(-1)",0) / INDIRECT("Z7S(-1)",0) -> 0.66396162 | EN10: 683225646 | EO10: 63273977 | EP10: =INDIRECT("ZS(-1)",0) * 'Correction factor'!$C$13 -> 97930035 | EQ10: =INDIRECT("ZS(-1)",0) + INDIRECT("ZS(-3)",0) -> 7.8115568e+08 | ER10: =INDIRECT("ZS(-1)",0) / INDIRECT("Z7S(-1)",0) -> 0.55149702 | ES10: 717713156 | ET10: 62398845 | EU10: =INDIRECT("ZS(-1)",0) * 'Correction factor'!$C$13 -> 96575580 | EV10: =INDIRECT("ZS(-1)",0) + INDIRECT("ZS(-3)",0) -> 8.1428874e+08 | EW10: =INDIRECT("ZS(-1)",0) / INDIRECT("Z7S(-1)",0) -> 0.56496711 | EX10: 751015889 | EY10: 65852628 | EZ10: =INDIRECT("ZS(-1)",0) * 'Correction factor'!$C$13 -> 1.0192105e+08 | FA10: =INDIRECT("ZS(-1)",0) + INDIRECT("ZS(-3)",0) -> 8.5293694e+08 | FB10: =INDIRECT("ZS(-1)",0) / INDIRECT("Z7S(-1)",0) -> 0.61846699 | FC10: 803392808 | FD10: 67258647 | FE10: =INDIRECT("ZS(-1)",0) * 'Correction factor'!$C$13 -> 1.0409717e+08 | FF10: =INDIRECT("ZS(-1)",0) + INDIRECT("ZS(-3)",0) -> 9.0748997e+08 | FG10: =INDIRECT("ZS(-1)",0) / INDIRECT("Z7S(-1)",0) -> 0.68930442 | FH10: 789015737 | FI10: 69561818 | FJ10: =INDIRECT("ZS(-1)",0) * 'Correction factor'!$C$13 -> 1.0766182e+08 | FK10: =INDIRECT("ZS(-1)",0) + INDIRECT("ZS(-3)",0) -> 8.9667755e+08 | FL10: =INDIRECT("ZS(-1)",0) / INDIRECT("Z7S(-1)",0) -> 0.65226352 | FM10: 861327490 | FN10: 63553402 | FO10: =INDIRECT("ZS(-1)",0) * 'Correction factor'!$C$13 -> 98362505 | FP10: =INDIRECT("ZS(-1)",0) + INDIRECT("ZS(-3)",0) -> 9.5968999e+08 | FQ10: =INDIRECT("ZS(-1)",0) / INDIRECT("Z7S(-1)",0) -> 0.69195882 | FR10: 731193344 | FS10: 66360293 | FT10: =INDIRECT("ZS(-1)",0) * 'Correction factor'!$C$13 -> 1.0270677e+08 | FU10: =INDIRECT("ZS(-1)",0) + INDIRECT("ZS(-3)",0) -> 8.3390011e+08 | FV10: =INDIRECT("ZS(-1)",0) / INDIRECT("Z7S(-1)",0) -> 0.57798064 | FW10: 805648533 | FX10: 66705377 | FY10: =INDIRECT("ZS(-1)",0) * 'Correction factor'!$C$13 -> 1.0324086e+08 | FZ10: =INDIRECT("ZS(-1)",0) + INDIRECT("ZS(-3)",0) -> 9.0888939e+08 | GA10: =INDIRECT("ZS(-1)",0) / INDIRECT("Z7S(-1)",0) -> 0.67898018 | GB10: 738173367 | GC10: 65448887 | GD10: =INDIRECT("ZS(-1)",0) * 'Correction factor'!$C$13 -> 1.0129617e+08 | GE10: =INDIRECT("ZS(-1)",0) + INDIRECT("ZS(-3)",0) -> 8.3946954e+08 | GF10: =INDIRECT("ZS(-1)",0) / INDIRECT("Z7S(-1)",0) -> 0.6147972 | GG10: 698019087 | GH10: 63858663 | GI10: =INDIRECT("ZS(-1)",0) * 'Correction factor'!$C$13 -> 98834962 | GJ10: =INDIRECT("ZS(-1)",0) + INDIRECT("ZS(-3)",0) -> 7.9685405e+08 | GK10: =INDIRECT("ZS(-1)",0) / INDIRECT("Z7S(-1)",0) -> 0.6072042 | GL10: 674560203 | GM10: 66397929 | GN10: =INDIRECT("ZS(-1)",0) * 'Correction factor'!$C$13 -> 1.0276502e+08 | GO10: =INDIRECT("ZS(-1)",0) + INDIRECT("ZS(-3)",0) -> 7.7732522e+08 | GP10: =INDIRECT("ZS(-1)",0) / INDIRECT("Z7S(-1)",0) -> 0.55856721 | GQ10: 771647154 | GR10: 67265436 | GS10: =INDIRECT("ZS(-1)",0) * 'Correction factor'!$C$13 -> 1.0410767e+08 | GT10: =INDIRECT("ZS(-1)",0) + INDIRECT("ZS(-3)",0) -> 8.7575483e+08 | GU10: =INDIRECT("ZS(-1)",0) / INDIRECT("Z7S(-1)",0) -> 0.67900367 | GV10: 679507023 | GW10: 67604163 | GX10: =INDIRECT("ZS(-1)",0) * 'Correction factor'!$C$13 -> 1.0463193e+08 | GY10: =INDIRECT("ZS(-1)",0) + INDIRECT("ZS(-3)",0) -> 7.8413895e+08 | GZ10: =INDIRECT("ZS(-1)",0) / INDIRECT("Z7S(-1)",0) -> 0.57468353 | HA10: 704510825 | HB10: 67014365 | HC10: =INDIRECT("ZS(-1)",0) * 'Correction factor'!$C$13 -> 1.0371909e+08 | HD10: =INDIRECT("ZS(-1)",0) + INDIRECT("ZS(-3)",0) -> 8.0822991e+08 | HE10: =INDIRECT("ZS(-1)",0) / INDIRECT("Z7S(-1)",0) -> 0.60757371 | HF10: 670829011 | HG10: 65845779 | HH10: =INDIRECT("ZS(-1)",0) * 'Correction factor'!$C$13 -> 1.0191045e+08 | HI10: =INDIRECT("ZS(-1)",0) + INDIRECT("ZS(-3)",0) -> 7.7273946e+08 | HJ10: =INDIRECT("ZS(-1)",0) / INDIRECT("Z7S(-1)",0) -> 0.55835017 | HK10: 735281710 | HL10: 65118531 | HM10: =INDIRECT("ZS(-1)",0) * 'Correction factor'!$C$13 -> 1.0078488e+08 | HN10: =INDIRECT("ZS(-1)",0) + INDIRECT("ZS(-3)",0) -> 8.3606659e+08 | HO10: =INDIRECT("ZS(-1)",0) / INDIRECT("Z7S(-1)",0) -> 0.6185974 | HP10: 819618944 | HQ10: 66052591 | HR10: =INDIRECT("ZS(-1)",0) * 'Correction factor'!$C$13 -> 1.0223054e+08 | HS10: =INDIRECT("ZS(-1)",0) + INDIRECT("ZS(-3)",0) -> 9.2184948e+08 | HT10: =INDIRECT("ZS(-1)",0) / INDIRECT("Z7S(-1)",0) -> 0.69489808 | HU10: 815112233 | HV10: 65509586 | HW10: =INDIRECT("ZS(-1)",0) * 'Correction factor'!$C$13 -> 1.0139012e+08 | HX10: =INDIRECT("ZS(-1)",0) + INDIRECT("ZS(-3)",0) -> 9.1650235e+08 | HY10: =INDIRECT("ZS(-1)",0) / INDIRECT("Z7S(-1)",0) -> 0.62419768 | HZ10: 762051074 | IA10: 66176859 | IB10: =INDIRECT("ZS(-1)",0) * 'Correction factor'!$C$13 -> 1.0242287e+08 | IC10: =INDIRECT("ZS(-1)",0) + INDIRECT("ZS(-3)",0) -> 8.6447394e+08 | ID10: =INDIRECT("ZS(-1)",0) / INDIRECT("Z7S(-1)",0) -> 0.66936701 | IE10: 678844608 | IF10: 64007654 | IG10: =INDIRECT("ZS(-1)",0) * 'Correction factor'!$C$13 -> 99065557 | IH10: =INDIRECT("ZS(-1)",0) + INDIRECT("ZS(-3)",0) -> 7.7791017e+08 | II10: =INDIRECT("ZS(-1)",0) / INDIRECT("Z7S(-1)",0) -> 0.55797863 | IJ10: 745437589 | IK10: 65005104 | IL10: =INDIRECT("ZS(-1)",0) * 'Correction factor'!$C$13 -> 1.0060932e+08 | IM10: =INDIRECT("ZS(-1)",0) + INDIRECT("ZS(-3)",0) -> 8.4604691e+08 | IN10: =INDIRECT("ZS(-1)",0) / INDIRECT("Z7S(-1)",0) -> 0.63355833 | IO10: 730469107 | IP10: 66651837 | IQ10: =INDIRECT("ZS(-1)",0) * 'Correction factor'!$C$13 -> 1.03158e+08 | IR10: =INDIRECT("ZS(-1)",0) + INDIRECT("ZS(-3)",0) -> 8.336271e+08 | IS10: =INDIRECT("ZS(-1)",0) / INDIRECT("Z7S(-1)",0) -> 0.62197635 | IT10: 745423524 | IU10: 65325051 | IV10: =INDIRECT("ZS(-1)",0) * 'Correction factor'!$C$13 -> 1.0110451e+08 | IW10: =INDIRECT("ZS(-1)",0) + INDIRECT("ZS(-3)",0) -> 8.4652804e+08 | IX10: =INDIRECT("ZS(-1)",0) / INDIRECT("Z7S(-1)",0) -> 0.66084007 | IY10: 724511539 | IZ10: 65728610 | JA10: =INDIRECT("ZS(-1)",0) * 'Correction factor'!$C$13 -> 1.0172911e+08 | JB10: =INDIRECT("ZS(-1)",0) + INDIRECT("ZS(-3)",0) -> 8.2624064e+08 | JC10: =INDIRECT("ZS(-1)",0) / INDIRECT("Z7S(-1)",0) -> 0.61791765 | JD10: 916492153 | JE10: 63795675 | JF10: =INDIRECT("ZS(-1)",0) * 'Correction factor'!$C$13 -> 98737474 | JG10: =INDIRECT("ZS(-1)",0) + INDIRECT("ZS(-3)",0) -> 1.0152296e+09 | JH10: =INDIRECT("ZS(-1)",0) / INDIRECT("Z7S(-1)",0) -> 0.72284871 | JI10: 665112719 | JJ10: 63439516 | JK10: =INDIRECT("ZS(-1)",0) * 'Correction factor'!$C$13 -> 98186242 | JL10: =INDIRECT("ZS(-1)",0) + INDIRECT("ZS(-3)",0) -> 7.6329896e+08 | JM10: =INDIRECT("ZS(-1)",0) / INDIRECT("Z7S(-1)",0) -> 0.59459457 | JN10: 801327950 | JO10: 66369814 | JP10: =INDIRECT("ZS(-1)",0) * 'Correction factor'!$C$13 -> 1.0272151e+08 | JQ10: =INDIRECT("ZS(-1)",0) + INDIRECT("ZS(-3)",0) -> 9.0404946e+08 | JR10: =INDIRECT("ZS(-1)",0) / INDIRECT("Z7S(-1)",0) -> 0.68707643 | JS10: 879991703 | JT10: 67073621 | JU10: =INDIRECT("ZS(-1)",0) * 'Correction factor'!$C$13 -> 1.038108e+08 | JV10: =INDIRECT("ZS(-1)",0) + INDIRECT("ZS(-3)",0) -> 9.838025e+08 | JW10: =INDIRECT("ZS(-1)",0) / INDIRECT("Z7S(-1)",0) -> 0.74834038 | JX10: 836809076 | JY10: 66703511 | JZ10: =INDIRECT("ZS(-1)",0) * 'Correction factor'!$C$13 -> 1.0323797e+08 | KA10: =INDIRECT("ZS(-1)",0) + INDIRECT("ZS(-3)",0) -> 9.4004705e+08 | KB10: =INDIRECT("ZS(-1)",0) / INDIRECT("Z7S(-1)",0) -> 0.64398341 | KC10: 668321417 | KD10: 63816318 | KE10: =INDIRECT("ZS(-1)",0) * 'Correction factor'!$C$13 -> 98769424 | KF10: =INDIRECT("ZS(-1)",0) + INDIRECT("ZS(-3)",0) -> 7.6709084e+08 | KG10: =INDIRECT("ZS(-1)",0) / INDIRECT("Z7S(-1)",0) -> 0.55418003 | KH10: 687035425 | KI10: 62126590 | KJ10: =INDIRECT("ZS(-1)",0) * 'Correction factor'!$C$13 -> 96154207 | KK10: =INDIRECT("ZS(-1)",0) + INDIRECT("ZS(-3)",0) -> 7.8318963e+08 | KL10: =INDIRECT("ZS(-1)",0) / INDIRECT("Z7S(-1)",0) -> 0.5563971 | KM10: 806271017 | KN10: 65037110 | KO10: =INDIRECT("ZS(-1)",0) * 'Correction factor'!$C$13 -> 1.0065886e+08 | KP10: =INDIRECT("ZS(-1)",0) + INDIRECT("ZS(-3)",0) -> 9.0692988e+08 | KQ10: =INDIRECT("ZS(-1)",0) / INDIRECT("Z7S(-1)",0) -> 0.70768653 | KR10: 697301418 | KS10: 64746680 | KT10: =INDIRECT("ZS(-1)",0) * 'Correction factor'!$C$13 -> 1.0020936e+08 | KU10: =INDIRECT("ZS(-1)",0) + INDIRECT("ZS(-3)",0) -> 7.9751078e+08 | KV10: =INDIRECT("ZS(-1)",0) / INDIRECT("Z7S(-1)",0) -> 0.55469231 | KW10: 772632925 | KX10: 62633036 | KY10: =INDIRECT("ZS(-1)",0) * 'Correction factor'!$C$13 -> 96938041 | KZ10: =INDIRECT("ZS(-1)",0) + INDIRECT("ZS(-3)",0) -> 8.6957097e+08 | LA10: =INDIRECT("ZS(-1)",0) / INDIRECT("Z7S(-1)",0) -> 0.60401741 | LB10: 799436957 | LC10: 65708489 | LD10: =INDIRECT("ZS(-1)",0) * 'Correction factor'!$C$13 -> 1.0169796e+08 | LE10: =INDIRECT("ZS(-1)",0) + INDIRECT("ZS(-3)",0) -> 9.0113492e+08 | LF10: =INDIRECT("ZS(-1)",0) / INDIRECT("Z7S(-1)",0) -> 0.675693 | LG10: 842846257 | LH10: 65683037 | LI10: =INDIRECT("ZS(-1)",0) * 'Correction factor'!$C$13 -> 1.0165857e+08 | LJ10: =INDIRECT("ZS(-1)",0) + INDIRECT("ZS(-3)",0) -> 9.4450483e+08 | LK10: =INDIRECT("ZS(-1)",0) / INDIRECT("Z7S(-1)",0) -> 0.74141914 | LL10: 674987330 | LM10: 63915380 | LN10: =INDIRECT("ZS(-1)",0) * 'Correction factor'!$C$13 -> 98922743 | LO10: =INDIRECT("ZS(-1)",0) + INDIRECT("ZS(-3)",0) -> 7.7391007e+08 | LP10: =INDIRECT("ZS(-1)",0) / INDIRECT("Z7S(-1)",0) -> 0.55187063 | LQ10: 753234598 | LR10: 65191266 | LS10: =INDIRECT("ZS(-1)",0) * 'Correction factor'!$C$13 -> 1.0089745e+08 | LT10: =INDIRECT("ZS(-1)",0) + INDIRECT("ZS(-3)",0) -> 8.5413205e+08 | LU10: =INDIRECT("ZS(-1)",0) / INDIRECT("Z7S(-1)",0) -> 0.60413559 | LV10: 867057130 | LW10: 66042342 | LX10: =INDIRECT("ZS(-1)",0) * 'Correction factor'!$C$13 -> 1.0221467e+08 | LY10: =INDIRECT("ZS(-1)",0) + INDIRECT("ZS(-3)",0) -> 9.692718e+08 | LZ10: =INDIRECT("ZS(-1)",0) / INDIRECT("Z7S(-1)",0) -> 0.70251815 | MA10: 784074032 | MB10: 65888832 | MC10: =INDIRECT("ZS(-1)",0) * 'Correction factor'!$C$13 -> 1.0197708e+08 | MD10: =INDIRECT("ZS(-1)",0) + INDIRECT("ZS(-3)",0) -> 8.8605111e+08 | ME10: =INDIRECT("ZS(-1)",0) / INDIRECT("Z7S(-1)",0) -> 0.62867166 | MF10: 868464866 | MG10: 65099140 | MH10: =INDIRECT("ZS(-1)",0) * 'Correction factor'!$C$13 -> 1.0075487e+08 | MI10: =INDIRECT("ZS(-1)",0) + INDIRECT("ZS(-3)",0) -> 9.6921973e+08 | MJ10: =INDIRECT("ZS(-1)",0) / INDIRECT("Z7S(-1)",0) -> 0.6424603 | MK10: 743859296 | ML10: 63622398 | MM10: =INDIRECT("ZS(-1)",0) * 'Correction factor'!$C$13 -> 98469291 | MN10: =INDIRECT("ZS(-1)",0) + INDIRECT("ZS(-3)",0) -> 8.4232859e+08 | MO10: =INDIRECT("ZS(-1)",0) / INDIRECT("Z7S(-1)",0) -> 0.65579602 | MP10: 743661538 | MQ10: 71354629 | MR10: =INDIRECT("ZS(-1)",0) * 'Correction factor'!$C$13 -> 1.1043657e+08 | MS10: =INDIRECT("ZS(-1)",0) + INDIRECT("ZS(-3)",0) -> 8.5409811e+08 | MT10: =INDIRECT("ZS(-1)",0) / INDIRECT("Z7S(-1)",0) -> 0.62461887 | MU10: 804663667 | MV10: 63716193 | MW10: =INDIRECT("ZS(-1)",0) * 'Correction factor'!$C$13 -> 98614459 | MX10: =INDIRECT("ZS(-1)",0) + INDIRECT("ZS(-3)",0) -> 9.0327813e+08 | MY10: =INDIRECT("ZS(-1)",0) / INDIRECT("Z7S(-1)",0) -> 0.6548781 | MZ10: 723817524 | NA10: 65092296 | NB10: =INDIRECT("ZS(-1)",0) * 'Correction factor'!$C$13 -> 1.0074427e+08 | NC10: =INDIRECT("ZS(-1)",0) + INDIRECT("ZS(-3)",0) -> 8.245618e+08 | ND10: =INDIRECT("ZS(-1)",0) / INDIRECT("Z7S(-1)",0) -> 0.58886384 | NE10: 652988140 | NF10: 65914693 | NG10: =INDIRECT("ZS(-1)",0) * 'Correction factor'!$C$13 -> 1.0201711e+08 | NH10: =INDIRECT("ZS(-1)",0) + INDIRECT("ZS(-3)",0) -> 7.5500525e+08 | NI10: =INDIRECT("ZS(-1)",0) / INDIRECT("Z7S(-1)",0) -> 0.58783408 | NJ10: 817781431 | NK10: 62160370 | NL10: =INDIRECT("ZS(-1)",0) * 'Correction factor'!$C$13 -> 96206489 | NM10: =INDIRECT("ZS(-1)",0) + INDIRECT("ZS(-3)",0) -> 9.1398792e+08 | NN10: =INDIRECT("ZS(-1)",0) / INDIRECT("Z7S(-1)",0) -> 0.63131228 | NO10: 818817197 | NP10: 67145046 | NQ10: =INDIRECT("ZS(-1)",0) * 'Correction factor'!$C$13 -> 1.0392134e+08 | NR10: =INDIRECT("ZS(-1)",0) + INDIRECT("ZS(-3)",0) -> 9.2273854e+08 | NS10: =INDIRECT("ZS(-1)",0) / INDIRECT("Z7S(-1)",0) -> 0.6529259 | NT10: 751957475 | NU10: 64545593 | NV10: =INDIRECT("ZS(-1)",0) * 'Correction factor'!$C$13 -> 99898133 | NW10: =INDIRECT("ZS(-1)",0) + INDIRECT("ZS(-3)",0) -> 8.5185561e+08 | NX10: =INDIRECT("ZS(-1)",0) / INDIRECT("Z7S(-1)",0) -> 0.63500846 | NY10: 737813836 | NZ10: 63437251 | OA10: =INDIRECT("ZS(-1)",0) * 'Correction factor'!$C$13 -> 98182736 | OB10: =INDIRECT("ZS(-1)",0) + INDIRECT("ZS(-3)",0) -> 8.3599657e+08 | OC10: =INDIRECT("ZS(-1)",0) / INDIRECT("Z7S(-1)",0) -> 0.59546455 | OD10: 707263625 | OE10: 69901501 | OF10: =INDIRECT("ZS(-1)",0) * 'Correction factor'!$C$13 -> 1.0818755e+08 | OG10: =INDIRECT("ZS(-1)",0) + INDIRECT("ZS(-3)",0) -> 8.1545117e+08 | OH10: =INDIRECT("ZS(-1)",0) / INDIRECT("Z7S(-1)",0) -> 0.51589095 | OI10: 885971224 | OJ10: 63606457 | OK10: =INDIRECT("ZS(-1)",0) * 'Correction factor'!$C$13 -> 98444619 | OL10: =INDIRECT("ZS(-1)",0) + INDIRECT("ZS(-3)",0) -> 9.8441584e+08 | OM10: =INDIRECT("ZS(-1)",0) / INDIRECT("Z7S(-1)",0) -> 0.67980491 | ON10: 897830591 | OO10: 62948807 | OP10: =INDIRECT("ZS(-1)",0) * 'Correction factor'!$C$13 -> 97426764 | OQ10: =INDIRECT("ZS(-1)",0) + INDIRECT("ZS(-3)",0) -> 9.9525736e+08 | OR10: =INDIRECT("ZS(-1)",0) / INDIRECT("Z7S(-1)",0) -> 0.69429237 | OS10: 788895727 | OT10: 68227129 | OU10: =INDIRECT("ZS(-1)",0) * 'Correction factor'!$C$13 -> 1.055961e+08 | OV10: =INDIRECT("ZS(-1)",0) + INDIRECT("ZS(-3)",0) -> 8.9449183e+08 | OW10: =INDIRECT("ZS(-1)",0) / INDIRECT("Z7S(-1)",0) -> 0.60991457 | OX10: 1053483223 | OY10: 63076846 | OZ10: =INDIRECT("ZS(-1)",0) * 'Correction factor'!$C$13 -> 97624932 | PA10: =INDIRECT("ZS(-1)",0) + INDIRECT("ZS(-3)",0) -> 1.1511082e+09 | PB10: =INDIRECT("ZS(-1)",0) / INDIRECT("Z7S(-1)",0) -> 0.74617151 | PC10: 796406066 | PD10: 69187411 | PE10: =INDIRECT("ZS(-1)",0) * 'Correction factor'!$C$13 -> 1.0708234e+08 | PF10: =INDIRECT("ZS(-1)",0) + INDIRECT("ZS(-3)",0) -> 9.0348841e+08 | PG10: =INDIRECT("ZS(-1)",0) / INDIRECT("Z7S(-1)",0) -> 0.62157492 | PH10: 413141099 | PI10: 1797963348 | PJ10: =INDIRECT("ZS(-1)",0) * 'Correction factor'!$C$13 -> 2.7827335e+09 | PK10: =INDIRECT("ZS(-1)",0) + INDIRECT("ZS(-3)",0) -> 3.1958746e+09 | PL10: =INDIRECT("ZS(-1)",0) / INDIRECT("Z7S(-1)",0) -> 1.9595151 | PM10: 394714792 | PN10: 1455084782 | PO10: =INDIRECT("ZS(-1)",0) * 'Correction factor'!$C$13 -> 2.2520554e+09 | PP10: =INDIRECT("ZS(-1)",0) + INDIRECT("ZS(-3)",0) -> 2.6467702e+09 | PQ10: =INDIRECT("ZS(-1)",0) / INDIRECT("Z7S(-1)",0) -> 1.6917359 | PR10: 402396155 | PS10: 1602355795 | PT10: =INDIRECT("ZS(-1)",0) * 'Correction factor'!$C$13 -> 2.4799889e+09 | PU10: =INDIRECT("ZS(-1)",0) + INDIRECT("ZS(-3)",0) -> 2.882385e+09 | PV10: =INDIRECT("ZS(-1)",0) / INDIRECT("Z7S(-1)",0) -> 1.8389001 | PW10: 388248753 | PX10: 1447619538 | PY10: =INDIRECT("ZS(-1)",0) * 'Correction factor'!$C$13 -> 2.2405014e+09 | PZ10: =INDIRECT("ZS(-1)",0) + INDIRECT("ZS(-3)",0) -> 2.6287501e+09 | QA10: =INDIRECT("ZS(-1)",0) / INDIRECT("Z7S(-1)",0) -> 1.7072779 | QB10: 338490589 | QC10: 1025112781 | QD10: =INDIRECT("ZS(-1)",0) * 'Correction factor'!$C$13 -> 1.5865816e+09 | QE10: =INDIRECT("ZS(-1)",0) + INDIRECT("ZS(-3)",0) -> 1.9250722e+09 | QF10: =INDIRECT("ZS(-1)",0) / INDIRECT("Z7S(-1)",0) -> 1.6203689 | QG10: 370793107 | QH10: 1287029431 | QI10: =INDIRECT("ZS(-1)",0) * 'Correction factor'!$C$13 -> 1.9919538e+09 | QJ10: =INDIRECT("ZS(-1)",0) + INDIRECT("ZS(-3)",0) -> 2.3627469e+09 | QK10: =INDIRECT("ZS(-1)",0) / INDIRECT("Z7S(-1)",0) -> 1.6967587 | QL10: 419428369 | QM10: 1623569293 | QN10: =INDIRECT("ZS(-1)",0) * 'Correction factor'!$C$13 -> 2.5128213e+09 | QO10: =INDIRECT("ZS(-1)",0) + INDIRECT("ZS(-3)",0) -> 2.9322497e+09 | QP10: =INDIRECT("ZS(-1)",0) / INDIRECT("Z7S(-1)",0) -> 1.849942 | QQ10: 384524473 | QR10: 1446056355 | QS10: =INDIRECT("ZS(-1)",0) * 'Correction factor'!$C$13 -> 2.238082e+09 | QT10: =INDIRECT("ZS(-1)",0) + INDIRECT("ZS(-3)",0) -> 2.6226065e+09 | QU10: =INDIRECT("ZS(-1)",0) / INDIRECT("Z7S(-1)",0) -> 1.7244851 | QV10: 390855963 | QW10: 1332717416 | QX10: =INDIRECT("ZS(-1)",0) * 'Correction factor'!$C$13 -> 2.0626657e+09 | QY10: =INDIRECT("ZS(-1)",0) + INDIRECT("ZS(-3)",0) -> 2.4535217e+09 | QZ10: =INDIRECT("ZS(-1)",0) / INDIRECT("Z7S(-1)",0) -> 1.5260707 | RA10: 388597900 | RB10: 1409476824 | RC10: =INDIRECT("ZS(-1)",0) * 'Correction factor'!$C$13 -> 2.1814673e+09 | RD10: =INDIRECT("ZS(-1)",0) + INDIRECT("ZS(-3)",0) -> 2.5700652e+09 | RE10: =INDIRECT("ZS(-1)",0) / INDIRECT("Z7S(-1)",0) -> 1.7249189 | RF10: 405183453 | RG10: 1514341680 | RH10: =INDIRECT("ZS(-1)",0) * 'Correction factor'!$C$13 -> 2.3437682e+09 | RI10: =INDIRECT("ZS(-1)",0) + INDIRECT("ZS(-3)",0) -> 2.7489516e+09 | RJ10: =INDIRECT("ZS(-1)",0) / INDIRECT("Z7S(-1)",0) -> 1.7642143 | RK10: 175135274 | RL10: 88290899 | RM10: =INDIRECT("ZS(-1)",0) * 'Correction factor'!$C$13 -> 1.3664908e+08 | RN10: =INDIRECT("ZS(-1)",0) + INDIRECT("ZS(-3)",0) -> 3.1178435e+08 | RO10: =INDIRECT("ZS(-1)",0) / INDIRECT("Z7S(-1)",0) -> 0.21601137
A11: 4 | B11: 45473 | C11: Sunday | D11: 1990403536 | E11: 65502190 | F11: =INDIRECT("ZS(-1)",0) * 'Correction factor'!$C$13 -> 1.0137867e+08 | G11: =INDIRECT("ZS(-1)",0) + INDIRECT("ZS(-3)",0) -> 2.0917822e+09 | H11: =INDIRECT("ZS(-1)",0) / INDIRECT("Z7S(-1)",0) -> 1.3993042 | I11: 2168143846 | J11: 65539573 | K11: =INDIRECT("ZS(-1)",0) * 'Correction factor'!$C$13 -> 1.0143653e+08 | L11: =INDIRECT("ZS(-1)",0) + INDIRECT("ZS(-3)",0) -> 2.2695804e+09 | M11: =INDIRECT("ZS(-1)",0) / INDIRECT("Z7S(-1)",0) -> 1.650227 | N11: 2226599740 | O11: 66743505 | P11: =INDIRECT("ZS(-1)",0) * 'Correction factor'!$C$13 -> 1.0329987e+08 | Q11: =INDIRECT("ZS(-1)",0) + INDIRECT("ZS(-3)",0) -> 2.3298996e+09 | R11: =INDIRECT("ZS(-1)",0) / INDIRECT("Z7S(-1)",0) -> 1.6283822 | S11: 2183411967 | T11: 71356588 | U11: =INDIRECT("ZS(-1)",0) * 'Correction factor'!$C$13 -> 1.1043961e+08 | V11: =INDIRECT("ZS(-1)",0) + INDIRECT("ZS(-3)",0) -> 2.2938516e+09 | W11: =INDIRECT("ZS(-1)",0) / INDIRECT("Z7S(-1)",0) -> 1.6445853 | X11: 2167232562 | Y11: 71351913 | Z11: =INDIRECT("ZS(-1)",0) * 'Correction factor'!$C$13 -> 1.1043237e+08 | AA11: =INDIRECT("ZS(-1)",0) + INDIRECT("ZS(-3)",0) -> 2.2776649e+09 | AB11: =INDIRECT("ZS(-1)",0) / INDIRECT("Z7S(-1)",0) -> 1.5630512 | AC11: 2101733317 | AD11: 68509078 | AE11: =INDIRECT("ZS(-1)",0) * 'Correction factor'!$C$13 -> 1.0603248e+08 | AF11: =INDIRECT("ZS(-1)",0) + INDIRECT("ZS(-3)",0) -> 2.2077658e+09 | AG11: =INDIRECT("ZS(-1)",0) / INDIRECT("Z7S(-1)",0) -> 1.5010525 | AH11: 575279037 | AI11: 66400333 | AJ11: =INDIRECT("ZS(-1)",0) * 'Correction factor'!$C$13 -> 1.0276874e+08 | AK11: =INDIRECT("ZS(-1)",0) + INDIRECT("ZS(-3)",0) -> 6.7804778e+08 | AL11: =INDIRECT("ZS(-1)",0) / INDIRECT("Z7S(-1)",0) -> 0.50552316 | AM11: 613620594 | AN11: 67166906 | AO11: =INDIRECT("ZS(-1)",0) * 'Correction factor'!$C$13 -> 1.0395518e+08 | AP11: =INDIRECT("ZS(-1)",0) + INDIRECT("ZS(-3)",0) -> 7.1757577e+08 | AQ11: =INDIRECT("ZS(-1)",0) / INDIRECT("Z7S(-1)",0) -> 0.50180865 | AR11: 699992876 | AS11: 69052307 | AT11: =INDIRECT("ZS(-1)",0) * 'Correction factor'!$C$13 -> 1.0687324e+08 | AU11: =INDIRECT("ZS(-1)",0) + INDIRECT("ZS(-3)",0) -> 8.0686611e+08 | AV11: =INDIRECT("ZS(-1)",0) / INDIRECT("Z7S(-1)",0) -> 0.54029705 | AW11: 720543105 | AX11: 76117735 | AY11: =INDIRECT("ZS(-1)",0) * 'Correction factor'!$C$13 -> 1.178085e+08 | AZ11: =INDIRECT("ZS(-1)",0) + INDIRECT("ZS(-3)",0) -> 8.3835161e+08 | BA11: =INDIRECT("ZS(-1)",0) / INDIRECT("Z7S(-1)",0) -> 0.62336489 | BB11: 628887050 | BC11: 65654028 | BD11: =INDIRECT("ZS(-1)",0) * 'Correction factor'!$C$13 -> 1.0161367e+08 | BE11: =INDIRECT("ZS(-1)",0) + INDIRECT("ZS(-3)",0) -> 7.3050072e+08 | BF11: =INDIRECT("ZS(-1)",0) / INDIRECT("Z7S(-1)",0) -> 0.54701297 | BG11: 771765461 | BH11: 65553824 | BI11: =INDIRECT("ZS(-1)",0) * 'Correction factor'!$C$13 -> 1.0145859e+08 | BJ11: =INDIRECT("ZS(-1)",0) + INDIRECT("ZS(-3)",0) -> 8.7322405e+08 | BK11: =INDIRECT("ZS(-1)",0) / INDIRECT("Z7S(-1)",0) -> 0.61508197 | BL11: 730325154 | BM11: 67410288 | BN11: =INDIRECT("ZS(-1)",0) * 'Correction factor'!$C$13 -> 1.0433186e+08 | BO11: =INDIRECT("ZS(-1)",0) + INDIRECT("ZS(-3)",0) -> 8.3465702e+08 | BP11: =INDIRECT("ZS(-1)",0) / INDIRECT("Z7S(-1)",0) -> 0.60674068 | BQ11: 870806906 | BR11: 66442098 | BS11: =INDIRECT("ZS(-1)",0) * 'Correction factor'!$C$13 -> 1.0283338e+08 | BT11: =INDIRECT("ZS(-1)",0) + INDIRECT("ZS(-3)",0) -> 9.7364029e+08 | BU11: =INDIRECT("ZS(-1)",0) / INDIRECT("Z7S(-1)",0) -> 0.71779202 | BV11: 690086232 | BW11: 68268621 | BX11: =INDIRECT("ZS(-1)",0) * 'Correction factor'!$C$13 -> 1.0566032e+08 | BY11: =INDIRECT("ZS(-1)",0) + INDIRECT("ZS(-3)",0) -> 7.9574655e+08 | BZ11: =INDIRECT("ZS(-1)",0) / INDIRECT("Z7S(-1)",0) -> 0.59075371 | CA11: 887504679 | CB11: 69806280 | CC11: =INDIRECT("ZS(-1)",0) * 'Correction factor'!$C$13 -> 1.0804017e+08 | CD11: =INDIRECT("ZS(-1)",0) + INDIRECT("ZS(-3)",0) -> 9.9554485e+08 | CE11: =INDIRECT("ZS(-1)",0) / INDIRECT("Z7S(-1)",0) -> 0.71403071 | CF11: 627149455 | CG11: 73670804 | CH11: =INDIRECT("ZS(-1)",0) * 'Correction factor'!$C$13 -> 1.1402135e+08 | CI11: =INDIRECT("ZS(-1)",0) + INDIRECT("ZS(-3)",0) -> 7.4117081e+08 | CJ11: =INDIRECT("ZS(-1)",0) / INDIRECT("Z7S(-1)",0) -> 0.50956857 | CK11: 767671175 | CL11: 67020157 | CM11: =INDIRECT("ZS(-1)",0) * 'Correction factor'!$C$13 -> 1.0372805e+08 | CN11: =INDIRECT("ZS(-1)",0) + INDIRECT("ZS(-3)",0) -> 8.7139923e+08 | CO11: =INDIRECT("ZS(-1)",0) / INDIRECT("Z7S(-1)",0) -> 0.66130087 | CP11: 918161139 | CQ11: 79357635 | CR11: =INDIRECT("ZS(-1)",0) * 'Correction factor'!$C$13 -> 1.2282294e+08 | CS11: =INDIRECT("ZS(-1)",0) + INDIRECT("ZS(-3)",0) -> 1.0409841e+09 | CT11: =INDIRECT("ZS(-1)",0) / INDIRECT("Z7S(-1)",0) -> 0.76507579 | CU11: 796001708 | CV11: 72621034 | CW11: =INDIRECT("ZS(-1)",0) * 'Correction factor'!$C$13 -> 1.1239661e+08 | CX11: =INDIRECT("ZS(-1)",0) + INDIRECT("ZS(-3)",0) -> 9.0839832e+08 | CY11: =INDIRECT("ZS(-1)",0) / INDIRECT("Z7S(-1)",0) -> 0.63493997 | CZ11: 670280626 | DA11: 71746246 | DB11: =INDIRECT("ZS(-1)",0) * 'Correction factor'!$C$13 -> 1.1104269e+08 | DC11: =INDIRECT("ZS(-1)",0) + INDIRECT("ZS(-3)",0) -> 7.8132331e+08 | DD11: =INDIRECT("ZS(-1)",0) / INDIRECT("Z7S(-1)",0) -> 0.5492151 | DE11: 926497381 | DF11: 73762582 | DG11: =INDIRECT("ZS(-1)",0) * 'Correction factor'!$C$13 -> 1.141634e+08 | DH11: =INDIRECT("ZS(-1)",0) + INDIRECT("ZS(-3)",0) -> 1.0406608e+09 | DI11: =INDIRECT("ZS(-1)",0) / INDIRECT("Z7S(-1)",0) -> 0.76436494 | DJ11: 777101906 | DK11: 68897756 | DL11: =INDIRECT("ZS(-1)",0) * 'Correction factor'!$C$13 -> 1.0663404e+08 | DM11: =INDIRECT("ZS(-1)",0) + INDIRECT("ZS(-3)",0) -> 8.8373594e+08 | DN11: =INDIRECT("ZS(-1)",0) / INDIRECT("Z7S(-1)",0) -> 0.57427004 | DO11: 697832177 | DP11: 72750427 | DQ11: =INDIRECT("ZS(-1)",0) * 'Correction factor'!$C$13 -> 1.1259687e+08 | DR11: =INDIRECT("ZS(-1)",0) + INDIRECT("ZS(-3)",0) -> 8.1042905e+08 | DS11: =INDIRECT("ZS(-1)",0) / INDIRECT("Z7S(-1)",0) -> 0.56638998 | DT11: 801020308 | DU11: 71566255 | DV11: =INDIRECT("ZS(-1)",0) * 'Correction factor'!$C$13 -> 1.1076411e+08 | DW11: =INDIRECT("ZS(-1)",0) + INDIRECT("ZS(-3)",0) -> 9.1178442e+08 | DX11: =INDIRECT("ZS(-1)",0) / INDIRECT("Z7S(-1)",0) -> 0.67814727 | DY11: 669887443 | DZ11: 63577902 | EA11: =INDIRECT("ZS(-1)",0) * 'Correction factor'!$C$13 -> 98400424 | EB11: =INDIRECT("ZS(-1)",0) + INDIRECT("ZS(-3)",0) -> 7.6828787e+08 | EC11: =INDIRECT("ZS(-1)",0) / INDIRECT("Z7S(-1)",0) -> 0.6006983 | ED11: 726596888 | EE11: 65723575 | EF11: =INDIRECT("ZS(-1)",0) * 'Correction factor'!$C$13 -> 1.0172131e+08 | EG11: =INDIRECT("ZS(-1)",0) + INDIRECT("ZS(-3)",0) -> 8.283182e+08 | EH11: =INDIRECT("ZS(-1)",0) / INDIRECT("Z7S(-1)",0) -> 0.59008103 | EI11: 663561311 | EJ11: 64112548 | EK11: =INDIRECT("ZS(-1)",0) * 'Correction factor'!$C$13 -> 99227903 | EL11: =INDIRECT("ZS(-1)",0) + INDIRECT("ZS(-3)",0) -> 7.6278921e+08 | EM11: =INDIRECT("ZS(-1)",0) / INDIRECT("Z7S(-1)",0) -> 0.59899877 | EN11: 609827745 | EO11: 63770709 | EP11: =INDIRECT("ZS(-1)",0) * 'Correction factor'!$C$13 -> 98698834 | EQ11: =INDIRECT("ZS(-1)",0) + INDIRECT("ZS(-3)",0) -> 7.0852658e+08 | ER11: =INDIRECT("ZS(-1)",0) / INDIRECT("Z7S(-1)",0) -> 0.50022077 | ES11: 640833229 | ET11: 63232888 | EU11: =INDIRECT("ZS(-1)",0) * 'Correction factor'!$C$13 -> 97866441 | EV11: =INDIRECT("ZS(-1)",0) + INDIRECT("ZS(-3)",0) -> 7.3869967e+08 | EW11: =INDIRECT("ZS(-1)",0) / INDIRECT("Z7S(-1)",0) -> 0.51252216 | EX11: 682724457 | EY11: 67608935 | EZ11: =INDIRECT("ZS(-1)",0) * 'Correction factor'!$C$13 -> 1.0463931e+08 | FA11: =INDIRECT("ZS(-1)",0) + INDIRECT("ZS(-3)",0) -> 7.8736377e+08 | FB11: =INDIRECT("ZS(-1)",0) / INDIRECT("Z7S(-1)",0) -> 0.57091969 | FC11: 764039421 | FD11: 68513351 | FE11: =INDIRECT("ZS(-1)",0) * 'Correction factor'!$C$13 -> 1.0603909e+08 | FF11: =INDIRECT("ZS(-1)",0) + INDIRECT("ZS(-3)",0) -> 8.7007851e+08 | FG11: =INDIRECT("ZS(-1)",0) / INDIRECT("Z7S(-1)",0) -> 0.6608877 | FH11: 712445041 | FI11: 70630011 | FJ11: =INDIRECT("ZS(-1)",0) * 'Correction factor'!$C$13 -> 1.0931507e+08 | FK11: =INDIRECT("ZS(-1)",0) + INDIRECT("ZS(-3)",0) -> 8.2176011e+08 | FL11: =INDIRECT("ZS(-1)",0) / INDIRECT("Z7S(-1)",0) -> 0.59776688 | FM11: 802538816 | FN11: 66472075 | FO11: =INDIRECT("ZS(-1)",0) * 'Correction factor'!$C$13 -> 1.0287978e+08 | FP11: =INDIRECT("ZS(-1)",0) + INDIRECT("ZS(-3)",0) -> 9.0541859e+08 | FQ11: =INDIRECT("ZS(-1)",0) / INDIRECT("Z7S(-1)",0) -> 0.65282788 | FR11: 609377439 | FS11: 68229172 | FT11: =INDIRECT("ZS(-1)",0) * 'Correction factor'!$C$13 -> 1.0559926e+08 | FU11: =INDIRECT("ZS(-1)",0) + INDIRECT("ZS(-3)",0) -> 7.149767e+08 | FV11: =INDIRECT("ZS(-1)",0) / INDIRECT("Z7S(-1)",0) -> 0.49555419 | FW11: 708418902 | FX11: 68644457 | FY11: =INDIRECT("ZS(-1)",0) * 'Correction factor'!$C$13 -> 1.06242e+08 | FZ11: =INDIRECT("ZS(-1)",0) + INDIRECT("ZS(-3)",0) -> 8.1466091e+08 | GA11: =INDIRECT("ZS(-1)",0) / INDIRECT("Z7S(-1)",0) -> 0.60858737 | GB11: 624299290 | GC11: 65293127 | GD11: =INDIRECT("ZS(-1)",0) * 'Correction factor'!$C$13 -> 1.010551e+08 | GE11: =INDIRECT("ZS(-1)",0) + INDIRECT("ZS(-3)",0) -> 7.2535439e+08 | GF11: =INDIRECT("ZS(-1)",0) / INDIRECT("Z7S(-1)",0) -> 0.53122338 | GG11: 576174814 | GH11: 64414803 | GI11: =INDIRECT("ZS(-1)",0) * 'Correction factor'!$C$13 -> 99695707 | GJ11: =INDIRECT("ZS(-1)",0) + INDIRECT("ZS(-3)",0) -> 6.7587052e+08 | GK11: =INDIRECT("ZS(-1)",0) / INDIRECT("Z7S(-1)",0) -> 0.51501453 | GL11: 557178395 | GM11: 65227780 | GN11: =INDIRECT("ZS(-1)",0) * 'Correction factor'!$C$13 -> 1.0095396e+08 | GO11: =INDIRECT("ZS(-1)",0) + INDIRECT("ZS(-3)",0) -> 6.5813236e+08 | GP11: =INDIRECT("ZS(-1)",0) / INDIRECT("Z7S(-1)",0) -> 0.47291809 | GQ11: 650070189 | GR11: 68651837 | GS11: =INDIRECT("ZS(-1)",0) * 'Correction factor'!$C$13 -> 1.0625343e+08 | GT11: =INDIRECT("ZS(-1)",0) + INDIRECT("ZS(-3)",0) -> 7.5632361e+08 | GU11: =INDIRECT("ZS(-1)",0) / INDIRECT("Z7S(-1)",0) -> 0.58640443 | GV11: 565011649 | GW11: 67885787 | GX11: =INDIRECT("ZS(-1)",0) * 'Correction factor'!$C$13 -> 1.050678e+08 | GY11: =INDIRECT("ZS(-1)",0) + INDIRECT("ZS(-3)",0) -> 6.7007945e+08 | GZ11: =INDIRECT("ZS(-1)",0) / INDIRECT("Z7S(-1)",0) -> 0.49109105 | HA11: 599737164 | HB11: 65917226 | HC11: =INDIRECT("ZS(-1)",0) * 'Correction factor'!$C$13 -> 1.0202103e+08 | HD11: =INDIRECT("ZS(-1)",0) + INDIRECT("ZS(-3)",0) -> 7.0175819e+08 | HE11: =INDIRECT("ZS(-1)",0) / INDIRECT("Z7S(-1)",0) -> 0.52753532 | HF11: 543760597 | HG11: 67075592 | HH11: =INDIRECT("ZS(-1)",0) * 'Correction factor'!$C$13 -> 1.0381385e+08 | HI11: =INDIRECT("ZS(-1)",0) + INDIRECT("ZS(-3)",0) -> 6.4757445e+08 | HJ11: =INDIRECT("ZS(-1)",0) / INDIRECT("Z7S(-1)",0) -> 0.46791101 | HK11: 598857025 | HL11: 65776999 | HM11: =INDIRECT("ZS(-1)",0) * 'Correction factor'!$C$13 -> 1.01804e+08 | HN11: =INDIRECT("ZS(-1)",0) + INDIRECT("ZS(-3)",0) -> 7.0066102e+08 | HO11: =INDIRECT("ZS(-1)",0) / INDIRECT("Z7S(-1)",0) -> 0.51841216 | HP11: 681070421 | HQ11: 67888567 | HR11: =INDIRECT("ZS(-1)",0) * 'Correction factor'!$C$13 -> 1.050721e+08 | HS11: =INDIRECT("ZS(-1)",0) + INDIRECT("ZS(-3)",0) -> 7.8614252e+08 | HT11: =INDIRECT("ZS(-1)",0) / INDIRECT("Z7S(-1)",0) -> 0.592601 | HU11: 703003695 | HV11: 66113435 | HW11: =INDIRECT("ZS(-1)",0) * 'Correction factor'!$C$13 -> 1.023247e+08 | HX11: =INDIRECT("ZS(-1)",0) + INDIRECT("ZS(-3)",0) -> 8.053284e+08 | HY11: =INDIRECT("ZS(-1)",0) / INDIRECT("Z7S(-1)",0) -> 0.54848099 | HZ11: 652743977 | IA11: 68480959 | IB11: =INDIRECT("ZS(-1)",0) * 'Correction factor'!$C$13 -> 1.0598895e+08 | IC11: =INDIRECT("ZS(-1)",0) + INDIRECT("ZS(-3)",0) -> 7.5873293e+08 | ID11: =INDIRECT("ZS(-1)",0) / INDIRECT("Z7S(-1)",0) -> 0.58749116 | IE11: 570477354 | IF11: 63471699 | IG11: =INDIRECT("ZS(-1)",0) * 'Correction factor'!$C$13 -> 98236052 | IH11: =INDIRECT("ZS(-1)",0) + INDIRECT("ZS(-3)",0) -> 6.6871341e+08 | II11: =INDIRECT("ZS(-1)",0) / INDIRECT("Z7S(-1)",0) -> 0.47965409 | IJ11: 615438795 | IK11: 64466294 | IL11: =INDIRECT("ZS(-1)",0) * 'Correction factor'!$C$13 -> 99775401 | IM11: =INDIRECT("ZS(-1)",0) + INDIRECT("ZS(-3)",0) -> 7.152142e+08 | IN11: =INDIRECT("ZS(-1)",0) / INDIRECT("Z7S(-1)",0) -> 0.53558485 | IO11: 599998224 | IP11: 67569756 | IQ11: =INDIRECT("ZS(-1)",0) * 'Correction factor'!$C$13 -> 1.0457867e+08 | IR11: =INDIRECT("ZS(-1)",0) + INDIRECT("ZS(-3)",0) -> 7.045769e+08 | IS11: =INDIRECT("ZS(-1)",0) / INDIRECT("Z7S(-1)",0) -> 0.52569088 | IT11: 615932394 | IU11: 65046253 | IV11: =INDIRECT("ZS(-1)",0) * 'Correction factor'!$C$13 -> 1.0067301e+08 | IW11: =INDIRECT("ZS(-1)",0) + INDIRECT("ZS(-3)",0) -> 7.1660541e+08 | IX11: =INDIRECT("ZS(-1)",0) / INDIRECT("Z7S(-1)",0) -> 0.55941628 | IY11: 617004927 | IZ11: 64501958 | JA11: =INDIRECT("ZS(-1)",0) * 'Correction factor'!$C$13 -> 99830598 | JB11: =INDIRECT("ZS(-1)",0) + INDIRECT("ZS(-3)",0) -> 7.1683553e+08 | JC11: =INDIRECT("ZS(-1)",0) / INDIRECT("Z7S(-1)",0) -> 0.53609724 | JD11: 762348047 | JE11: 64855817 | JF11: =INDIRECT("ZS(-1)",0) * 'Correction factor'!$C$13 -> 1.0037827e+08 | JG11: =INDIRECT("ZS(-1)",0) + INDIRECT("ZS(-3)",0) -> 8.6272632e+08 | JH11: =INDIRECT("ZS(-1)",0) / INDIRECT("Z7S(-1)",0) -> 0.61426557 | JI11: 538034149 | JJ11: 61692090 | JK11: =INDIRECT("ZS(-1)",0) * 'Correction factor'!$C$13 -> 95481726 | JL11: =INDIRECT("ZS(-1)",0) + INDIRECT("ZS(-3)",0) -> 6.3351587e+08 | JM11: =INDIRECT("ZS(-1)",0) / INDIRECT("Z7S(-1)",0) -> 0.49349615 | JN11: 659907475 | JO11: 67438006 | JP11: =INDIRECT("ZS(-1)",0) * 'Correction factor'!$C$13 -> 1.0437476e+08 | JQ11: =INDIRECT("ZS(-1)",0) + INDIRECT("ZS(-3)",0) -> 7.6428224e+08 | JR11: =INDIRECT("ZS(-1)",0) / INDIRECT("Z7S(-1)",0) -> 0.58085352 | JS11: 792746161 | JT11: 69556940 | JU11: =INDIRECT("ZS(-1)",0) * 'Correction factor'!$C$13 -> 1.0765427e+08 | JV11: =INDIRECT("ZS(-1)",0) + INDIRECT("ZS(-3)",0) -> 9.0040043e+08 | JW11: =INDIRECT("ZS(-1)",0) / INDIRECT("Z7S(-1)",0) -> 0.68489966 | JX11: 729728022 | JY11: 66688337 | JZ11: =INDIRECT("ZS(-1)",0) * 'Correction factor'!$C$13 -> 1.0321449e+08 | KA11: =INDIRECT("ZS(-1)",0) + INDIRECT("ZS(-3)",0) -> 8.3294251e+08 | KB11: =INDIRECT("ZS(-1)",0) / INDIRECT("Z7S(-1)",0) -> 0.57061097 | KC11: 565478916 | KD11: 64810264 | KE11: =INDIRECT("ZS(-1)",0) * 'Correction factor'!$C$13 -> 1.0030777e+08 | KF11: =INDIRECT("ZS(-1)",0) + INDIRECT("ZS(-3)",0) -> 6.6578668e+08 | KG11: =INDIRECT("ZS(-1)",0) / INDIRECT("Z7S(-1)",0) -> 0.48099347 | KH11: 588269214 | KI11: 62819518 | KJ11: =INDIRECT("ZS(-1)",0) * 'Correction factor'!$C$13 -> 97226662 | KK11: =INDIRECT("ZS(-1)",0) + INDIRECT("ZS(-3)",0) -> 6.8549588e+08 | KL11: =INDIRECT("ZS(-1)",0) / INDIRECT("Z7S(-1)",0) -> 0.48699306 | KM11: 682514856 | KN11: 64597664 | KO11: =INDIRECT("ZS(-1)",0) * 'Correction factor'!$C$13 -> 99978724 | KP11: =INDIRECT("ZS(-1)",0) + INDIRECT("ZS(-3)",0) -> 7.8249358e+08 | KQ11: =INDIRECT("ZS(-1)",0) / INDIRECT("Z7S(-1)",0) -> 0.61058763 | KR11: 586669526 | KS11: 64372646 | KT11: =INDIRECT("ZS(-1)",0) * 'Correction factor'!$C$13 -> 99630460 | KU11: =INDIRECT("ZS(-1)",0) + INDIRECT("ZS(-3)",0) -> 6.8629999e+08 | KV11: =INDIRECT("ZS(-1)",0) / INDIRECT("Z7S(-1)",0) -> 0.47734192 | KW11: 644795437 | KX11: 63137399 | KY11: =INDIRECT("ZS(-1)",0) * 'Correction factor'!$C$13 -> 97718651 | KZ11: =INDIRECT("ZS(-1)",0) + INDIRECT("ZS(-3)",0) -> 7.4251409e+08 | LA11: =INDIRECT("ZS(-1)",0) / INDIRECT("Z7S(-1)",0) -> 0.51576174 | LB11: 652298427 | LC11: 65949931 | LD11: =INDIRECT("ZS(-1)",0) * 'Correction factor'!$C$13 -> 1.0207165e+08 | LE11: =INDIRECT("ZS(-1)",0) + INDIRECT("ZS(-3)",0) -> 7.5437007e+08 | LF11: =INDIRECT("ZS(-1)",0) / INDIRECT("Z7S(-1)",0) -> 0.56564513 | LG11: 717416183 | LH11: 65728075 | LI11: =INDIRECT("ZS(-1)",0) * 'Correction factor'!$C$13 -> 1.0172828e+08 | LJ11: =INDIRECT("ZS(-1)",0) + INDIRECT("ZS(-3)",0) -> 8.1914446e+08 | LK11: =INDIRECT("ZS(-1)",0) / INDIRECT("Z7S(-1)",0) -> 0.64301352 | LL11: 550446479 | LM11: 64289921 | LN11: =INDIRECT("ZS(-1)",0) * 'Correction factor'!$C$13 -> 99502426 | LO11: =INDIRECT("ZS(-1)",0) + INDIRECT("ZS(-3)",0) -> 6.499489e+08 | LP11: =INDIRECT("ZS(-1)",0) / INDIRECT("Z7S(-1)",0) -> 0.46347466 | LQ11: 631806394 | LR11: 66260965 | LS11: =INDIRECT("ZS(-1)",0) * 'Correction factor'!$C$13 -> 1.0255304e+08 | LT11: =INDIRECT("ZS(-1)",0) + INDIRECT("ZS(-3)",0) -> 7.3435943e+08 | LU11: =INDIRECT("ZS(-1)",0) / INDIRECT("Z7S(-1)",0) -> 0.5194193 | LV11: 734517203 | LW11: 68026754 | LX11: =INDIRECT("ZS(-1)",0) * 'Correction factor'!$C$13 -> 1.0528598e+08 | LY11: =INDIRECT("ZS(-1)",0) + INDIRECT("ZS(-3)",0) -> 8.3980318e+08 | LZ11: =INDIRECT("ZS(-1)",0) / INDIRECT("Z7S(-1)",0) -> 0.60868064 | MA11: 686838802 | MB11: 67045849 | MC11: =INDIRECT("ZS(-1)",0) * 'Correction factor'!$C$13 -> 1.0376781e+08 | MD11: =INDIRECT("ZS(-1)",0) + INDIRECT("ZS(-3)",0) -> 7.9060662e+08 | ME11: =INDIRECT("ZS(-1)",0) / INDIRECT("Z7S(-1)",0) -> 0.5609518 | MF11: 770135279 | MG11: 66212925 | MH11: =INDIRECT("ZS(-1)",0) * 'Correction factor'!$C$13 -> 1.0247869e+08 | MI11: =INDIRECT("ZS(-1)",0) + INDIRECT("ZS(-3)",0) -> 8.7261397e+08 | MJ11: =INDIRECT("ZS(-1)",0) / INDIRECT("Z7S(-1)",0) -> 0.57842387 | MK11: 663699293 | ML11: 65214725 | MM11: =INDIRECT("ZS(-1)",0) * 'Correction factor'!$C$13 -> 1.0093376e+08 | MN11: =INDIRECT("ZS(-1)",0) + INDIRECT("ZS(-3)",0) -> 7.6463305e+08 | MO11: =INDIRECT("ZS(-1)",0) / INDIRECT("Z7S(-1)",0) -> 0.59530606 | MP11: 621948104 | MQ11: 75145892 | MR11: =INDIRECT("ZS(-1)",0) * 'Correction factor'!$C$13 -> 1.1630437e+08 | MS11: =INDIRECT("ZS(-1)",0) + INDIRECT("ZS(-3)",0) -> 7.3825247e+08 | MT11: =INDIRECT("ZS(-1)",0) / INDIRECT("Z7S(-1)",0) -> 0.53989866 | MU11: 674975176 | MV11: 65547321 | MW11: =INDIRECT("ZS(-1)",0) * 'Correction factor'!$C$13 -> 1.0144852e+08 | MX11: =INDIRECT("ZS(-1)",0) + INDIRECT("ZS(-3)",0) -> 7.764237e+08 | MY11: =INDIRECT("ZS(-1)",0) / INDIRECT("Z7S(-1)",0) -> 0.56290844 | MZ11: 611364963 | NA11: 67455350 | NB11: =INDIRECT("ZS(-1)",0) * 'Correction factor'!$C$13 -> 1.0440161e+08 | NC11: =INDIRECT("ZS(-1)",0) + INDIRECT("ZS(-3)",0) -> 7.1576657e+08 | ND11: =INDIRECT("ZS(-1)",0) / INDIRECT("Z7S(-1)",0) -> 0.51116732 | NE11: 560785860 | NF11: 69462930 | NG11: =INDIRECT("ZS(-1)",0) * 'Correction factor'!$C$13 -> 1.0750877e+08 | NH11: =INDIRECT("ZS(-1)",0) + INDIRECT("ZS(-3)",0) -> 6.6829463e+08 | NI11: =INDIRECT("ZS(-1)",0) / INDIRECT("Z7S(-1)",0) -> 0.52032269 | NJ11: 678046276 | NK11: 63591805 | NL11: =INDIRECT("ZS(-1)",0) * 'Correction factor'!$C$13 -> 98421942 | NM11: =INDIRECT("ZS(-1)",0) + INDIRECT("ZS(-3)",0) -> 7.7646822e+08 | NN11: =INDIRECT("ZS(-1)",0) / INDIRECT("Z7S(-1)",0) -> 0.53632429 | NO11: 711548988 | NP11: 67338342 | NQ11: =INDIRECT("ZS(-1)",0) * 'Correction factor'!$C$13 -> 1.0422051e+08 | NR11: =INDIRECT("ZS(-1)",0) + INDIRECT("ZS(-3)",0) -> 8.157695e+08 | NS11: =INDIRECT("ZS(-1)",0) / INDIRECT("Z7S(-1)",0) -> 0.57723506 | NT11: 659268472 | NU11: 65863957 | NV11: =INDIRECT("ZS(-1)",0) * 'Correction factor'!$C$13 -> 1.0193858e+08 | NW11: =INDIRECT("ZS(-1)",0) + INDIRECT("ZS(-3)",0) -> 7.6120706e+08 | NX11: =INDIRECT("ZS(-1)",0) / INDIRECT("Z7S(-1)",0) -> 0.56743527 | NY11: 635648079 | NZ11: 66302229 | OA11: =INDIRECT("ZS(-1)",0) * 'Correction factor'!$C$13 -> 1.026169e+08 | OB11: =INDIRECT("ZS(-1)",0) + INDIRECT("ZS(-3)",0) -> 7.3826498e+08 | OC11: =INDIRECT("ZS(-1)",0) / INDIRECT("Z7S(-1)",0) -> 0.52585219 | OD11: 648190083 | OE11: 71026524 | OF11: =INDIRECT("ZS(-1)",0) * 'Correction factor'!$C$13 -> 1.0992876e+08 | OG11: =INDIRECT("ZS(-1)",0) + INDIRECT("ZS(-3)",0) -> 7.5811885e+08 | OH11: =INDIRECT("ZS(-1)",0) / INDIRECT("Z7S(-1)",0) -> 0.47961995 | OI11: 888450565 | OJ11: 64553433 | OK11: =INDIRECT("ZS(-1)",0) * 'Correction factor'!$C$13 -> 99910267 | OL11: =INDIRECT("ZS(-1)",0) + INDIRECT("ZS(-3)",0) -> 9.8836083e+08 | OM11: =INDIRECT("ZS(-1)",0) / INDIRECT("Z7S(-1)",0) -> 0.68252919 | ON11: 896214850 | OO11: 66081473 | OP11: =INDIRECT("ZS(-1)",0) * 'Correction factor'!$C$13 -> 1.0227524e+08 | OQ11: =INDIRECT("ZS(-1)",0) + INDIRECT("ZS(-3)",0) -> 9.9849009e+08 | OR11: =INDIRECT("ZS(-1)",0) / INDIRECT("Z7S(-1)",0) -> 0.69654752 | OS11: 765848461 | OT11: 71591169 | OU11: =INDIRECT("ZS(-1)",0) * 'Correction factor'!$C$13 -> 1.1080267e+08 | OV11: =INDIRECT("ZS(-1)",0) + INDIRECT("ZS(-3)",0) -> 8.7665113e+08 | OW11: =INDIRECT("ZS(-1)",0) / INDIRECT("Z7S(-1)",0) -> 0.59774979 | OX11: 1126766269 | OY11: 69820620 | OZ11: =INDIRECT("ZS(-1)",0) * 'Correction factor'!$C$13 -> 1.0806237e+08 | PA11: =INDIRECT("ZS(-1)",0) + INDIRECT("ZS(-3)",0) -> 1.2348286e+09 | PB11: =INDIRECT("ZS(-1)",0) / INDIRECT("Z7S(-1)",0) -> 0.80044082 | PC11: 780823634 | PD11: 73173391 | PE11: =INDIRECT("ZS(-1)",0) * 'Correction factor'!$C$13 -> 1.132515e+08 | PF11: =INDIRECT("ZS(-1)",0) + INDIRECT("ZS(-3)",0) -> 8.9407513e+08 | PG11: =INDIRECT("ZS(-1)",0) / INDIRECT("Z7S(-1)",0) -> 0.61509885 | PH11: 477313983 | PI11: 2268805255 | PJ11: =INDIRECT("ZS(-1)",0) * 'Correction factor'!$C$13 -> 3.5114622e+09 | PK11: =INDIRECT("ZS(-1)",0) + INDIRECT("ZS(-3)",0) -> 3.9887762e+09 | PL11: =INDIRECT("ZS(-1)",0) / INDIRECT("Z7S(-1)",0) -> 2.4456739 | PM11: 452326843 | PN11: 1842090058 | PO11: =INDIRECT("ZS(-1)",0) * 'Correction factor'!$C$13 -> 2.851029e+09 | PP11: =INDIRECT("ZS(-1)",0) + INDIRECT("ZS(-3)",0) -> 3.3033558e+09 | PQ11: =INDIRECT("ZS(-1)",0) / INDIRECT("Z7S(-1)",0) -> 2.1114057 | PR11: 448042434 | PS11: 1909591707 | PT11: =INDIRECT("ZS(-1)",0) * 'Correction factor'!$C$13 -> 2.9555023e+09 | PU11: =INDIRECT("ZS(-1)",0) + INDIRECT("ZS(-3)",0) -> 3.4035447e+09 | PV11: =INDIRECT("ZS(-1)",0) / INDIRECT("Z7S(-1)",0) -> 2.1713888 | PW11: 445216738 | PX11: 1836840255 | PY11: =INDIRECT("ZS(-1)",0) * 'Correction factor'!$C$13 -> 2.8429038e+09 | PZ11: =INDIRECT("ZS(-1)",0) + INDIRECT("ZS(-3)",0) -> 3.2881205e+09 | QA11: =INDIRECT("ZS(-1)",0) / INDIRECT("Z7S(-1)",0) -> 2.1355151 | QB11: 374086726 | QC11: 1325598837 | QD11: =INDIRECT("ZS(-1)",0) * 'Correction factor'!$C$13 -> 2.0516482e+09 | QE11: =INDIRECT("ZS(-1)",0) + INDIRECT("ZS(-3)",0) -> 2.4257349e+09 | QF11: =INDIRECT("ZS(-1)",0) / INDIRECT("Z7S(-1)",0) -> 2.0417859 | QG11: 410361487 | QH11: 1583979654 | QI11: =INDIRECT("ZS(-1)",0) * 'Correction factor'!$C$13 -> 2.4515479e+09 | QJ11: =INDIRECT("ZS(-1)",0) + INDIRECT("ZS(-3)",0) -> 2.8619093e+09 | QK11: =INDIRECT("ZS(-1)",0) / INDIRECT("Z7S(-1)",0) -> 2.0552221 | QL11: 458584501 | QM11: 1917317881 | QN11: =INDIRECT("ZS(-1)",0) * 'Correction factor'!$C$13 -> 2.9674602e+09 | QO11: =INDIRECT("ZS(-1)",0) + INDIRECT("ZS(-3)",0) -> 3.4260447e+09 | QP11: =INDIRECT("ZS(-1)",0) / INDIRECT("Z7S(-1)",0) -> 2.1614748 | QQ11: 423112834 | QR11: 1716016171 | QS11: =INDIRECT("ZS(-1)",0) * 'Correction factor'!$C$13 -> 2.6559026e+09 | QT11: =INDIRECT("ZS(-1)",0) + INDIRECT("ZS(-3)",0) -> 3.0790155e+09 | QU11: =INDIRECT("ZS(-1)",0) / INDIRECT("Z7S(-1)",0) -> 2.0245951 | QV11: 427062136 | QW11: 1618201514 | QX11: =INDIRECT("ZS(-1)",0) * 'Correction factor'!$C$13 -> 2.5045135e+09 | QY11: =INDIRECT("ZS(-1)",0) + INDIRECT("ZS(-3)",0) -> 2.9315756e+09 | QZ11: =INDIRECT("ZS(-1)",0) / INDIRECT("Z7S(-1)",0) -> 1.8234165 | RA11: 431655681 | RB11: 1725177513 | RC11: =INDIRECT("ZS(-1)",0) * 'Correction factor'!$C$13 -> 2.6700818e+09 | RD11: =INDIRECT("ZS(-1)",0) + INDIRECT("ZS(-3)",0) -> 3.1017375e+09 | RE11: =INDIRECT("ZS(-1)",0) / INDIRECT("Z7S(-1)",0) -> 2.0817548 | RF11: 437160323 | RG11: 1733737939 | RH11: =INDIRECT("ZS(-1)",0) * 'Correction factor'!$C$13 -> 2.6833309e+09 | RI11: =INDIRECT("ZS(-1)",0) + INDIRECT("ZS(-3)",0) -> 3.1204912e+09 | RJ11: =INDIRECT("ZS(-1)",0) / INDIRECT("Z7S(-1)",0) -> 2.0026599 | RK11: 172637094 | RL11: 93794627 | RM11: =INDIRECT("ZS(-1)",0) * 'Correction factor'!$C$13 -> 1.4516728e+08 | RN11: =INDIRECT("ZS(-1)",0) + INDIRECT("ZS(-3)",0) -> 3.1780437e+08 | RO11: =INDIRECT("ZS(-1)",0) / INDIRECT("Z7S(-1)",0) -> 0.22018218
A12: 5 | B12: 45474 | C12: Monday | D12: 2373634780 | E12: 64261235 | F12: =INDIRECT("ZS(-1)",0) * 'Correction factor'!$C$13 -> 99458028 | G12: =INDIRECT("ZS(-1)",0) + INDIRECT("ZS(-3)",0) -> 2.4730928e+09 | H12: =INDIRECT("ZS(-1)",0) / INDIRECT("Z7S(-1)",0) -> 1.6543832 | I12: 2416754222 | J12: 65318316 | K12: =INDIRECT("ZS(-1)",0) * 'Correction factor'!$C$13 -> 1.0109409e+08 | L12: =INDIRECT("ZS(-1)",0) + INDIRECT("ZS(-3)",0) -> 2.5178483e+09 | M12: =INDIRECT("ZS(-1)",0) / INDIRECT("Z7S(-1)",0) -> 1.8307443 | N12: 2493834447 | O12: 67679691 | P12: =INDIRECT("ZS(-1)",0) * 'Correction factor'!$C$13 -> 1.0474882e+08 | Q12: =INDIRECT("ZS(-1)",0) + INDIRECT("ZS(-3)",0) -> 2.5985833e+09 | R12: =INDIRECT("ZS(-1)",0) / INDIRECT("Z7S(-1)",0) -> 1.816167 | S12: 2587699261 | T12: 72547250 | U12: =INDIRECT("ZS(-1)",0) * 'Correction factor'!$C$13 -> 1.1228241e+08 | V12: =INDIRECT("ZS(-1)",0) + INDIRECT("ZS(-3)",0) -> 2.6999817e+09 | W12: =INDIRECT("ZS(-1)",0) / INDIRECT("Z7S(-1)",0) -> 1.9357618 | X12: 2481292510 | Y12: 71380264 | Z12: =INDIRECT("ZS(-1)",0) * 'Correction factor'!$C$13 -> 1.1047625e+08 | AA12: =INDIRECT("ZS(-1)",0) + INDIRECT("ZS(-3)",0) -> 2.5917688e+09 | AB12: =INDIRECT("ZS(-1)",0) / INDIRECT("Z7S(-1)",0) -> 1.7786055 | AC12: 2331796339 | AD12: 69455012 | AE12: =INDIRECT("ZS(-1)",0) * 'Correction factor'!$C$13 -> 1.0749651e+08 | AF12: =INDIRECT("ZS(-1)",0) + INDIRECT("ZS(-3)",0) -> 2.4392928e+09 | AG12: =INDIRECT("ZS(-1)",0) / INDIRECT("Z7S(-1)",0) -> 1.6584669 | AH12: 491440625 | AI12: 66806567 | AJ12: =INDIRECT("ZS(-1)",0) * 'Correction factor'!$C$13 -> 1.0339747e+08 | AK12: =INDIRECT("ZS(-1)",0) + INDIRECT("ZS(-3)",0) -> 5.948381e+08 | AL12: =INDIRECT("ZS(-1)",0) / INDIRECT("Z7S(-1)",0) -> 0.44348561 | AM12: 500182265 | AN12: 67183265 | AO12: =INDIRECT("ZS(-1)",0) * 'Correction factor'!$C$13 -> 1.039805e+08 | AP12: =INDIRECT("ZS(-1)",0) + INDIRECT("ZS(-3)",0) -> 6.0416276e+08 | AQ12: =INDIRECT("ZS(-1)",0) / INDIRECT("Z7S(-1)",0) -> 0.42249769 | AR12: 555145048 | AS12: 71339693 | AT12: =INDIRECT("ZS(-1)",0) * 'Correction factor'!$C$13 -> 1.1041346e+08 | AU12: =INDIRECT("ZS(-1)",0) + INDIRECT("ZS(-3)",0) -> 6.6555851e+08 | AV12: =INDIRECT("ZS(-1)",0) / INDIRECT("Z7S(-1)",0) -> 0.44567406 | AW12: 571210792 | AX12: 75067467 | AY12: =INDIRECT("ZS(-1)",0) * 'Correction factor'!$C$13 -> 1.1618299e+08 | AZ12: =INDIRECT("ZS(-1)",0) + INDIRECT("ZS(-3)",0) -> 6.8739378e+08 | BA12: =INDIRECT("ZS(-1)",0) / INDIRECT("Z7S(-1)",0) -> 0.51111866 | BB12: 532732583 | BC12: 66142209 | BD12: =INDIRECT("ZS(-1)",0) * 'Correction factor'!$C$13 -> 1.0236924e+08 | BE12: =INDIRECT("ZS(-1)",0) + INDIRECT("ZS(-3)",0) -> 6.3510182e+08 | BF12: =INDIRECT("ZS(-1)",0) / INDIRECT("Z7S(-1)",0) -> 0.47557644 | BG12: 134803817 | BH12: 64388975 | BI12: =INDIRECT("ZS(-1)",0) * 'Correction factor'!$C$13 -> 99655733 | BJ12: =INDIRECT("ZS(-1)",0) + INDIRECT("ZS(-3)",0) -> 2.3445955e+08 | BK12: =INDIRECT("ZS(-1)",0) / INDIRECT("Z7S(-1)",0) -> 0.16514873 | BL12: 712505547 | BM12: 66602376 | BN12: =INDIRECT("ZS(-1)",0) * 'Correction factor'!$C$13 -> 1.0308145e+08 | BO12: =INDIRECT("ZS(-1)",0) + INDIRECT("ZS(-3)",0) -> 8.1558699e+08 | BP12: =INDIRECT("ZS(-1)",0) / INDIRECT("Z7S(-1)",0) -> 0.59287803 | BQ12: 895378337 | BR12: 68049502 | BS12: =INDIRECT("ZS(-1)",0) * 'Correction factor'!$C$13 -> 1.0532118e+08 | BT12: =INDIRECT("ZS(-1)",0) + INDIRECT("ZS(-3)",0) -> 1.0006995e+09 | BU12: =INDIRECT("ZS(-1)",0) / INDIRECT("Z7S(-1)",0) -> 0.73774076 | BV12: 695654422 | BW12: 67902233 | BX12: =INDIRECT("ZS(-1)",0) * 'Correction factor'!$C$13 -> 1.0509325e+08 | BY12: =INDIRECT("ZS(-1)",0) + INDIRECT("ZS(-3)",0) -> 8.0074767e+08 | BZ12: =INDIRECT("ZS(-1)",0) / INDIRECT("Z7S(-1)",0) -> 0.59446649 | CA12: 925768299 | CB12: 72210813 | CC12: =INDIRECT("ZS(-1)",0) * 'Correction factor'!$C$13 -> 1.117617e+08 | CD12: =INDIRECT("ZS(-1)",0) + INDIRECT("ZS(-3)",0) -> 1.03753e+09 | CE12: =INDIRECT("ZS(-1)",0) / INDIRECT("Z7S(-1)",0) -> 0.74414356 | CF12: 598965933 | CG12: 80655761 | CH12: =INDIRECT("ZS(-1)",0) * 'Correction factor'!$C$13 -> 1.2483207e+08 | CI12: =INDIRECT("ZS(-1)",0) + INDIRECT("ZS(-3)",0) -> 7.23798e+08 | CJ12: =INDIRECT("ZS(-1)",0) / INDIRECT("Z7S(-1)",0) -> 0.49762444 | CK12: 777228273 | CL12: 67273608 | CM12: =INDIRECT("ZS(-1)",0) * 'Correction factor'!$C$13 -> 1.0412032e+08 | CN12: =INDIRECT("ZS(-1)",0) + INDIRECT("ZS(-3)",0) -> 8.8134859e+08 | CO12: =INDIRECT("ZS(-1)",0) / INDIRECT("Z7S(-1)",0) -> 0.6688514 | CP12: 1020253779 | CQ12: 86295725 | CR12: =INDIRECT("ZS(-1)",0) * 'Correction factor'!$C$13 -> 1.3356112e+08 | CS12: =INDIRECT("ZS(-1)",0) + INDIRECT("ZS(-3)",0) -> 1.1538149e+09 | CT12: =INDIRECT("ZS(-1)",0) / INDIRECT("Z7S(-1)",0) -> 0.84800129 | CU12: 814173720 | CV12: 73509170 | CW12: =INDIRECT("ZS(-1)",0) * 'Correction factor'!$C$13 -> 1.1377119e+08 | CX12: =INDIRECT("ZS(-1)",0) + INDIRECT("ZS(-3)",0) -> 9.2794491e+08 | CY12: =INDIRECT("ZS(-1)",0) / INDIRECT("Z7S(-1)",0) -> 0.64860239 | CZ12: 649362703 | DA12: 74125446 | DB12: =INDIRECT("ZS(-1)",0) * 'Correction factor'!$C$13 -> 1.1472501e+08 | DC12: =INDIRECT("ZS(-1)",0) + INDIRECT("ZS(-3)",0) -> 7.6408771e+08 | DD12: =INDIRECT("ZS(-1)",0) / INDIRECT("Z7S(-1)",0) -> 0.53709969 | DE12: 1000755169 | DF12: 73479801 | DG12: =INDIRECT("ZS(-1)",0) * 'Correction factor'!$C$13 -> 1.1372573e+08 | DH12: =INDIRECT("ZS(-1)",0) + INDIRECT("ZS(-3)",0) -> 1.1144809e+09 | DI12: =INDIRECT("ZS(-1)",0) / INDIRECT("Z7S(-1)",0) -> 0.8185858 | DJ12: 784862724 | DK12: 70778647 | DL12: =INDIRECT("ZS(-1)",0) * 'Correction factor'!$C$13 -> 1.0954512e+08 | DM12: =INDIRECT("ZS(-1)",0) + INDIRECT("ZS(-3)",0) -> 8.9440784e+08 | DN12: =INDIRECT("ZS(-1)",0) / INDIRECT("Z7S(-1)",0) -> 0.58120486 | DO12: 689924849 | DP12: 71630298 | DQ12: =INDIRECT("ZS(-1)",0) * 'Correction factor'!$C$13 -> 1.1086323e+08 | DR12: =INDIRECT("ZS(-1)",0) + INDIRECT("ZS(-3)",0) -> 8.0078808e+08 | DS12: =INDIRECT("ZS(-1)",0) / INDIRECT("Z7S(-1)",0) -> 0.55965213 | DT12: 778887623 | DU12: 76072069 | DV12: =INDIRECT("ZS(-1)",0) * 'Correction factor'!$C$13 -> 1.1773782e+08 | DW12: =INDIRECT("ZS(-1)",0) + INDIRECT("ZS(-3)",0) -> 8.9662545e+08 | DX12: =INDIRECT("ZS(-1)",0) / INDIRECT("Z7S(-1)",0) -> 0.66687266 | DY12: 669930287 | DZ12: 64239601 | EA12: =INDIRECT("ZS(-1)",0) * 'Correction factor'!$C$13 -> 99424545 | EB12: =INDIRECT("ZS(-1)",0) + INDIRECT("ZS(-3)",0) -> 7.6935483e+08 | EC12: =INDIRECT("ZS(-1)",0) / INDIRECT("Z7S(-1)",0) -> 0.60153252 | ED12: 719660786 | EE12: 68055961 | EF12: =INDIRECT("ZS(-1)",0) * 'Correction factor'!$C$13 -> 1.0533118e+08 | EG12: =INDIRECT("ZS(-1)",0) + INDIRECT("ZS(-3)",0) -> 8.2499197e+08 | EH12: =INDIRECT("ZS(-1)",0) / INDIRECT("Z7S(-1)",0) -> 0.58771147 | EI12: 672288708 | EJ12: 65343943 | EK12: =INDIRECT("ZS(-1)",0) * 'Correction factor'!$C$13 -> 1.0113375e+08 | EL12: =INDIRECT("ZS(-1)",0) + INDIRECT("ZS(-3)",0) -> 7.7342246e+08 | EM12: =INDIRECT("ZS(-1)",0) / INDIRECT("Z7S(-1)",0) -> 0.60734878 | EN12: 588889554 | EO12: 65518133 | EP12: =INDIRECT("ZS(-1)",0) * 'Correction factor'!$C$13 -> 1.0140335e+08 | EQ12: =INDIRECT("ZS(-1)",0) + INDIRECT("ZS(-3)",0) -> 6.902929e+08 | ER12: =INDIRECT("ZS(-1)",0) / INDIRECT("Z7S(-1)",0) -> 0.48734777 | ES12: 623726765 | ET12: 65647904 | EU12: =INDIRECT("ZS(-1)",0) * 'Correction factor'!$C$13 -> 1.016042e+08 | EV12: =INDIRECT("ZS(-1)",0) + INDIRECT("ZS(-3)",0) -> 7.2533096e+08 | EW12: =INDIRECT("ZS(-1)",0) / INDIRECT("Z7S(-1)",0) -> 0.50324672 | EX12: 658793229 | EY12: 70081608 | EZ12: =INDIRECT("ZS(-1)",0) * 'Correction factor'!$C$13 -> 1.084663e+08 | FA12: =INDIRECT("ZS(-1)",0) + INDIRECT("ZS(-3)",0) -> 7.6725953e+08 | FB12: =INDIRECT("ZS(-1)",0) / INDIRECT("Z7S(-1)",0) -> 0.55634206 | FC12: 779928421 | FD12: 70839868 | FE12: =INDIRECT("ZS(-1)",0) * 'Correction factor'!$C$13 -> 1.0963987e+08 | FF12: =INDIRECT("ZS(-1)",0) + INDIRECT("ZS(-3)",0) -> 8.8956829e+08 | FG12: =INDIRECT("ZS(-1)",0) / INDIRECT("Z7S(-1)",0) -> 0.6756916 | FH12: 701893171 | FI12: 74909356 | FJ12: =INDIRECT("ZS(-1)",0) * 'Correction factor'!$C$13 -> 1.1593828e+08 | FK12: =INDIRECT("ZS(-1)",0) + INDIRECT("ZS(-3)",0) -> 8.1783145e+08 | FL12: =INDIRECT("ZS(-1)",0) / INDIRECT("Z7S(-1)",0) -> 0.59490908 | FM12: 836178498 | FN12: 66047771 | FO12: =INDIRECT("ZS(-1)",0) * 'Correction factor'!$C$13 -> 1.0222308e+08 | FP12: =INDIRECT("ZS(-1)",0) + INDIRECT("ZS(-3)",0) -> 9.3840157e+08 | FQ12: =INDIRECT("ZS(-1)",0) / INDIRECT("Z7S(-1)",0) -> 0.67660937 | FR12: 496627126 | FS12: 65298697 | FT12: =INDIRECT("ZS(-1)",0) * 'Correction factor'!$C$13 -> 1.0106372e+08 | FU12: =INDIRECT("ZS(-1)",0) + INDIRECT("ZS(-3)",0) -> 5.9769085e+08 | FV12: =INDIRECT("ZS(-1)",0) / INDIRECT("Z7S(-1)",0) -> 0.41426273 | FW12: 613951559 | FX12: 68133109 | FY12: =INDIRECT("ZS(-1)",0) * 'Correction factor'!$C$13 -> 1.0545058e+08 | FZ12: =INDIRECT("ZS(-1)",0) + INDIRECT("ZS(-3)",0) -> 7.1940214e+08 | GA12: =INDIRECT("ZS(-1)",0) / INDIRECT("Z7S(-1)",0) -> 0.5374249 | GB12: 515450667 | GC12: 63462499 | GD12: =INDIRECT("ZS(-1)",0) * 'Correction factor'!$C$13 -> 98221813 | GE12: =INDIRECT("ZS(-1)",0) + INDIRECT("ZS(-3)",0) -> 6.1367248e+08 | GF12: =INDIRECT("ZS(-1)",0) / INDIRECT("Z7S(-1)",0) -> 0.44943158 | GG12: 484333148 | GH12: 65823572 | GI12: =INDIRECT("ZS(-1)",0) * 'Correction factor'!$C$13 -> 1.0187608e+08 | GJ12: =INDIRECT("ZS(-1)",0) + INDIRECT("ZS(-3)",0) -> 5.8620923e+08 | GK12: =INDIRECT("ZS(-1)",0) / INDIRECT("Z7S(-1)",0) -> 0.44669247 | GL12: 465133570 | GM12: 66392055 | GN12: =INDIRECT("ZS(-1)",0) * 'Correction factor'!$C$13 -> 1.0275593e+08 | GO12: =INDIRECT("ZS(-1)",0) + INDIRECT("ZS(-3)",0) -> 5.678895e+08 | GP12: =INDIRECT("ZS(-1)",0) / INDIRECT("Z7S(-1)",0) -> 0.40807174 | GQ12: 562280617 | GR12: 68926274 | GS12: =INDIRECT("ZS(-1)",0) * 'Correction factor'!$C$13 -> 1.0667818e+08 | GT12: =INDIRECT("ZS(-1)",0) + INDIRECT("ZS(-3)",0) -> 6.6895879e+08 | GU12: =INDIRECT("ZS(-1)",0) / INDIRECT("Z7S(-1)",0) -> 0.5186674 | GV12: 456513600 | GW12: 69568062 | GX12: =INDIRECT("ZS(-1)",0) * 'Correction factor'!$C$13 -> 1.0767148e+08 | GY12: =INDIRECT("ZS(-1)",0) + INDIRECT("ZS(-3)",0) -> 5.6418508e+08 | GZ12: =INDIRECT("ZS(-1)",0) / INDIRECT("Z7S(-1)",0) -> 0.41348268 | HA12: 483003116 | HB12: 67317900 | HC12: =INDIRECT("ZS(-1)",0) * 'Correction factor'!$C$13 -> 1.0418887e+08 | HD12: =INDIRECT("ZS(-1)",0) + INDIRECT("ZS(-3)",0) -> 5.8719199e+08 | HE12: =INDIRECT("ZS(-1)",0) / INDIRECT("Z7S(-1)",0) -> 0.44141204 | HF12: 443227076 | HG12: 67590945 | HH12: =INDIRECT("ZS(-1)",0) * 'Correction factor'!$C$13 -> 1.0461147e+08 | HI12: =INDIRECT("ZS(-1)",0) + INDIRECT("ZS(-3)",0) -> 5.4783854e+08 | HJ12: =INDIRECT("ZS(-1)",0) / INDIRECT("Z7S(-1)",0) -> 0.3958459 | HK12: 512103084 | HL12: 66191611 | HM12: =INDIRECT("ZS(-1)",0) * 'Correction factor'!$C$13 -> 1.024457e+08 | HN12: =INDIRECT("ZS(-1)",0) + INDIRECT("ZS(-3)",0) -> 6.1454878e+08 | HO12: =INDIRECT("ZS(-1)",0) / INDIRECT("Z7S(-1)",0) -> 0.45469857 | HP12: 615685910 | HQ12: 66290230 | HR12: =INDIRECT("ZS(-1)",0) * 'Correction factor'!$C$13 -> 1.0259833e+08 | HS12: =INDIRECT("ZS(-1)",0) + INDIRECT("ZS(-3)",0) -> 7.1828424e+08 | HT12: =INDIRECT("ZS(-1)",0) / INDIRECT("Z7S(-1)",0) -> 0.54144885 | HU12: 568915647 | HV12: 66622482 | HW12: =INDIRECT("ZS(-1)",0) * 'Correction factor'!$C$13 -> 1.0311256e+08 | HX12: =INDIRECT("ZS(-1)",0) + INDIRECT("ZS(-3)",0) -> 6.7202821e+08 | HY12: =INDIRECT("ZS(-1)",0) / INDIRECT("Z7S(-1)",0) -> 0.4576949 | HZ12: 571048540 | IA12: 65255353 | IB12: =INDIRECT("ZS(-1)",0) * 'Correction factor'!$C$13 -> 1.0099664e+08 | IC12: =INDIRECT("ZS(-1)",0) + INDIRECT("ZS(-3)",0) -> 6.7204518e+08 | ID12: =INDIRECT("ZS(-1)",0) / INDIRECT("Z7S(-1)",0) -> 0.52036834 | IE12: 498304238 | IF12: 64598141 | IG12: =INDIRECT("ZS(-1)",0) * 'Correction factor'!$C$13 -> 99979462 | IH12: =INDIRECT("ZS(-1)",0) + INDIRECT("ZS(-3)",0) -> 5.982837e+08 | II12: =INDIRECT("ZS(-1)",0) / INDIRECT("Z7S(-1)",0) -> 0.42913634 | IJ12: 516980645 | IK12: 66216139 | IL12: =INDIRECT("ZS(-1)",0) * 'Correction factor'!$C$13 -> 1.0248366e+08 | IM12: =INDIRECT("ZS(-1)",0) + INDIRECT("ZS(-3)",0) -> 6.1946431e+08 | IN12: =INDIRECT("ZS(-1)",0) / INDIRECT("Z7S(-1)",0) -> 0.46388299 | IO12: 517454280 | IP12: 68310590 | IQ12: =INDIRECT("ZS(-1)",0) * 'Correction factor'!$C$13 -> 1.0572527e+08 | IR12: =INDIRECT("ZS(-1)",0) + INDIRECT("ZS(-3)",0) -> 6.2317955e+08 | IS12: =INDIRECT("ZS(-1)",0) / INDIRECT("Z7S(-1)",0) -> 0.46495963 | IT12: 521319774 | IU12: 66465226 | IV12: =INDIRECT("ZS(-1)",0) * 'Correction factor'!$C$13 -> 1.0286918e+08 | IW12: =INDIRECT("ZS(-1)",0) + INDIRECT("ZS(-3)",0) -> 6.2418895e+08 | IX12: =INDIRECT("ZS(-1)",0) / INDIRECT("Z7S(-1)",0) -> 0.4872716 | IY12: 493982942 | IZ12: 64987844 | JA12: =INDIRECT("ZS(-1)",0) * 'Correction factor'!$C$13 -> 1.0058261e+08 | JB12: =INDIRECT("ZS(-1)",0) + INDIRECT("ZS(-3)",0) -> 5.9456555e+08 | JC12: =INDIRECT("ZS(-1)",0) / INDIRECT("Z7S(-1)",0) -> 0.44465563 | JD12: 627573467 | JE12: 64420106 | JF12: =INDIRECT("ZS(-1)",0) * 'Correction factor'!$C$13 -> 99703915 | JG12: =INDIRECT("ZS(-1)",0) + INDIRECT("ZS(-3)",0) -> 7.2727738e+08 | JH12: =INDIRECT("ZS(-1)",0) / INDIRECT("Z7S(-1)",0) -> 0.51782523 | JI12: 439760253 | JJ12: 63358058 | JK12: =INDIRECT("ZS(-1)",0) * 'Correction factor'!$C$13 -> 98060168 | JL12: =INDIRECT("ZS(-1)",0) + INDIRECT("ZS(-3)",0) -> 5.3782042e+08 | JM12: =INDIRECT("ZS(-1)",0) / INDIRECT("Z7S(-1)",0) -> 0.41895132 | JN12: 569785720 | JO12: 69167967 | JP12: =INDIRECT("ZS(-1)",0) * 'Correction factor'!$C$13 -> 1.0705225e+08 | JQ12: =INDIRECT("ZS(-1)",0) + INDIRECT("ZS(-3)",0) -> 6.7683797e+08 | JR12: =INDIRECT("ZS(-1)",0) / INDIRECT("Z7S(-1)",0) -> 0.51439599 | JS12: 714425925 | JT12: 68414467 | JU12: =INDIRECT("ZS(-1)",0) * 'Correction factor'!$C$13 -> 1.0588604e+08 | JV12: =INDIRECT("ZS(-1)",0) + INDIRECT("ZS(-3)",0) -> 8.2031197e+08 | JW12: =INDIRECT("ZS(-1)",0) / INDIRECT("Z7S(-1)",0) -> 0.62397948 | JX12: 625079349 | JY12: 67822194 | JZ12: =INDIRECT("ZS(-1)",0) * 'Correction factor'!$C$13 -> 1.0496937e+08 | KA12: =INDIRECT("ZS(-1)",0) + INDIRECT("ZS(-3)",0) -> 7.3004872e+08 | KB12: =INDIRECT("ZS(-1)",0) / INDIRECT("Z7S(-1)",0) -> 0.50012313 | KC12: 458199244 | KD12: 64395030 | KE12: =INDIRECT("ZS(-1)",0) * 'Correction factor'!$C$13 -> 99665104 | KF12: =INDIRECT("ZS(-1)",0) + INDIRECT("ZS(-3)",0) -> 5.5786435e+08 | KG12: =INDIRECT("ZS(-1)",0) / INDIRECT("Z7S(-1)",0) -> 0.40302565 | KH12: 482924238 | KI12: 62788573 | KJ12: =INDIRECT("ZS(-1)",0) * 'Correction factor'!$C$13 -> 97178768 | KK12: =INDIRECT("ZS(-1)",0) + INDIRECT("ZS(-3)",0) -> 5.8010301e+08 | KL12: =INDIRECT("ZS(-1)",0) / INDIRECT("Z7S(-1)",0) -> 0.41211938 | KM12: 603610453 | KN12: 67024955 | KO12: =INDIRECT("ZS(-1)",0) * 'Correction factor'!$C$13 -> 1.0373548e+08 | KP12: =INDIRECT("ZS(-1)",0) + INDIRECT("ZS(-3)",0) -> 7.0734593e+08 | KQ12: =INDIRECT("ZS(-1)",0) / INDIRECT("Z7S(-1)",0) -> 0.55194916 | KR12: 482159564 | KS12: 65571544 | KT12: =INDIRECT("ZS(-1)",0) * 'Correction factor'!$C$13 -> 1.0148601e+08 | KU12: =INDIRECT("ZS(-1)",0) + INDIRECT("ZS(-3)",0) -> 5.8364558e+08 | KV12: =INDIRECT("ZS(-1)",0) / INDIRECT("Z7S(-1)",0) -> 0.40594275 | KW12: 543306529 | KX12: 63757756 | KY12: =INDIRECT("ZS(-1)",0) * 'Correction factor'!$C$13 -> 98678786 | KZ12: =INDIRECT("ZS(-1)",0) + INDIRECT("ZS(-3)",0) -> 6.4198532e+08 | LA12: =INDIRECT("ZS(-1)",0) / INDIRECT("Z7S(-1)",0) -> 0.4459329 | LB12: 599030247 | LC12: 63739521 | LD12: =INDIRECT("ZS(-1)",0) * 'Correction factor'!$C$13 -> 98650564 | LE12: =INDIRECT("ZS(-1)",0) + INDIRECT("ZS(-3)",0) -> 6.9768081e+08 | LF12: =INDIRECT("ZS(-1)",0) / INDIRECT("Z7S(-1)",0) -> 0.52313814 | LG12: 607524033 | LH12: 68123785 | LI12: =INDIRECT("ZS(-1)",0) * 'Correction factor'!$C$13 -> 1.0543615e+08 | LJ12: =INDIRECT("ZS(-1)",0) + INDIRECT("ZS(-3)",0) -> 7.1296018e+08 | LK12: =INDIRECT("ZS(-1)",0) / INDIRECT("Z7S(-1)",0) -> 0.5596608 | LL12: 429599827 | LM12: 62923692 | LN12: =INDIRECT("ZS(-1)",0) * 'Correction factor'!$C$13 -> 97387894 | LO12: =INDIRECT("ZS(-1)",0) + INDIRECT("ZS(-3)",0) -> 5.2698772e+08 | LP12: =INDIRECT("ZS(-1)",0) / INDIRECT("Z7S(-1)",0) -> 0.37579178 | LQ12: 544477742 | LR12: 66309558 | LS12: =INDIRECT("ZS(-1)",0) * 'Correction factor'!$C$13 -> 1.0262825e+08 | LT12: =INDIRECT("ZS(-1)",0) + INDIRECT("ZS(-3)",0) -> 6.4710599e+08 | LU12: =INDIRECT("ZS(-1)",0) / INDIRECT("Z7S(-1)",0) -> 0.45770412 | LV12: 664932601 | LW12: 67525135 | LX12: =INDIRECT("ZS(-1)",0) * 'Correction factor'!$C$13 -> 1.0450961e+08 | LY12: =INDIRECT("ZS(-1)",0) + INDIRECT("ZS(-3)",0) -> 7.6944221e+08 | LZ12: =INDIRECT("ZS(-1)",0) / INDIRECT("Z7S(-1)",0) -> 0.55768374 | MA12: 593720449 | MB12: 69963023 | MC12: =INDIRECT("ZS(-1)",0) * 'Correction factor'!$C$13 -> 1.0828277e+08 | MD12: =INDIRECT("ZS(-1)",0) + INDIRECT("ZS(-3)",0) -> 7.0200322e+08 | ME12: =INDIRECT("ZS(-1)",0) / INDIRECT("Z7S(-1)",0) -> 0.49808585 | MF12: 686173833 | MG12: 67482412 | MH12: =INDIRECT("ZS(-1)",0) * 'Correction factor'!$C$13 -> 1.0444349e+08 | MI12: =INDIRECT("ZS(-1)",0) + INDIRECT("ZS(-3)",0) -> 7.9061732e+08 | MJ12: =INDIRECT("ZS(-1)",0) / INDIRECT("Z7S(-1)",0) -> 0.5240713 | MK12: 586264786 | ML12: 67353528 | MM12: =INDIRECT("ZS(-1)",0) * 'Correction factor'!$C$13 -> 1.0424401e+08 | MN12: =INDIRECT("ZS(-1)",0) + INDIRECT("ZS(-3)",0) -> 6.905088e+08 | MO12: =INDIRECT("ZS(-1)",0) / INDIRECT("Z7S(-1)",0) -> 0.53759653 | MP12: 524032615 | MQ12: 76976412 | MR12: =INDIRECT("ZS(-1)",0) * 'Correction factor'!$C$13 -> 1.1913749e+08 | MS12: =INDIRECT("ZS(-1)",0) + INDIRECT("ZS(-3)",0) -> 6.431701e+08 | MT12: =INDIRECT("ZS(-1)",0) / INDIRECT("Z7S(-1)",0) -> 0.47036304 | MU12: 590679658 | MV12: 66319721 | MW12: =INDIRECT("ZS(-1)",0) * 'Correction factor'!$C$13 -> 1.0264398e+08 | MX12: =INDIRECT("ZS(-1)",0) + INDIRECT("ZS(-3)",0) -> 6.9332363e+08 | MY12: =INDIRECT("ZS(-1)",0) / INDIRECT("Z7S(-1)",0) -> 0.50266075 | MZ12: 519904965 | NA12: 68465148 | NB12: =INDIRECT("ZS(-1)",0) * 'Correction factor'!$C$13 -> 1.0596448e+08 | NC12: =INDIRECT("ZS(-1)",0) + INDIRECT("ZS(-3)",0) -> 6.2586945e+08 | ND12: =INDIRECT("ZS(-1)",0) / INDIRECT("Z7S(-1)",0) -> 0.44696697 | NE12: 467685494 | NF12: 71753165 | NG12: =INDIRECT("ZS(-1)",0) * 'Correction factor'!$C$13 -> 1.1105339e+08 | NH12: =INDIRECT("ZS(-1)",0) + INDIRECT("ZS(-3)",0) -> 5.7873889e+08 | NI12: =INDIRECT("ZS(-1)",0) / INDIRECT("Z7S(-1)",0) -> 0.45059613 | NJ12: 571818425 | NK12: 63347171 | NL12: =INDIRECT("ZS(-1)",0) * 'Correction factor'!$C$13 -> 98043318 | NM12: =INDIRECT("ZS(-1)",0) + INDIRECT("ZS(-3)",0) -> 6.6986174e+08 | NN12: =INDIRECT("ZS(-1)",0) / INDIRECT("Z7S(-1)",0) -> 0.46268877 | NO12: 599109506 | NP12: 68111579 | NQ12: =INDIRECT("ZS(-1)",0) * 'Correction factor'!$C$13 -> 1.0541726e+08 | NR12: =INDIRECT("ZS(-1)",0) + INDIRECT("ZS(-3)",0) -> 7.0452677e+08 | NS12: =INDIRECT("ZS(-1)",0) / INDIRECT("Z7S(-1)",0) -> 0.49852017 | NT12: 571748306 | NU12: 66641683 | NV12: =INDIRECT("ZS(-1)",0) * 'Correction factor'!$C$13 -> 1.0314228e+08 | NW12: =INDIRECT("ZS(-1)",0) + INDIRECT("ZS(-3)",0) -> 6.7489059e+08 | NX12: =INDIRECT("ZS(-1)",0) / INDIRECT("Z7S(-1)",0) -> 0.5030914 | NY12: 531543344 | NZ12: 66528146 | OA12: =INDIRECT("ZS(-1)",0) * 'Correction factor'!$C$13 -> 1.0296656e+08 | OB12: =INDIRECT("ZS(-1)",0) + INDIRECT("ZS(-3)",0) -> 6.345099e+08 | OC12: =INDIRECT("ZS(-1)",0) / INDIRECT("Z7S(-1)",0) -> 0.45194941 | OD12: 638837297 | OE12: 71773553 | OF12: =INDIRECT("ZS(-1)",0) * 'Correction factor'!$C$13 -> 1.1108495e+08 | OG12: =INDIRECT("ZS(-1)",0) + INDIRECT("ZS(-3)",0) -> 7.4992225e+08 | OH12: =INDIRECT("ZS(-1)",0) / INDIRECT("Z7S(-1)",0) -> 0.47443441 | OI12: 803714769 | OJ12: 63030920 | OK12: =INDIRECT("ZS(-1)",0) * 'Correction factor'!$C$13 -> 97553852 | OL12: =INDIRECT("ZS(-1)",0) + INDIRECT("ZS(-3)",0) -> 9.0126862e+08 | OM12: =INDIRECT("ZS(-1)",0) / INDIRECT("Z7S(-1)",0) -> 0.6223862 | ON12: 939373778 | OO12: 66123283 | OP12: =INDIRECT("ZS(-1)",0) * 'Correction factor'!$C$13 -> 1.0233995e+08 | OQ12: =INDIRECT("ZS(-1)",0) + INDIRECT("ZS(-3)",0) -> 1.0417137e+09 | OR12: =INDIRECT("ZS(-1)",0) / INDIRECT("Z7S(-1)",0) -> 0.72670037 | OS12: 740050201 | OT12: 73079157 | OU12: =INDIRECT("ZS(-1)",0) * 'Correction factor'!$C$13 -> 1.1310565e+08 | OV12: =INDIRECT("ZS(-1)",0) + INDIRECT("ZS(-3)",0) -> 8.5315585e+08 | OW12: =INDIRECT("ZS(-1)",0) / INDIRECT("Z7S(-1)",0) -> 0.58172939 | OX12: 1170515169 | OY12: 72429304 | OZ12: =INDIRECT("ZS(-1)",0) * 'Correction factor'!$C$13 -> 1.1209986e+08 | PA12: =INDIRECT("ZS(-1)",0) + INDIRECT("ZS(-3)",0) -> 1.282615e+09 | PB12: =INDIRECT("ZS(-1)",0) / INDIRECT("Z7S(-1)",0) -> 0.83141692 | PC12: 750125907 | PD12: 77054845 | PE12: =INDIRECT("ZS(-1)",0) * 'Correction factor'!$C$13 -> 1.1925888e+08 | PF12: =INDIRECT("ZS(-1)",0) + INDIRECT("ZS(-3)",0) -> 8.6938479e+08 | PG12: =INDIRECT("ZS(-1)",0) / INDIRECT("Z7S(-1)",0) -> 0.59811258 | PH12: 517632258 | PI12: 2595271521 | PJ12: =INDIRECT("ZS(-1)",0) * 'Correction factor'!$C$13 -> 4.0167387e+09 | PK12: =INDIRECT("ZS(-1)",0) + INDIRECT("ZS(-3)",0) -> 4.5343709e+09 | PL12: =INDIRECT("ZS(-1)",0) / INDIRECT("Z7S(-1)",0) -> 2.7801993 | PM12: 480837705 | PN12: 2073979535 | PO12: =INDIRECT("ZS(-1)",0) * 'Correction factor'!$C$13 -> 3.2099276e+09 | PP12: =INDIRECT("ZS(-1)",0) + INDIRECT("ZS(-3)",0) -> 3.6907653e+09 | PQ12: =INDIRECT("ZS(-1)",0) / INDIRECT("Z7S(-1)",0) -> 2.3590262 | PR12: 480844703 | PS12: 2147184870 | PT12: =INDIRECT("ZS(-1)",0) * 'Correction factor'!$C$13 -> 3.3232286e+09 | PU12: =INDIRECT("ZS(-1)",0) + INDIRECT("ZS(-3)",0) -> 3.8040733e+09 | PV12: =INDIRECT("ZS(-1)",0) / INDIRECT("Z7S(-1)",0) -> 2.4269175 | PW12: 471578044 | PX12: 2028761518 | PY12: =INDIRECT("ZS(-1)",0) * 'Correction factor'!$C$13 -> 3.1399431e+09 | PZ12: =INDIRECT("ZS(-1)",0) + INDIRECT("ZS(-3)",0) -> 3.6115211e+09 | QA12: =INDIRECT("ZS(-1)",0) / INDIRECT("Z7S(-1)",0) -> 2.3455521 | QB12: 403731579 | QC12: 1554028228 | QD12: =INDIRECT("ZS(-1)",0) * 'Correction factor'!$C$13 -> 2.4051916e+09 | QE12: =INDIRECT("ZS(-1)",0) + INDIRECT("ZS(-3)",0) -> 2.8089232e+09 | QF12: =INDIRECT("ZS(-1)",0) / INDIRECT("Z7S(-1)",0) -> 2.3643226 | QG12: 436108211 | QH12: 1731370262 | QI12: =INDIRECT("ZS(-1)",0) * 'Correction factor'!$C$13 -> 2.6796664e+09 | QJ12: =INDIRECT("ZS(-1)",0) + INDIRECT("ZS(-3)",0) -> 3.1157746e+09 | QK12: =INDIRECT("ZS(-1)",0) / INDIRECT("Z7S(-1)",0) -> 2.2375303 | QL12: 487742921 | QM12: 2041746346 | QN12: =INDIRECT("ZS(-1)",0) * 'Correction factor'!$C$13 -> 3.1600399e+09 | QO12: =INDIRECT("ZS(-1)",0) + INDIRECT("ZS(-3)",0) -> 3.6477828e+09 | QP12: =INDIRECT("ZS(-1)",0) / INDIRECT("Z7S(-1)",0) -> 2.3013683 | QQ12: 446385233 | QR12: 1881291421 | QS12: =INDIRECT("ZS(-1)",0) * 'Correction factor'!$C$13 -> 2.9117015e+09 | QT12: =INDIRECT("ZS(-1)",0) + INDIRECT("ZS(-3)",0) -> 3.3580867e+09 | QU12: =INDIRECT("ZS(-1)",0) / INDIRECT("Z7S(-1)",0) -> 2.2080974 | QV12: 484153510 | QW12: 2019092404 | QX12: =INDIRECT("ZS(-1)",0) * 'Correction factor'!$C$13 -> 3.124978e+09 | QY12: =INDIRECT("ZS(-1)",0) + INDIRECT("ZS(-3)",0) -> 3.6091316e+09 | QZ12: =INDIRECT("ZS(-1)",0) / INDIRECT("Z7S(-1)",0) -> 2.2448508 | RA12: 457077507 | RB12: 1866400267 | RC12: =INDIRECT("ZS(-1)",0) * 'Correction factor'!$C$13 -> 2.8886543e+09 | RD12: =INDIRECT("ZS(-1)",0) + INDIRECT("ZS(-3)",0) -> 3.3457318e+09 | RE12: =INDIRECT("ZS(-1)",0) / INDIRECT("Z7S(-1)",0) -> 2.2455135 | RF12: 473145097 | RG12: 1952753291 | RH12: =INDIRECT("ZS(-1)",0) * 'Correction factor'!$C$13 -> 3.0223041e+09 | RI12: =INDIRECT("ZS(-1)",0) + INDIRECT("ZS(-3)",0) -> 3.4954492e+09 | RJ12: =INDIRECT("ZS(-1)",0) / INDIRECT("Z7S(-1)",0) -> 2.2432993 | RK12: 80768614 | RL12: 65989377 | RM12: =INDIRECT("ZS(-1)",0) * 'Correction factor'!$C$13 -> 1.021327e+08 | RN12: =INDIRECT("ZS(-1)",0) + INDIRECT("ZS(-3)",0) -> 1.8290131e+08 | RO12: =INDIRECT("ZS(-1)",0) / INDIRECT("Z7S(-1)",0) -> 0.12671823
