Workbook
Name MethodPointer1: 18214176
Name MethodPointer2: 470

Sheet Calibration Plates
B3: Protokoll Calibration curve
B5: 1. Seed 50, 100, 200, 400, 800, 1600, 3200, 6400 cells in a 96 well plate on Monday (20.04.24)
C6: For a2
C7: For a3
C8: For a4
B9: 2. Add AlamarBlue on Tuesday morning
B10: 3. Wait 2h
B11: 4. Analyze in the plate reader
C13: a2 | D13: 1 | E13: 2 | F13: 3 | G13: 4 | H13: 5 | I13: 6 | J13: 7 | K13: 8 | L13: 9 | M13: 10 | N13: 11 | O13: 12 | S13: a3 | T13: 1 | U13: 2 | V13: 3 | W13: 4 | X13: 5 | Y13: 6 | Z13: 7 | AA13: 8 | AB13: 9 | AC13: 10 | AD13: 11 | AE13: 12 | AJ13: a4 | AK13: 1 | AL13: 2 | AM13: 3 | AN13: 4 | AO13: 5 | AP13: 6 | AQ13: 7 | AR13: 8 | AS13: 9 | AT13: 10 | AU13: 11 | AV13: 12
C14: A | S14: A | AJ14: A
C15: B | E15: 0 | F15: 50 | G15: 100 | H15: 200 | I15: 400 | J15: 800 | K15: 1600 | L15: 3200 | M15: 6400 | N15: Rho | S15: B | U15: 0 | V15: 50 | W15: 100 | X15: 200 | Y15: 400 | Z15: 800 | AA15: 1600 | AB15: 3200 | AC15: 6400 | AD15: Rho | AJ15: B | AL15: 0 | AM15: 50 | AN15: 100 | AO15: 200 | AP15: 400 | AQ15: 800 | AR15: 1600 | AS15: 3200 | AT15: 6400 | AU15: Rho
C16: C | E16: 0 | F16: 50 | G16: 100 | H16: 200 | I16: 400 | J16: 800 | K16: 1600 | L16: 3200 | M16: 6400 | N16: Rho | S16: C | U16: 0 | V16: 50 | W16: 100 | X16: 200 | Y16: 400 | Z16: 800 | AA16: 1600 | AB16: 3200 | AC16: 6400 | AD16: Rho | AJ16: C | AL16: 0 | AM16: 50 | AN16: 100 | AO16: 200 | AP16: 400 | AQ16: 800 | AR16: 1600 | AS16: 3200 | AT16: 6400 | AU16: Rho
C17: D | E17: 0 | F17: 50 | G17: 100 | H17: 200 | I17: 400 | J17: 800 | K17: 1600 | L17: 3200 | M17: 6400 | N17: Rho | S17: D | U17: 0 | V17: 50 | W17: 100 | X17: 200 | Y17: 400 | Z17: 800 | AA17: 1600 | AB17: 3200 | AC17: 6400 | AD17: Rho | AJ17: D | AL17: 0 | AM17: 50 | AN17: 100 | AO17: 200 | AP17: 400 | AQ17: 800 | AR17: 1600 | AS17: 3200 | AT17: 6400 | AU17: Rho
C18: E | E18: 0 | F18: 50 | G18: 100 | H18: 200 | I18: 400 | J18: 800 | K18: 1600 | L18: 3200 | M18: 6400 | N18: Rho | S18: E | U18: 0 | V18: 50 | W18: 100 | X18: 200 | Y18: 400 | Z18: 800 | AA18: 1600 | AB18: 3200 | AC18: 6400 | AD18: Rho | AJ18: E | AL18: 0 | AM18: 50 | AN18: 100 | AO18: 200 | AP18: 400 | AQ18: 800 | AR18: 1600 | AS18: 3200 | AT18: 6400 | AU18: Rho
C19: F | E19: 0 | F19: 50 | G19: 100 | H19: 200 | I19: 400 | J19: 800 | K19: 1600 | L19: 3200 | M19: 6400 | N19: Rho | S19: F | U19: 0 | V19: 50 | W19: 100 | X19: 200 | Y19: 400 | Z19: 800 | AA19: 1600 | AB19: 3200 | AC19: 6400 | AD19: Rho | AJ19: F | AL19: 0 | AM19: 50 | AN19: 100 | AO19: 200 | AP19: 400 | AQ19: 800 | AR19: 1600 | AS19: 3200 | AT19: 6400 | AU19: Rho
C20: G | E20: 0 | F20: 50 | G20: 100 | H20: 200 | I20: 400 | J20: 800 | K20: 1600 | L20: 3200 | M20: 6400 | N20: Rho | S20: G | U20: 0 | V20: 50 | W20: 100 | X20: 200 | Y20: 400 | Z20: 800 | AA20: 1600 | AB20: 3200 | AC20: 6400 | AD20: Rho | AJ20: G | AL20: 0 | AM20: 50 | AN20: 100 | AO20: 200 | AP20: 400 | AQ20: 800 | AR20: 1600 | AS20: 3200 | AT20: 6400 | AU20: Rho
C21: H | S21: H | AJ21: H
B24: Software Version | C24: 3.11.19 | R24: Software Version | S24: 3.11.19 | AI24: Software Version | AJ24: 3.11.19
B26: Experiment File Path: | C26: C:\Users\labadmin\Documents\Biotek Reader\Experiments\MaxE\2025_01_STEM_Preparation_experiments\2025_01_21_Calibration_plate_alpha2.xpt | R26: Experiment File Path: | S26: C:\Users\labadmin\Documents\Biotek Reader\Experiments\MaxE\2025_01_STEM_Preparation_experiments\2025_01_21_Calibration_plate_alpha2.xpt | AI26: Experiment File Path: | AJ26: C:\Users\labadmin\Documents\Biotek Reader\Experiments\MaxE\2025_01_STEM_Preparation_experiments\2025_01_21_Calibration_plate_alpha2.xpt
B27: Protocol File Path: | C27: C:\Users\labadmin\Documents\Biotek Reader\Protocols\Max\2025_01_21_calibration_plates\2025_01_21_calibration_plates.prt | R27: Protocol File Path: | S27: C:\Users\labadmin\Documents\Biotek Reader\Protocols\Max\2025_01_21_calibration_plates\2025_01_21_calibration_plates.prt | AI27: Protocol File Path: | AJ27: C:\Users\labadmin\Documents\Biotek Reader\Protocols\Max\2025_01_21_calibration_plates\2025_01_21_calibration_plates.prt
B28: Plate Number | C28: Plate 1 | R28: Plate Number | S28: Plate 2 | AI28: Plate Number | AJ28: Plate 3
B29: Date | C29: 45678 | R29: Date | S29: 45678 | AI29: Date | AJ29: 45678
B30: Time | C30: 0.56436343 | R30: Time | S30: 0.56777778 | AI30: Time | AJ30: 0.56951389
B31: Reader Type: | C31: Synergy H1 | R31: Reader Type: | S31: Synergy H1 | AI31: Reader Type: | AJ31: Synergy H1
B32: Reader Serial Number: | C32: 191202E | R32: Reader Serial Number: | S32: 191202E | AI32: Reader Serial Number: | AJ32: 191202E
B33: Reading Type | C33: Reader | R33: Reading Type | S33: Reader | AI33: Reading Type | AJ33: Reader
B35: Procedure Details | R35: Procedure Details | AI35: Procedure Details
B36: Plate Type | C36: 96 WELL PLATE | R36: Plate Type | S36: 96 WELL PLATE | AI36: Plate Type | AJ36: 96 WELL PLATE
B37: Eject plate on completion | R37: Eject plate on completion | AI37: Eject plate on completion
B38: Set Temperature | C38: Setpoint 37Â°C | R38: Set Temperature | S38: Setpoint 37Â°C | AI38: Set Temperature | AJ38: Setpoint 37Â°C
C39: Preheat before moving to next step | S39: Preheat before moving to next step | AJ39: Preheat before moving to next step
B40: Read | C40: Resazurin | R40: Read | S40: Resazurin | AI40: Read | AJ40: Resazurin
C41: Fluorescence Endpoint | S41: Fluorescence Endpoint | AJ41: Fluorescence Endpoint
C42: Full Plate | S42: Full Plate | AJ42: Full Plate
C43: Filter Set 1 | S43: Filter Set 1 | AJ43: Filter Set 1
C44: Excitation: 554, Emission: 593 | S44: Excitation: 554, Emission: 593 | AJ44: Excitation: 554, Emission: 593
C45: Optics: Bottom, Gain: 100 | S45: Optics: Bottom, Gain: 100 | AJ45: Optics: Bottom, Gain: 100
C46: Light Source: Xenon Flash, Lamp Energy: High | S46: Light Source: Xenon Flash, Lamp Energy: High | AJ46: Light Source: Xenon Flash, Lamp Energy: High
C47: Read Speed: Normal, Delay: 100 msec, Measurements/Data Point: 10 | S47: Read Speed: Normal, Delay: 100 msec, Measurements/Data Point: 10 | AJ47: Read Speed: Normal, Delay: 100 msec, Measurements/Data Point: 10
C48: Read Height: 7 mm | S48: Read Height: 7 mm | AJ48: Read Height: 7 mm
B50: Layout | R50: Layout | AI50: Layout
D52: 1 | E52: 2 | F52: 3 | G52: 4 | H52: 5 | I52: 6 | J52: 7 | K52: 8 | L52: 9 | M52: 10 | N52: 11 | O52: 12 | T52: 1 | U52: 2 | V52: 3 | W52: 4 | X52: 5 | Y52: 6 | Z52: 7 | AA52: 8 | AB52: 9 | AC52: 10 | AD52: 11 | AE52: 12 | AK52: 1 | AL52: 2 | AM52: 3 | AN52: 4 | AO52: 5 | AP52: 6 | AQ52: 7 | AR52: 8 | AS52: 9 | AT52: 10 | AU52: 11 | AV52: 12
C53: A | P53: Well ID | S53: A | AF53: Well ID | AJ53: A | AW53: Well ID
C54: B | E54: BLK | F54: SPL1 | G54: SPL2 | H54: SPL3 | I54: SPL4 | J54: SPL5 | K54: SPL6 | L54: SPL7 | M54: SPL8 | N54: CTR1 | P54: Well ID | S54: B | U54: BLK | V54: SPL1 | W54: SPL2 | X54: SPL3 | Y54: SPL4 | Z54: SPL5 | AA54: SPL6 | AB54: SPL7 | AC54: SPL8 | AD54: CTR1 | AF54: Well ID | AJ54: B | AL54: BLK | AM54: SPL1 | AN54: SPL2 | AO54: SPL3 | AP54: SPL4 | AQ54: SPL5 | AR54: SPL6 | AS54: SPL7 | AT54: SPL8 | AU54: CTR1 | AW54: Well ID
C55: C | E55: BLK | F55: SPL1 | G55: SPL2 | H55: SPL3 | I55: SPL4 | J55: SPL5 | K55: SPL6 | L55: SPL7 | M55: SPL8 | N55: CTR1 | P55: Well ID | S55: C | U55: BLK | V55: SPL1 | W55: SPL2 | X55: SPL3 | Y55: SPL4 | Z55: SPL5 | AA55: SPL6 | AB55: SPL7 | AC55: SPL8 | AD55: CTR1 | AF55: Well ID | AJ55: C | AL55: BLK | AM55: SPL1 | AN55: SPL2 | AO55: SPL3 | AP55: SPL4 | AQ55: SPL5 | AR55: SPL6 | AS55: SPL7 | AT55: SPL8 | AU55: CTR1 | AW55: Well ID
C56: D | E56: BLK | F56: SPL1 | G56: SPL2 | H56: SPL3 | I56: SPL4 | J56: SPL5 | K56: SPL6 | L56: SPL7 | M56: SPL8 | N56: CTR1 | P56: Well ID | S56: D | U56: BLK | V56: SPL1 | W56: SPL2 | X56: SPL3 | Y56: SPL4 | Z56: SPL5 | AA56: SPL6 | AB56: SPL7 | AC56: SPL8 | AD56: CTR1 | AF56: Well ID | AJ56: D | AL56: BLK | AM56: SPL1 | AN56: SPL2 | AO56: SPL3 | AP56: SPL4 | AQ56: SPL5 | AR56: SPL6 | AS56: SPL7 | AT56: SPL8 | AU56: CTR1 | AW56: Well ID
C57: E | E57: BLK | F57: SPL1 | G57: SPL2 | H57: SPL3 | I57: SPL4 | J57: SPL5 | K57: SPL6 | L57: SPL7 | M57: SPL8 | N57: CTR1 | P57: Well ID | S57: E | U57: BLK | V57: SPL1 | W57: SPL2 | X57: SPL3 | Y57: SPL4 | Z57: SPL5 | AA57: SPL6 | AB57: SPL7 | AC57: SPL8 | AD57: CTR1 | AF57: Well ID | AJ57: E | AL57: BLK | AM57: SPL1 | AN57: SPL2 | AO57: SPL3 | AP57: SPL4 | AQ57: SPL5 | AR57: SPL6 | AS57: SPL7 | AT57: SPL8 | AU57: CTR1 | AW57: Well ID
C58: F | E58: BLK | F58: SPL1 | G58: SPL2 | H58: SPL3 | I58: SPL4 | J58: SPL5 | K58: SPL6 | L58: SPL7 | M58: SPL8 | N58: CTR1 | P58: Well ID | S58: F | U58: BLK | V58: SPL1 | W58: SPL2 | X58: SPL3 | Y58: SPL4 | Z58: SPL5 | AA58: SPL6 | AB58: SPL7 | AC58: SPL8 | AD58: CTR1 | AF58: Well ID | AJ58: F | AL58: BLK | AM58: SPL1 | AN58: SPL2 | AO58: SPL3 | AP58: SPL4 | AQ58: SPL5 | AR58: SPL6 | AS58: SPL7 | AT58: SPL8 | AU58: CTR1 | AW58: Well ID
C59: G | E59: BLK | F59: SPL1 | G59: SPL2 | H59: SPL3 | I59: SPL4 | J59: SPL5 | K59: SPL6 | L59: SPL7 | M59: SPL8 | N59: CTR1 | P59: Well ID | S59: G | U59: BLK | V59: SPL1 | W59: SPL2 | X59: SPL3 | Y59: SPL4 | Z59: SPL5 | AA59: SPL6 | AB59: SPL7 | AC59: SPL8 | AD59: CTR1 | AF59: Well ID | AJ59: G | AL59: BLK | AM59: SPL1 | AN59: SPL2 | AO59: SPL3 | AP59: SPL4 | AQ59: SPL5 | AR59: SPL6 | AS59: SPL7 | AT59: SPL8 | AU59: CTR1 | AW59: Well ID
C60: H | P60: Well ID | S60: H | AF60: Well ID | AJ60: H | AW60: Well ID
B62: Resazurin:554,593 | R62: Resazurin:554,593 | AI62: Resazurin:554,593
B63: Actual Temperature: | C63: 22.9 | R63: Actual Temperature: | S63: 22.9 | AI63: Actual Temperature: | AJ63: 22.9
D65: 1 | E65: 2 | F65: 3 | G65: 4 | H65: 5 | I65: 6 | J65: 7 | K65: 8 | L65: 9 | M65: 10 | N65: 11 | O65: 12 | T65: 1 | U65: 2 | V65: 3 | W65: 4 | X65: 5 | Y65: 6 | Z65: 7 | AA65: 8 | AB65: 9 | AC65: 10 | AD65: 11 | AE65: 12 | AK65: 1 | AL65: 2 | AM65: 3 | AN65: 4 | AO65: 5 | AP65: 6 | AQ65: 7 | AR65: 8 | AS65: 9 | AT65: 10 | AU65: 11 | AV65: 12
C66: A | P66: Resazurin:554,593 | S66: A | AF66: Resazurin:554,593 | AJ66: A | AW66: Resazurin:554,593
C67: B | E67: 19172 | F67: 19466 | G67: 20011 | H67: 20594 | I67: 22366 | J67: 25867 | K67: 36248 | L67: 47407 | M67: 92519 | N67: 750623 | P67: Resazurin:554,593 | S67: B | U67: 19383 | V67: 19849 | W67: 19907 | X67: 21253 | Y67: 22330 | Z67: 25228 | AA67: 32303 | AB67: 46122 | AC67: 77276 | AD67: 740689 | AF67: Resazurin:554,593 | AJ67: B | AL67: 19384 | AM67: 19911 | AN67: 20280 | AO67: 21571 | AP67: 23993 | AQ67: 28969 | AR67: 35826 | AS67: 55228 | AT67: 101592 | AU67: 741130 | AW67: Resazurin:554,593
C68: C | E68: 18873 | F68: 19403 | G68: 20148 | H68: 20535 | I68: 22741 | J68: 26861 | K68: 34330 | L68: 51622 | M68: 93469 | N68: 761589 | P68: Resazurin:554,593 | S68: C | U68: 19130 | V68: 19424 | W68: 19774 | X68: 20934 | Y68: 22355 | Z68: 25305 | AA68: 31415 | AB68: 45145 | AC68: 71598 | AD68: 749833 | AF68: Resazurin:554,593 | AJ68: C | AL68: 19143 | AM68: 19805 | AN68: 20354 | AO68: 21299 | AP68: 22958 | AQ68: 28472 | AR68: 38798 | AS68: 57741 | AT68: 101975 | AU68: 748619 | AW68: Resazurin:554,593
C69: D | E69: 18982 | F69: 19112 | G69: 19660 | H69: 20428 | I69: 22034 | J69: 26535 | K69: 35048 | L69: 48385 | M69: 82848 | N69: 760193 | P69: Resazurin:554,593 | S69: D | U69: 18903 | V69: 19437 | W69: 19657 | X69: 20460 | Y69: 21882 | Z69: 24863 | AA69: 33643 | AB69: 44515 | AC69: 71964 | AD69: 741832 | AF69: Resazurin:554,593 | AJ69: D | AL69: 18736 | AM69: 19673 | AN69: 20007 | AO69: 21318 | AP69: 23736 | AQ69: 28981 | AR69: 37527 | AS69: 54034 | AT69: 109450 | AU69: 748889 | AW69: Resazurin:554,593
C70: E | E70: 18248 | F70: 19316 | G70: 19458 | H70: 20537 | I70: 22330 | J70: 26001 | K70: 34520 | L70: 50820 | M70: 81893 | N70: 760557 | P70: Resazurin:554,593 | S70: E | U70: 19144 | V70: 19494 | W70: 19454 | X70: 20668 | Y70: 22766 | Z70: 24643 | AA70: 31554 | AB70: 44099 | AC70: 71967 | AD70: 745224 | AF70: Resazurin:554,593 | AJ70: E | AL70: 18966 | AM70: 19462 | AN70: 20700 | AO70: 21428 | AP70: 23671 | AQ70: 28009 | AR70: 38070 | AS70: 54804 | AT70: 111807 | AU70: 742749 | AW70: Resazurin:554,593
C71: F | E71: 18699 | F71: 19241 | G71: 19814 | H71: 20224 | I71: 22194 | J71: 26822 | K71: 33366 | L71: 48024 | M71: 85617 | N71: 763575 | P71: Resazurin:554,593 | S71: F | U71: 18906 | V71: 19445 | W71: 19581 | X71: 21342 | Y71: 22505 | Z71: 27240 | AA71: 32861 | AB71: 43665 | AC71: 73351 | AD71: 749042 | AF71: Resazurin:554,593 | AJ71: F | AL71: 18886 | AM71: 19645 | AN71: 20478 | AO71: 21879 | AP71: 23039 | AQ71: 28263 | AR71: 36907 | AS71: 53632 | AT71: 101104 | AU71: 750137 | AW71: Resazurin:554,593
C72: G | E72: 19027 | F72: 19206 | G72: 19625 | H72: 20592 | I72: 22636 | J72: 26689 | K72: 32493 | L72: 47723 | M72: 86641 | N72: 766723 | P72: Resazurin:554,593 | S72: G | U72: 19107 | V72: 19523 | W72: 20052 | X72: 20506 | Y72: 22665 | Z72: 25541 | AA72: 31705 | AB72: 44406 | AC72: 69027 | AD72: 754106 | AF72: Resazurin:554,593 | AJ72: G | AL72: 16943 | AM72: 19251 | AN72: 20661 | AO72: 21472 | AP72: 23420 | AQ72: 28019 | AR72: 37631 | AS72: 54558 | AT72: 104153 | AU72: 742399 | AW72: Resazurin:554,593
C73: H | P73: Resazurin:554,593 | S73: H | AF73: Resazurin:554,593 | AJ73: H | AW73: Resazurin:554,593
B75: Blank Resazurin:554,593 | R75: Blank Resazurin:554,593 | AI75: Blank Resazurin:554,593
D77: 1 | E77: 2 | F77: 3 | G77: 4 | H77: 5 | I77: 6 | J77: 7 | K77: 8 | L77: 9 | M77: 10 | N77: 11 | O77: 12 | Q77: Mittelwerte | T77: 1 | U77: 2 | V77: 3 | W77: 4 | X77: 5 | Y77: 6 | Z77: 7 | AA77: 8 | AB77: 9 | AC77: 10 | AD77: 11 | AE77: 12 | AG77: Mittelwerte | AK77: 1 | AL77: 2 | AM77: 3 | AN77: 4 | AO77: 5 | AP77: 6 | AQ77: 7 | AR77: 8 | AS77: 9 | AT77: 10 | AU77: 11 | AV77: 12 | AX77: Mittelwerte
C78: A | P78: Blank Resazurin:554,593 | S78: A | AF78: Blank Resazurin:554,593 | AJ78: A | AW78: Blank Resazurin:554,593
C79: B | E79: 339 | F79: 633 | G79: 1178 | H79: 1761 | I79: 3533 | J79: 7034 | K79: 17415 | L79: 28574 | M79: 73686 | N79: 731790 | P79: Blank Resazurin:554,593 | Q79: =AVERAGE(E79:M79) -> 14905.889 | S79: B | U79: 288 | V79: 754 | W79: 812 | X79: 2158 | Y79: 3235 | Z79: 6133 | AA79: 13208 | AB79: 27027 | AC79: 58181 | AD79: 721594 | AF79: Blank Resazurin:554,593 | AG79: =AVERAGE(U79:AC79) -> 12421.778 | AJ79: B | AL79: 708 | AM79: 1235 | AN79: 1604 | AO79: 2895 | AP79: 5317 | AQ79: 10293 | AR79: 17150 | AS79: 36552 | AT79: 82916 | AU79: 722454 | AW79: Blank Resazurin:554,593 | AX79: =AVERAGE(AL79:AT79) -> 17630
C80: C | E80: 40 | F80: 570 | G80: 1315 | H80: 1702 | I80: 3908 | J80: 8028 | K80: 15497 | L80: 32789 | M80: 74636 | N80: 742756 | P80: Blank Resazurin:554,593 | Q80: =AVERAGE(E80:M80) -> 15387.222 | S80: C | U80: 35 | V80: 329 | W80: 679 | X80: 1839 | Y80: 3260 | Z80: 6210 | AA80: 12320 | AB80: 26050 | AC80: 52503 | AD80: 730738 | AF80: Blank Resazurin:554,593 | AG80: =AVERAGE(U80:AC80) -> 11469.444 | AJ80: C | AL80: 467 | AM80: 1129 | AN80: 1678 | AO80: 2623 | AP80: 4282 | AQ80: 9796 | AR80: 20122 | AS80: 39065 | AT80: 83299 | AU80: 729943 | AW80: Blank Resazurin:554,593 | AX80: =AVERAGE(AL80:AT80) -> 18051.222
C81: D | E81: 149 | F81: 279 | G81: 827 | H81: 1595 | I81: 3201 | J81: 7702 | K81: 16215 | L81: 29552 | M81: 64015 | N81: 741360 | P81: Blank Resazurin:554,593 | Q81: =AVERAGE(E81:M81) -> 13726.111 | S81: D | U81: -193 | V81: 342 | W81: 562 | X81: 1365 | Y81: 2787 | Z81: 5768 | AA81: 14548 | AB81: 25420 | AC81: 52869 | AD81: 722737 | AF81: Blank Resazurin:554,593 | AG81: =AVERAGE(U81:AC81) -> 11496.444 | AJ81: D | AL81: 60 | AM81: 997 | AN81: 1331 | AO81: 2642 | AP81: 5060 | AQ81: 10305 | AR81: 18851 | AS81: 35358 | AT81: 90774 | AU81: 730213 | AW81: Blank Resazurin:554,593 | AX81: =AVERAGE(AL81:AT81) -> 18375.333
C82: E | E82: -586 | F82: 483 | G82: 625 | H82: 1704 | I82: 3497 | J82: 7168 | K82: 15687 | L82: 31987 | M82: 63060 | N82: 741724 | P82: Blank Resazurin:554,593 | Q82: =AVERAGE(E82:M82) -> 13736.111 | S82: E | U82: 49 | V82: 399 | W82: 359 | X82: 1573 | Y82: 3671 | Z82: 5548 | AA82: 12459 | AB82: 25004 | AC82: 52872 | AD82: 726129 | AF82: Blank Resazurin:554,593 | AG82: =AVERAGE(U82:AC82) -> 11326 | AJ82: E | AL82: 290 | AM82: 786 | AN82: 2024 | AO82: 2752 | AP82: 4995 | AQ82: 9333 | AR82: 19394 | AS82: 36128 | AT82: 93131 | AU82: 724073 | AW82: Blank Resazurin:554,593 | AX82: =AVERAGE(AL82:AT82) -> 18759.222
C83: F | E83: -135 | F83: 408 | G83: 981 | H83: 1391 | I83: 3361 | J83: 7989 | K83: 14533 | L83: 29191 | M83: 66784 | N83: 744742 | P83: Blank Resazurin:554,593 | Q83: =AVERAGE(E83:M83) -> 13833.667 | S83: F | U83: -190 | V83: 350 | W83: 486 | X83: 2247 | Y83: 3410 | Z83: 8145 | AA83: 13766 | AB83: 24570 | AC83: 54256 | AD83: 729947 | AF83: Blank Resazurin:554,593 | AG83: =AVERAGE(U83:AC83) -> 11893.333 | AJ83: F | AL83: 210 | AM83: 969 | AN83: 1802 | AO83: 3203 | AP83: 4363 | AQ83: 9587 | AR83: 18231 | AS83: 34956 | AT83: 82428 | AU83: 731461 | AW83: Blank Resazurin:554,593 | AX83: =AVERAGE(AL83:AT83) -> 17305.444
C84: G | E84: 194 | F84: 373 | G84: 792 | H84: 1759 | I84: 3803 | J84: 7856 | K84: 13660 | L84: 28890 | M84: 67808 | N84: 747890 | P84: Blank Resazurin:554,593 | Q84: =AVERAGE(E84:M84) -> 13903.889 | S84: G | U84: 12 | V84: 428 | W84: 957 | X84: 1411 | Y84: 3570 | Z84: 6446 | AA84: 12610 | AB84: 25311 | AC84: 49932 | AD84: 735011 | AF84: Blank Resazurin:554,593 | AG84: =AVERAGE(U84:AC84) -> 11186.333 | AJ84: G | AL84: -1733 | AM84: 575 | AN84: 1985 | AO84: 2796 | AP84: 4744 | AQ84: 9343 | AR84: 18955 | AS84: 35882 | AT84: 85477 | AU84: 723723 | AW84: Blank Resazurin:554,593 | AX84: =AVERAGE(AL84:AT84) -> 17558.222
C85: H | P85: Blank Resazurin:554,593 | S85: H | AF85: Blank Resazurin:554,593 | AJ85: H | AW85: Blank Resazurin:554,593
D88: 0 | E88: 50 | F88: 100 | G88: 200 | H88: 400 | I88: 800 | J88: 1600 | K88: 3200 | L88: 6400 | M88: Rho | T88: 0 | U88: 50 | V88: 100 | W88: 200 | X88: 400 | Y88: 800 | Z88: 1600 | AA88: 3200 | AB88: 6400 | AC88: Rho | AK88: 0 | AL88: 50 | AM88: 100 | AN88: 200 | AO88: 400 | AP88: 800 | AQ88: 1600 | AR88: 3200 | AS88: 6400 | AT88: Rho
C89: Mittelwert | D89: =ROUND(AVERAGE(E79:E84),0) -> 0 | E89: =ROUND(AVERAGE(F79:F84),0) -> 458 | F89: =ROUND(AVERAGE(G79:G84),0) -> 953 | G89: =ROUND(AVERAGE(H79:H84),0) -> 1652 | H89: =ROUND(AVERAGE(I79:I84),0) -> 3551 | I89: =ROUND(AVERAGE(J79:J84),0) -> 7630 | J89: =ROUND(AVERAGE(K79:K84),0) -> 15501 | K89: =ROUND(AVERAGE(L79:L84),0) -> 30164 | ... M89: =ROUND(AVERAGE(N79:N84),0) -> 741710 | S89: Mittelwert | T89: =ROUND(AVERAGE(U79:U84),0) -> 0 | U89: =ROUND(AVERAGE(V79:V84),0) -> 434 | V89: =ROUND(AVERAGE(W79:W84),0) -> 643 | W89: =ROUND(AVERAGE(X79:X84),0) -> 1766 | X89: =ROUND(AVERAGE(Y79:Y84),0) -> 3322 | Y89: =ROUND(AVERAGE(Z79:Z84),0) -> 6375 | Z89: =ROUND(AVERAGE(AA79:AA84),0) -> 13152 | AA89: =ROUND(AVERAGE(AB79:AB84),0) -> 25564 | ... AC89: =ROUND(AVERAGE(AD79:AD84),0) -> 727693 | AJ89: Mittelwert | AK89: =ROUND(AVERAGE(AL79:AL84),0) -> 0 | AL89: =ROUND(AVERAGE(AM79:AM84),0) -> 949 | AM89: =ROUND(AVERAGE(AN79:AN84),0) -> 1737 | AN89: =ROUND(AVERAGE(AO79:AO84),0) -> 2819 | AO89: =ROUND(AVERAGE(AP79:AP84),0) -> 4794 | AP89: =ROUND(AVERAGE(AQ79:AQ84),0) -> 9776 | AQ89: =ROUND(AVERAGE(AR79:AR84),0) -> 18784 | AR89: =ROUND(AVERAGE(AS79:AS84),0) -> 36324 | ... AT89: =ROUND(AVERAGE(AU79:AU84),0) -> 726978
C90: Standardabweichung | D90: =ROUND(_xlfn.STDEV.P(E79:E84),0) -> 299 | E90: =ROUND(_xlfn.STDEV.P(F79:F84),0) -> 119 | F90: =ROUND(_xlfn.STDEV.P(G79:G84),0) -> 235 | G90: =ROUND(_xlfn.STDEV.P(H79:H84),0) -> 129 | H90: =ROUND(_xlfn.STDEV.P(I79:I84),0) -> 242 | I90: =ROUND(_xlfn.STDEV.P(J79:J84),0) -> 390 | J90: =ROUND(_xlfn.STDEV.P(K79:K84),0) -> 1193 | K90: =ROUND(_xlfn.STDEV.P(L79:L84),0) -> 1617 | ... M90: =ROUND(_xlfn.STDEV.P(N79:N84),0) -> 4950 | S90: Standardabweichung | T90: =ROUND(_xlfn.STDEV.P(U79:U84),0) -> 163 | U90: =ROUND(_xlfn.STDEV.P(V79:V84),0) -> 147 | V90: =ROUND(_xlfn.STDEV.P(W79:W84),0) -> 200 | W90: =ROUND(_xlfn.STDEV.P(X79:X84),0) -> 345 | X90: =ROUND(_xlfn.STDEV.P(Y79:Y84),0) -> 285 | Y90: =ROUND(_xlfn.STDEV.P(Z79:Z84),0) -> 844 | Z90: =ROUND(_xlfn.STDEV.P(AA79:AA84),0) -> 795 | AA90: =ROUND(_xlfn.STDEV.P(AB79:AB84),0) -> 792 | ... AC90: =ROUND(_xlfn.STDEV.P(AD79:AD84),0) -> 4692 | AJ90: Standardabweichung | AK90: =ROUND(_xlfn.STDEV.P(AL79:AL84),0) -> 802 | AL90: =ROUND(_xlfn.STDEV.P(AM79:AM84),0) -> 217 | AM90: =ROUND(_xlfn.STDEV.P(AN79:AN84),0) -> 236 | AN90: =ROUND(_xlfn.STDEV.P(AO79:AO84),0) -> 195 | AO90: =ROUND(_xlfn.STDEV.P(AP79:AP84),0) -> 373 | AP90: =ROUND(_xlfn.STDEV.P(AQ79:AQ84),0) -> 401 | AQ90: =ROUND(_xlfn.STDEV.P(AR79:AR84),0) -> 928 | AR90: =ROUND(_xlfn.STDEV.P(AS79:AS84),0) -> 1329 | ... AT90: =ROUND(_xlfn.STDEV.P(AU79:AU84),0) -> 3625
C92: Normalized and times 10000 | D92: 0 | E92: 50 | F92: 100 | G92: 200 | H92: 400 | I92: 800 | J92: 1600 | K92: 3200 | L92: 6400 | S92: Normalized and times 10000 | T92: 0 | U92: 50 | V92: 100 | W92: 200 | X92: 400 | Y92: 800 | Z92: 1600 | AA92: 3200 | AB92: 6400 | AJ92: Normalized and times 10000 | AK92: 0 | AL92: 50 | AM92: 100 | AN92: 200 | AO92: 400 | AP92: 800 | AQ92: 1600 | AR92: 3200 | AS92: 6400
C93: Mittelwert | D93: =D89/$M$89 -> 0 | E93: =E89/$M$89 -> 0.00061749201 | F93: =F89/$M$89 -> 0.0012848687 | G93: =G89/$M$89 -> 0.0022272856 | H93: =H89/$M$89 -> 0.0047875854 | I93: =I89/$M$89 -> 0.010287039 | J93: =J89/$M$89 -> 0.020899004 | K93: =K89/$M$89 -> 0.040668186 | L93: =L89/$M$89 -> 0.092127651 | S93: Mittelwert | T93: =T89/$M$89 * 10000 -> 0 | U93: =U89/$M$89 * 10000 -> 5.8513435 | V93: =V89/$M$89 * 10000 -> 8.6691564 | W93: =W89/$M$89 * 10000 -> 23.809845 | X93: =X89/$M$89 * 10000 -> 44.788394 | Y93: =Y89/$M$89 * 10000 -> 85.950034 | Z93: =Z89/$M$89 * 10000 -> 177.31998 | AA93: =AA89/$M$89 * 10000 -> 344.66301 | AB93: =AB89/$M$89 * 10000 -> 720.4433 | AJ93: Mittelwert | AK93: =AK89/$M$89 * 10000 -> 0 | AL93: =AL89/$M$89 * 10000 -> 12.794758 | AM93: =AM89/$M$89 * 10000 -> 23.418856 | AN93: =AN89/$M$89 * 10000 -> 38.006768 | AO93: =AO89/$M$89 * 10000 -> 64.634426 | AP93: =AP89/$M$89 * 10000 -> 131.80354 | AQ93: =AQ89/$M$89 * 10000 -> 253.25262 | AR93: =AR89/$M$89 * 10000 -> 489.73318 | AS93: =AS89/$M$89 * 10000 -> 1164.0399
C94: Standardabweichung | D94: =D90/$M$89 -> 0.00040312251 | E94: =E90/$M$89 -> 0.00016044006 | F94: =F90/$M$89 -> 0.00031683542 | G94: =G90/$M$89 -> 0.00017392242 | H94: =H90/$M$89 -> 0.00032627307 | I94: =I90/$M$89 -> 0.00052581198 | J94: =J90/$M$89 -> 0.0016084453 | K94: =K90/$M$89 -> 0.0021800973 | L94: =L90/$M$89 -> 0.0059659436 | S94: Standardabweichung | T94: =T90/$M$89 * 10000 -> 2.1976244 | U94: =U90/$M$89 * 10000 -> 1.9819067 | V94: =V90/$M$89 * 10000 -> 2.6964717 | W94: =W90/$M$89 * 10000 -> 4.6514136 | X94: =X90/$M$89 * 10000 -> 3.8424721 | Y94: =Y90/$M$89 * 10000 -> 11.37911 | Z94: =Z90/$M$89 * 10000 -> 10.718475 | AA94: =AA90/$M$89 * 10000 -> 10.678028 | AB94: =AB90/$M$89 * 10000 -> 33.463213 | AJ94: Standardabweichung | AK94: =AK90/$M$89 * 10000 -> 10.812851 | AL94: =AL90/$M$89 * 10000 -> 2.9256718 | AM94: =AM90/$M$89 * 10000 -> 3.1818366 | AN94: =AN90/$M$89 * 10000 -> 2.6290599 | AO94: =AO90/$M$89 * 10000 -> 5.0289197 | AP94: =AP90/$M$89 * 10000 -> 5.4064257 | AQ94: =AQ90/$M$89 * 10000 -> 12.511629 | AR94: =AR90/$M$89 * 10000 -> 17.918054 | AS94: =AS90/$M$89 * 10000 -> 55.803481
AQ101: 1 normalized value = 0.00001751 * cells
AQ102: 1 cell = 57110 * value
K103: 1 normalized value = 0.00001399 * cells | AA103: 1 normalized value = 0.00001115 * cells | AQ103: =1/0.00001751 -> 57110.223
K104: 1 cell = 71479 * value | AA104: 1 cell = 89686 * value
K105: 71479.628 | AA105: =1/0.00001115 -> 89686.099

Sheet Drug Background Test
B2: Protokoll Drug Background
B4: 1. No cells, but different drug concentrations
B5: 2. Add AlamarBlue on Tuesday morning
B6: 3. Wait 2h
B7: 4. Analyze in the plate reader
D9: 1 | E9: 2 | F9: 3 | G9: 4 | H9: 5 | I9: 6 | J9: 7 | K9: 8 | L9: 9 | M9: 10 | N9: 11 | O9: 12
C10: A
C11: B | E11: 0 | F11: 64 | G11: 32 | H11: 16 | I11: 8 | J11: 5 | K11: 1 | L11: 0.2 | M11: 0.04 | N11: 0.008
C12: C | E12: 0 | F12: 64 | G12: 32 | H12: 16 | I12: 8 | J12: 5 | K12: 1 | L12: 0.2 | M12: 0.04 | N12: 0.008
C13: D | E13: 0 | F13: 64 | G13: 32 | H13: 16 | I13: 8 | J13: 5 | K13: 1 | L13: 0.2 | M13: 0.04 | N13: 0.008
C14: E | E14: 0 | F14: 64 | G14: 32 | H14: 16 | I14: 8 | J14: 5 | K14: 1 | L14: 0.2 | M14: 0.04 | N14: 0.008
C15: F | E15: 0 | F15: 64 | G15: 32 | H15: 16 | I15: 8 | J15: 5 | K15: 1 | L15: 0.2 | M15: 0.04 | N15: 0.008
C16: G | E16: 0 | F16: 64 | G16: 32 | H16: 16 | I16: 8 | J16: 5 | K16: 1 | L16: 0.2 | M16: 0.04 | N16: 0.008
C17: H
B19: Software Version | C19: 3.11.19
B21: Experiment File Path: | C21: C:\Users\labadmin\Documents\Biotek Reader\Experiments\MaxE\2025_01_STEM_Preparation_experiments\2025_01_23_test_0001.xpt
B22: Protocol File Path: | C22: C:\Users\labadmin\Documents\Biotek Reader\Protocols\Max\2025_01_22_G418_plates\2025_01_23_test.prt
B23: Plate Number | C23: Plate 1
B24: Date | C24: 45680
B25: Time | C25: 0.56650463
B26: Reader Type: | C26: Synergy H1
B27: Reader Serial Number: | C27: 191202E
B28: Reading Type | C28: Reader
B30: Procedure Details
B31: Plate Type | C31: 96 WELL PLATE
B32: Eject plate on completion
B33: Set Temperature | C33: Setpoint 37Â°C
C34: Preheat before moving to next step
B35: Read | C35: Resazurin
C36: Fluorescence Endpoint
C37: Full Plate
C38: Filter Set 1
C39: Excitation: 554, Emission: 593
C40: Optics: Bottom, Gain: 100
C41: Light Source: Xenon Flash, Lamp Energy: High
C42: Read Speed: Normal, Delay: 100 msec, Measurements/Data Point: 10
C43: Read Height: 7 mm
B45: Layout
D47: 1 | E47: 2 | F47: 3 | G47: 4 | H47: 5 | I47: 6 | J47: 7 | K47: 8 | L47: 9 | M47: 10 | N47: 11 | O47: 12
C48: A | P48: Well ID
C49: B | E49: BLK | F49: SPL1 | G49: SPL2 | H49: SPL3 | I49: SPL4 | J49: SPL5 | K49: SPL6 | L49: SPL7 | M49: SPL8 | N49: SPL9 | P49: Well ID
C50: C | E50: BLK | F50: SPL1 | G50: SPL2 | H50: SPL3 | I50: SPL4 | J50: SPL5 | K50: SPL6 | L50: SPL7 | M50: SPL8 | N50: SPL9 | P50: Well ID
C51: D | E51: BLK | F51: SPL1 | G51: SPL2 | H51: SPL3 | I51: SPL4 | J51: SPL5 | K51: SPL6 | L51: SPL7 | M51: SPL8 | N51: SPL9 | P51: Well ID
C52: E | E52: BLK | F52: SPL1 | G52: SPL2 | H52: SPL3 | I52: SPL4 | J52: SPL5 | K52: SPL6 | L52: SPL7 | M52: SPL8 | N52: SPL9 | P52: Well ID
C53: F | E53: BLK | F53: SPL1 | G53: SPL2 | H53: SPL3 | I53: SPL4 | J53: SPL5 | K53: SPL6 | L53: SPL7 | M53: SPL8 | N53: SPL9 | P53: Well ID
C54: G | E54: BLK | F54: SPL1 | G54: SPL2 | H54: SPL3 | I54: SPL4 | J54: SPL5 | K54: SPL6 | L54: SPL7 | M54: SPL8 | N54: SPL9 | P54: Well ID
C55: H | P55: Well ID
B57: Resazurin:554,593
B58: Actual Temperature: | C58: 28.8
D60: 1 | E60: 2 | F60: 3 | G60: 4 | H60: 5 | I60: 6 | J60: 7 | K60: 8 | L60: 9 | M60: 10 | N60: 11 | O60: 12
C61: A | P61: Resazurin:554,593
C62: B | E62: 18966 | F62: 19055 | G62: 18817 | H62: 18848 | I62: 18769 | J62: 19253 | K62: 18612 | L62: 18788 | M62: 18707 | N62: 18860 | P62: Resazurin:554,593
C63: C | E63: 18806 | F63: 18812 | G63: 18829 | H63: 18513 | I63: 18556 | J63: 19238 | K63: 18763 | L63: 18604 | M63: 18656 | N63: 18606 | P63: Resazurin:554,593
C64: D | E64: 18689 | F64: 18611 | G64: 18730 | H64: 18486 | I64: 18416 | J64: 19119 | K64: 18849 | L64: 18786 | M64: 20815 | N64: 18621 | P64: Resazurin:554,593
C65: E | E65: 19030 | F65: 18942 | G65: 18827 | H65: 18370 | I65: 18516 | J65: 18892 | K65: 18870 | L65: 18620 | M65: 18505 | N65: 18553 | P65: Resazurin:554,593
C66: F | E66: 18738 | F66: 18556 | G66: 18793 | H66: 18637 | I66: 18569 | J66: 19124 | K66: 18587 | L66: 18412 | M66: 18494 | N66: 18549 | P66: Resazurin:554,593
C67: G | E67: 18695 | F67: 19095 | G67: 18653 | H67: 18664 | I67: 18737 | J67: 19116 | K67: 18608 | L67: 18577 | M67: 18550 | N67: 18612 | P67: Resazurin:554,593
C68: H | P68: Resazurin:554,593
B70: Blank Resazurin:554,593
D72: 1 | E72: 2 | F72: 3 | G72: 4 | H72: 5 | I72: 6 | J72: 7 | K72: 8 | L72: 9 | M72: 10 | N72: 11 | O72: 12
C73: A | P73: Blank Resazurin:554,593
C74: B | E74: 145 | F74: 234 | G74: -4 | H74: 27 | I74: -52 | J74: 432 | K74: -209 | L74: -33 | M74: -114 | N74: 39 | P74: Blank Resazurin:554,593
C75: C | E75: -15 | F75: -9 | G75: 8 | H75: -308 | I75: -265 | J75: 417 | K75: -58 | L75: -217 | M75: -165 | N75: -215 | P75: Blank Resazurin:554,593
C76: D | E76: -132 | F76: -210 | G76: -91 | H76: -335 | I76: -405 | J76: 298 | K76: 28 | L76: -35 | M76: 1994 | N76: -200 | P76: Blank Resazurin:554,593
C77: E | E77: 209 | F77: 121 | G77: 6 | H77: -451 | I77: -305 | J77: 71 | K77: 49 | L77: -201 | M77: -316 | N77: -268 | P77: Blank Resazurin:554,593
C78: F | E78: -83 | F78: -265 | G78: -28 | H78: -184 | I78: -252 | J78: 303 | K78: -234 | L78: -409 | M78: -327 | N78: -272 | P78: Blank Resazurin:554,593
C79: G | E79: -126 | F79: 274 | G79: -168 | H79: -157 | I79: -84 | J79: 295 | K79: -213 | L79: -244 | M79: -271 | N79: -209 | P79: Blank Resazurin:554,593
C80: H | P80: Blank Resazurin:554,593
C83: HygB | H83: G418
C84: 0 | D84: =ROUND(AVERAGE(E74:E79),0) -> 0 | E84: =ROUND(_xlfn.STDEV.P(E74:E79),0) -> 132 | H84: 0 | I84: =ROUND(AVERAGE(E74:E79),0) -> 0 | J84: =ROUND(_xlfn.STDEV.P(E74:E79),0) -> 132
C85: 8 | D85: =ROUND(AVERAGE(I74:I79),0) -> -227 | E85: =ROUND(_xlfn.STDEV.P(I74:I79),0) -> 123 | H85: 0.008 | I85: =ROUND(AVERAGE(N74:N79),0) -> -188 | J85: =ROUND(_xlfn.STDEV.P(N74:N79),0) -> 105
C86: 16 | D86: =ROUND(AVERAGE(H74:H79),0) -> -235 | E86: =ROUND(_xlfn.STDEV.P(H74:H79),0) -> 152 | H86: 0.04 | I86: =ROUND(AVERAGE(M77:M79,M74:M75),0) -> -239 | J86: =ROUND(_xlfn.STDEV.P(M77:M79,M74:M75),0) -> 85
C87: 32 | D87: =ROUND(AVERAGE(G74:G79),0) -> -46 | E87: =ROUND(_xlfn.STDEV.P(G74:G79),0) -> 64 | H87: 0.2 | I87: =ROUND(AVERAGE(L74:L79),0) -> -190 | J87: =ROUND(_xlfn.STDEV.P(L74:L79),0) -> 129
C88: 64 | D88: =ROUND(AVERAGE(F74:F79),0) -> 24 | E88: =ROUND(_xlfn.STDEV.P(F74:F79),0) -> 206 | H88: 1 | I88: =ROUND(AVERAGE(K74:K79),0) -> -106 | J88: =ROUND(_xlfn.STDEV.P(K74:K79),0) -> 117
H89: 5 | I89: =ROUND(AVERAGE(J74:J79),0) -> 303 | J89: =ROUND(_xlfn.STDEV.P(J74:J79),0) -> 118

Sheet G418 alpha-2
B2: Protokoll G418 Dose Response Curve
B4: 1. Seed 1000 cells in a 96 well plate on Monday (20.04.24)
C5: For a2
C6: For a3
C7: For a4
B8: 2. Add AlamarBlue on Tuesday morning
B9: 3. Wait 2h
B10: 4. Analyze in the plate reader
B12: 2025_01_22 | C12: a2 d2 | D12: 1 | E12: 2 | F12: 3 | G12: 4 | H12: 5 | I12: 6 | J12: 7 | K12: 8 | L12: 9 | M12: 10 | N12: 11 | O12: 12 | R12: a2 d2 | S12: 1 | T12: 2 | U12: 3 | V12: 4 | W12: 5 | X12: 6 | Y12: 7 | Z12: 8 | AA12: 9 | AB12: 10 | AC12: 11 | AD12: 12 | AH12: 2025_01_24 | AI12: a2 d2 | AJ12: 1 | AK12: 2 | AL12: 3 | AM12: 4 | AN12: 5 | AO12: 6 | AP12: 7 | AQ12: 8 | AR12: 9 | AS12: 10 | AT12: 11 | AU12: 12 | AX12: a2 d2 | AY12: 1 | AZ12: 2 | BA12: 3 | BB12: 4 | BC12: 5 | BD12: 6 | BE12: 7 | BF12: 8 | BG12: 9 | BH12: 10 | BI12: 11 | BJ12: 12 | BN12: 2025_01_27 | BO12: a2 d5 | BP12: 1 | BQ12: 2 | BR12: 3 | BS12: 4 | BT12: 5 | BU12: 6 | BV12: 7 | BW12: 8 | BX12: 9 | BY12: 10 | BZ12: 11 | CA12: 12 | CD12: a2 d5 | CE12: 1 | CF12: 2 | CG12: 3 | CH12: 4 | CI12: 5 | CJ12: 6 | CK12: 7 | CL12: 8 | CM12: 9 | CN12: 10 | CO12: 11 | CP12: 12 | CT12: 2025_01_29 | CU12: a2 d7 | CV12: 1 | CW12: 2 | CX12: 3 | CY12: 4 | CZ12: 5 | DA12: 6 | DB12: 7 | DC12: 8 | DD12: 9 | DE12: 10 | DF12: 11 | DG12: 12 | DJ12: a2 d7 | DK12: 1 | DL12: 2 | DM12: 3 | DN12: 4 | DO12: 5 | DP12: 6 | DQ12: 7 | DR12: 8 | DS12: 9 | DT12: 10 | DU12: 11 | DV12: 12
C13: A | R13: A | AI13: A | AX13: A | BO13: A | CD13: A | CU13: A | DJ13: A
C14: B | E14: BLANK | F14: Rho | G14: 0 | H14: 0 | I14: 0 | J14: 0 | K14: 0 | L14: 0 | M14: 0 | N14: 0 | R14: B | T14: BLANK | U14: Rho | V14: 0.4 | W14: 0.4 | X14: 0.4 | Y14: 0.4 | Z14: 0.4 | AA14: 0.4 | AB14: 0.4 | AC14: 0.4 | AI14: B | AK14: BLANK | AL14: Rho | AM14: 0 | AN14: 0 | AO14: 0 | AP14: 0 | AQ14: 0 | AR14: 0 | AS14: 0 | AT14: 0 | AX14: B | AZ14: BLANK | BA14: Rho | BB14: 0.4 | BC14: 0.4 | BD14: 0.4 | BE14: 0.4 | BF14: 0.4 | BG14: 0.4 | BH14: 0.4 | BI14: 0.4 | BO14: B | BQ14: BLANK | BR14: Rho | BS14: 0 | BT14: 0 | BU14: 0 | BV14: 0 | BW14: 0 | BX14: 0 | BY14: 0 | BZ14: 0 | CD14: B | CF14: BLANK | CG14: Rho | CH14: 0.4 | CI14: 0.4 | CJ14: 0.4 | CK14: 0.4 | CL14: 0.4 | CM14: 0.4 | CN14: 0.4 | CO14: 0.4 | CU14: B | CW14: BLANK | CX14: Rho | CY14: 0 | CZ14: 0 | DA14: 0 | DB14: 0 | DC14: 0 | DD14: 0 | DE14: 0 | DF14: 0 | DJ14: B | DL14: BLANK | DM14: Rho | DN14: 0.4 | DO14: 0.4 | DP14: 0.4 | DQ14: 0.4 | DR14: 0.4 | DS14: 0.4 | DT14: 0.4 | DU14: 0.4
C15: C | E15: BLANK | F15: Rho | G15: 0.025 | H15: 0.025 | I15: 0.025 | J15: 0.025 | K15: 0.025 | L15: 0.025 | M15: 0.025 | N15: 0.025 | R15: C | T15: BLANK | U15: Rho | V15: 0.6 | W15: 0.6 | X15: 0.6 | Y15: 0.6 | Z15: 0.6 | AA15: 0.6 | AB15: 0.6 | AC15: 0.6 | AI15: C | AK15: BLANK | AL15: Rho | AM15: 0.025 | AN15: 0.025 | AO15: 0.025 | AP15: 0.025 | AQ15: 0.025 | AR15: 0.025 | AS15: 0.025 | AT15: 0.025 | AX15: C | AZ15: BLANK | BA15: Rho | BB15: 0.6 | BC15: 0.6 | BD15: 0.6 | BE15: 0.6 | BF15: 0.6 | BG15: 0.6 | BH15: 0.6 | BI15: 0.6 | BO15: C | BQ15: BLANK | BR15: Rho | BS15: 0.025 | BT15: 0.025 | BU15: 0.025 | BV15: 0.025 | BW15: 0.025 | BX15: 0.025 | BY15: 0.025 | BZ15: 0.025 | CD15: C | CF15: BLANK | CG15: Rho | CH15: 0.6 | CI15: 0.6 | CJ15: 0.6 | CK15: 0.6 | CL15: 0.6 | CM15: 0.6 | CN15: 0.6 | CO15: 0.6 | CU15: C | CW15: BLANK | CX15: Rho | CY15: 0.025 | CZ15: 0.025 | DA15: 0.025 | DB15: 0.025 | DC15: 0.025 | DD15: 0.025 | DE15: 0.025 | DF15: 0.025 | DJ15: C | DL15: BLANK | DM15: Rho | DN15: 0.6 | DO15: 0.6 | DP15: 0.6 | DQ15: 0.6 | DR15: 0.6 | DS15: 0.6 | DT15: 0.6 | DU15: 0.6
C16: D | E16: BLANK | F16: Rho | G16: 0.05 | H16: 0.05 | I16: 0.05 | J16: 0.05 | K16: 0.05 | L16: 0.05 | M16: 0.05 | N16: 0.05 | R16: D | T16: BLANK | U16: Rho | V16: 0.8 | W16: 0.8 | X16: 0.8 | Y16: 0.8 | Z16: 0.8 | AA16: 0.8 | AB16: 0.8 | AC16: 0.8 | AI16: D | AK16: BLANK | AL16: Rho | AM16: 0.05 | AN16: 0.05 | AO16: 0.05 | AP16: 0.05 | AQ16: 0.05 | AR16: 0.05 | AS16: 0.05 | AT16: 0.05 | AX16: D | AZ16: BLANK | BA16: Rho | BB16: 0.8 | BC16: 0.8 | BD16: 0.8 | BE16: 0.8 | BF16: 0.8 | BG16: 0.8 | BH16: 0.8 | BI16: 0.8 | BO16: D | BQ16: BLANK | BR16: Rho | BS16: 0.05 | BT16: 0.05 | BU16: 0.05 | BV16: 0.05 | BW16: 0.05 | BX16: 0.05 | BY16: 0.05 | BZ16: 0.05 | CD16: D | CF16: BLANK | CG16: Rho | CH16: 0.8 | CI16: 0.8 | CJ16: 0.8 | CK16: 0.8 | CL16: 0.8 | CM16: 0.8 | CN16: 0.8 | CO16: 0.8 | CU16: D | CW16: BLANK | CX16: Rho | CY16: 0.05 | CZ16: 0.05 | DA16: 0.05 | DB16: 0.05 | DC16: 0.05 | DD16: 0.05 | DE16: 0.05 | DF16: 0.05 | DJ16: D | DL16: BLANK | DM16: Rho | DN16: 0.8 | DO16: 0.8 | DP16: 0.8 | DQ16: 0.8 | DR16: 0.8 | DS16: 0.8 | DT16: 0.8 | DU16: 0.8
C17: E | E17: BLANK | F17: Rho | G17: 0.1 | H17: 0.1 | I17: 0.1 | J17: 0.1 | K17: 0.1 | L17: 0.1 | M17: 0.1 | N17: 0.1 | R17: E | T17: BLANK | U17: Rho | V17: 1 | W17: 1 | X17: 1 | Y17: 1 | Z17: 1 | AA17: 1 | AB17: 1 | AC17: 1 | AI17: E | AK17: BLANK | AL17: Rho | AM17: 0.1 | AN17: 0.1 | AO17: 0.1 | AP17: 0.1 | AQ17: 0.1 | AR17: 0.1 | AS17: 0.1 | AT17: 0.1 | AX17: E | AZ17: BLANK | BA17: Rho | BB17: 1 | BC17: 1 | BD17: 1 | BE17: 1 | BF17: 1 | BG17: 1 | BH17: 1 | BI17: 1 | BO17: E | BQ17: BLANK | BR17: Rho | BS17: 0.1 | BT17: 0.1 | BU17: 0.1 | BV17: 0.1 | BW17: 0.1 | BX17: 0.1 | BY17: 0.1 | BZ17: 0.1 | CD17: E | CF17: BLANK | CG17: Rho | CH17: 1 | CI17: 1 | CJ17: 1 | CK17: 1 | CL17: 1 | CM17: 1 | CN17: 1 | CO17: 1 | CU17: E | CW17: BLANK | CX17: Rho | CY17: 0.1 | CZ17: 0.1 | DA17: 0.1 | DB17: 0.1 | DC17: 0.1 | DD17: 0.1 | DE17: 0.1 | DF17: 0.1 | DJ17: E | DL17: BLANK | DM17: Rho | DN17: 1 | DO17: 1 | DP17: 1 | DQ17: 1 | DR17: 1 | DS17: 1 | DT17: 1 | DU17: 1
C18: F | E18: BLANK | F18: Rho | G18: 0.2 | H18: 0.2 | I18: 0.2 | J18: 0.2 | K18: 0.2 | L18: 0.2 | M18: 0.2 | N18: 0.2 | R18: F | T18: BLANK | U18: Rho | V18: 2 | W18: 2 | X18: 2 | Y18: 2 | Z18: 2 | AA18: 2 | AB18: 2 | AC18: 2 | AI18: F | AK18: BLANK | AL18: Rho | AM18: 0.2 | AN18: 0.2 | AO18: 0.2 | AP18: 0.2 | AQ18: 0.2 | AR18: 0.2 | AS18: 0.2 | AT18: 0.2 | AX18: F | AZ18: BLANK | BA18: Rho | BB18: 2 | BC18: 2 | BD18: 2 | BE18: 2 | BF18: 2 | BG18: 2 | BH18: 2 | BI18: 2 | BO18: F | BQ18: BLANK | BR18: Rho | BS18: 0.2 | BT18: 0.2 | BU18: 0.2 | BV18: 0.2 | BW18: 0.2 | BX18: 0.2 | BY18: 0.2 | BZ18: 0.2 | CD18: F | CF18: BLANK | CG18: Rho | CH18: 2 | CI18: 2 | CJ18: 2 | CK18: 2 | CL18: 2 | CM18: 2 | CN18: 2 | CO18: 2 | CU18: F | CW18: BLANK | CX18: Rho | CY18: 0.2 | CZ18: 0.2 | DA18: 0.2 | DB18: 0.2 | DC18: 0.2 | DD18: 0.2 | DE18: 0.2 | DF18: 0.2 | DJ18: F | DL18: BLANK | DM18: Rho | DN18: 2 | DO18: 2 | DP18: 2 | DQ18: 2 | DR18: 2 | DS18: 2 | DT18: 2 | DU18: 2
C19: G | E19: BLANK | F19: Rho | G19: 0.3 | H19: 0.3 | I19: 0.3 | J19: 0.3 | K19: 0.3 | L19: 0.3 | M19: 0.3 | N19: 0.3 | R19: G | T19: BLANK | U19: Rho | V19: 5 | W19: 5 | X19: 5 | Y19: 5 | Z19: 5 | AA19: 5 | AB19: 5 | AC19: 5 | AI19: G | AK19: BLANK | AL19: Rho | AM19: 0.3 | AN19: 0.3 | AO19: 0.3 | AP19: 0.3 | AQ19: 0.3 | AR19: 0.3 | AS19: 0.3 | AT19: 0.3 | AX19: G | AZ19: BLANK | BA19: Rho | BB19: 5 | BC19: 5 | BD19: 5 | BE19: 5 | BF19: 5 | BG19: 5 | BH19: 5 | BI19: 5 | BO19: G | BQ19: BLANK | BR19: Rho | BS19: 0.3 | BT19: 0.3 | BU19: 0.3 | BV19: 0.3 | BW19: 0.3 | BX19: 0.3 | BY19: 0.3 | BZ19: 0.3 | CD19: G | CF19: BLANK | CG19: Rho | CH19: 5 | CI19: 5 | CJ19: 5 | CK19: 5 | CL19: 5 | CM19: 5 | CN19: 5 | CO19: 5 | CU19: G | CW19: BLANK | CX19: Rho | CY19: 0.3 | CZ19: 0.3 | DA19: 0.3 | DB19: 0.3 | DC19: 0.3 | DD19: 0.3 | DE19: 0.3 | DF19: 0.3 | DJ19: G | DL19: BLANK | DM19: Rho | DN19: 5 | DO19: 5 | DP19: 5 | DQ19: 5 | DR19: 5 | DS19: 5 | DT19: 5 | DU19: 5
C20: H | R20: H | AI20: H | AX20: H | BO20: H | CD20: H | CU20: H | DJ20: H
B22: Software Version | C22: 3.11.19 | R22: Software Version | S22: 3.11.19 | AH22: Software Version | AI22: 3.11.19 | AX22: Software Version | AY22: 3.11.19 | BN22: Software Version | BO22: 3.11.19 | CD22: Software Version | CE22: 3.11.19 | CT22: Software Version | CU22: 3.11.19 | DJ22: Software Version | DK22: 3.11.19
B24: Experiment File Path: | C24: C:\Users\labadmin\Documents\Biotek Reader\Experiments\MaxE\2025_01_STEM_Preparation_experiments\2025_01_22_d2_G418_plates_1.xpt | R24: Experiment File Path: | S24: C:\Users\labadmin\Documents\Biotek Reader\Experiments\MaxE\2025_01_STEM_Preparation_experiments\2025_01_22_d2_G418_plates_1.xpt | AH24: Experiment File Path: | AI24: C:\Users\labadmin\Documents\Biotek Reader\Experiments\MaxE\2025_01_STEM_Preparation_experiments\2025_01_24_d4_G418_plates_1.xpt | AX24: Experiment File Path: | AY24: C:\Users\labadmin\Documents\Biotek Reader\Experiments\MaxE\2025_01_STEM_Preparation_experiments\2025_01_24_d4_G418_plates_1.xpt | BN24: Experiment File Path: | BO24: C:\Users\labadmin\Documents\Biotek Reader\Experiments\MaxE\2025_01_STEM_Preparation_experiments\2025_01_27_d7_G418_plates_1.xpt | CD24: Experiment File Path: | CE24: C:\Users\labadmin\Documents\Biotek Reader\Experiments\MaxE\2025_01_STEM_Preparation_experiments\2025_01_27_d7_G418_plates_1.xpt | CT24: Experiment File Path: | CU24: C:\Users\labadmin\Documents\Biotek Reader\Experiments\MaxE\2025_01_STEM_Preparation_experiments\2025_01_29_d9_G418_plates_1.xpt | DJ24: Experiment File Path: | DK24: C:\Users\labadmin\Documents\Biotek Reader\Experiments\MaxE\2025_01_STEM_Preparation_experiments\2025_01_29_d9_G418_plates_1.xpt
B25: Protocol File Path: | C25: C:\Users\labadmin\Documents\Biotek Reader\Protocols\Max\2025_01_22_G418_plates\2025_01_22_d2_G418_plates.prt | R25: Protocol File Path: | S25: C:\Users\labadmin\Documents\Biotek Reader\Protocols\Max\2025_01_22_G418_plates\2025_01_22_d2_G418_plates.prt | AH25: Protocol File Path: | AI25: C:\Users\labadmin\Documents\Biotek Reader\Protocols\Max\2025_01_22_G418_plates\2025_01_22_d2_G418_plates.prt | AX25: Protocol File Path: | AY25: C:\Users\labadmin\Documents\Biotek Reader\Protocols\Max\2025_01_22_G418_plates\2025_01_22_d2_G418_plates.prt | BN25: Protocol File Path: | BO25: C:\Users\labadmin\Documents\Biotek Reader\Protocols\Max\2025_01_22_G418_plates\2025_01_22_d2_G418_plates.prt | CD25: Protocol File Path: | CE25: C:\Users\labadmin\Documents\Biotek Reader\Protocols\Max\2025_01_22_G418_plates\2025_01_22_d2_G418_plates.prt | CT25: Protocol File Path: | CU25: C:\Users\labadmin\Documents\Biotek Reader\Protocols\Max\2025_01_22_G418_plates\2025_01_22_d2_G418_plates.prt | DJ25: Protocol File Path: | DK25: C:\Users\labadmin\Documents\Biotek Reader\Protocols\Max\2025_01_22_G418_plates\2025_01_22_d2_G418_plates.prt
B26: Plate Number | C26: Plate 1 | R26: Plate Number | S26: Plate 4 | AH26: Plate Number | AI26: Plate 1 | AX26: Plate Number | AY26: Plate 4 | BN26: Plate Number | BO26: Plate 1 | CD26: Plate Number | CE26: Plate 4 | CT26: Plate Number | CU26: Plate 1 | DJ26: Plate Number | DK26: Plate 4
B27: Date | C27: 45679 | R27: Date | S27: 45679 | AH27: Date | AI27: 45681 | AX27: Date | AY27: 45681 | BN27: Date | BO27: 45684 | CD27: Date | CE27: 45684 | CT27: Date | CU27: 45686 | DJ27: Date | DK27: 45686
B28: Time | C28: 0.57074074 | R28: Time | S28: 0.5765625 | AH28: Time | AI28: 0.56630787 | AX28: Time | AY28: 0.57150463 | BN28: Time | BO28: 0.57375 | CD28: Time | CE28: 0.5855787 | CT28: Time | CU28: 0.57672454 | DJ28: Time | DK28: 0.5837963
B29: Reader Type: | C29: Synergy H1 | R29: Reader Type: | S29: Synergy H1 | AH29: Reader Type: | AI29: Synergy H1 | AX29: Reader Type: | AY29: Synergy H1 | BN29: Reader Type: | BO29: Synergy H1 | CD29: Reader Type: | CE29: Synergy H1 | CT29: Reader Type: | CU29: Synergy H1 | DJ29: Reader Type: | DK29: Synergy H1
B30: Reader Serial Number: | C30: 191202E | R30: Reader Serial Number: | S30: 191202E | AH30: Reader Serial Number: | AI30: 191202E | AX30: Reader Serial Number: | AY30: 191202E | BN30: Reader Serial Number: | BO30: 191202E | CD30: Reader Serial Number: | CE30: 191202E | CT30: Reader Serial Number: | CU30: 191202E | DJ30: Reader Serial Number: | DK30: 191202E
B31: Reading Type | C31: Reader | R31: Reading Type | S31: Reader | AH31: Reading Type | AI31: Reader | AX31: Reading Type | AY31: Reader | BN31: Reading Type | BO31: Reader | CD31: Reading Type | CE31: Reader | CT31: Reading Type | CU31: Reader | DJ31: Reading Type | DK31: Reader
B33: Procedure Details | R33: Procedure Details | AH33: Procedure Details | AX33: Procedure Details | BN33: Procedure Details | CD33: Procedure Details | CT33: Procedure Details | DJ33: Procedure Details
B34: Plate Type | C34: 96 WELL PLATE | R34: Plate Type | S34: 96 WELL PLATE | AH34: Plate Type | AI34: 96 WELL PLATE | AX34: Plate Type | AY34: 96 WELL PLATE | BN34: Plate Type | BO34: 96 WELL PLATE | CD34: Plate Type | CE34: 96 WELL PLATE | CT34: Plate Type | CU34: 96 WELL PLATE | DJ34: Plate Type | DK34: 96 WELL PLATE
B35: Eject plate on completion | R35: Eject plate on completion | AH35: Eject plate on completion | AX35: Eject plate on completion | BN35: Eject plate on completion | CD35: Eject plate on completion | CT35: Eject plate on completion | DJ35: Eject plate on completion
B36: Set Temperature | C36: Setpoint 37Â°C | R36: Set Temperature | S36: Setpoint 37Â°C | AH36: Set Temperature | AI36: Setpoint 37Â°C | AX36: Set Temperature | AY36: Setpoint 37Â°C | BN36: Set Temperature | BO36: Setpoint 37Â°C | CD36: Set Temperature | CE36: Setpoint 37Â°C | CT36: Set Temperature | CU36: Setpoint 37Â°C | DJ36: Set Temperature | DK36: Setpoint 37Â°C
C37: Preheat before moving to next step | S37: Preheat before moving to next step | AI37: Preheat before moving to next step | AY37: Preheat before moving to next step | BO37: Preheat before moving to next step | CE37: Preheat before moving to next step | CU37: Preheat before moving to next step | DK37: Preheat before moving to next step
B38: Read | C38: Resazurin | R38: Read | S38: Resazurin | AH38: Read | AI38: Resazurin | AX38: Read | AY38: Resazurin | BN38: Read | BO38: Resazurin | CD38: Read | CE38: Resazurin | CT38: Read | CU38: Resazurin | DJ38: Read | DK38: Resazurin
C39: Fluorescence Endpoint | S39: Fluorescence Endpoint | AI39: Fluorescence Endpoint | AY39: Fluorescence Endpoint | BO39: Fluorescence Endpoint | CE39: Fluorescence Endpoint | CU39: Fluorescence Endpoint | DK39: Fluorescence Endpoint
C40: Full Plate | S40: Full Plate | AI40: Full Plate | AY40: Full Plate | BO40: Full Plate | CE40: Full Plate | CU40: Full Plate | DK40: Full Plate
C41: Filter Set 1 | S41: Filter Set 1 | AI41: Filter Set 1 | AY41: Filter Set 1 | BO41: Filter Set 1 | CE41: Filter Set 1 | CU41: Filter Set 1 | DK41: Filter Set 1
C42: Excitation: 554, Emission: 593 | S42: Excitation: 554, Emission: 593 | AI42: Excitation: 554, Emission: 593 | AY42: Excitation: 554, Emission: 593 | BO42: Excitation: 554, Emission: 593 | CE42: Excitation: 554, Emission: 593 | CU42: Excitation: 554, Emission: 593 | DK42: Excitation: 554, Emission: 593
C43: Optics: Bottom, Gain: 100 | S43: Optics: Bottom, Gain: 100 | AI43: Optics: Bottom, Gain: 100 | AY43: Optics: Bottom, Gain: 100 | BO43: Optics: Bottom, Gain: 100 | CE43: Optics: Bottom, Gain: 100 | CU43: Optics: Bottom, Gain: 100 | DK43: Optics: Bottom, Gain: 100
C44: Light Source: Xenon Flash, Lamp Energy: High | S44: Light Source: Xenon Flash, Lamp Energy: High | AI44: Light Source: Xenon Flash, Lamp Energy: High | AY44: Light Source: Xenon Flash, Lamp Energy: High | BO44: Light Source: Xenon Flash, Lamp Energy: High | CE44: Light Source: Xenon Flash, Lamp Energy: High | CU44: Light Source: Xenon Flash, Lamp Energy: High | DK44: Light Source: Xenon Flash, Lamp Energy: High
C45: Read Speed: Normal, Delay: 100 msec, Measurements/Data Point: 10 | S45: Read Speed: Normal, Delay: 100 msec, Measurements/Data Point: 10 | AI45: Read Speed: Normal, Delay: 100 msec, Measurements/Data Point: 10 | AY45: Read Speed: Normal, Delay: 100 msec, Measurements/Data Point: 10 | BO45: Read Speed: Normal, Delay: 100 msec, Measurements/Data Point: 10 | CE45: Read Speed: Normal, Delay: 100 msec, Measurements/Data Point: 10 | CU45: Read Speed: Normal, Delay: 100 msec, Measurements/Data Point: 10 | DK45: Read Speed: Normal, Delay: 100 msec, Measurements/Data Point: 10
C46: Read Height: 7 mm | S46: Read Height: 7 mm | AI46: Read Height: 7 mm | AY46: Read Height: 7 mm | BO46: Read Height: 7 mm | CE46: Read Height: 7 mm | CU46: Read Height: 7 mm | DK46: Read Height: 7 mm
B48: Resazurin:554,593 | R48: Resazurin:554,593 | AH48: Resazurin:554,593 | AX48: Resazurin:554,593 | BN48: Resazurin:554,593 | CD48: Resazurin:554,593 | CT48: Resazurin:554,593 | DJ48: Resazurin:554,593
B49: Actual Temperature: | C49: 37 | R49: Actual Temperature: | S49: 37 | AH49: Actual Temperature: | AI49: 37 | AX49: Actual Temperature: | AY49: 37 | BN49: Actual Temperature: | BO49: 37 | CD49: Actual Temperature: | CE49: 37 | CT49: Actual Temperature: | CU49: 37 | DJ49: Actual Temperature: | DK49: 37
D51: 1 | E51: 2 | F51: 3 | G51: 4 | H51: 5 | I51: 6 | J51: 7 | K51: 8 | L51: 9 | M51: 10 | N51: 11 | O51: 12 | T51: 1 | U51: 2 | V51: 3 | W51: 4 | X51: 5 | Y51: 6 | Z51: 7 | AA51: 8 | AB51: 9 | AC51: 10 | AD51: 11 | AE51: 12 | AJ51: 1 | AK51: 2 | AL51: 3 | AM51: 4 | AN51: 5 | AO51: 6 | AP51: 7 | AQ51: 8 | AR51: 9 | AS51: 10 | AT51: 11 | AU51: 12 | AZ51: 1 | BA51: 2 | BB51: 3 | BC51: 4 | BD51: 5 | BE51: 6 | BF51: 7 | BG51: 8 | BH51: 9 | BI51: 10 | BJ51: 11 | BK51: 12 | BP51: 1 | BQ51: 2 | BR51: 3 | BS51: 4 | BT51: 5 | BU51: 6 | BV51: 7 | BW51: 8 | BX51: 9 | BY51: 10 | BZ51: 11 | CA51: 12 | CF51: 1 | CG51: 2 | CH51: 3 | CI51: 4 | CJ51: 5 | CK51: 6 | CL51: 7 | CM51: 8 | CN51: 9 | CO51: 10 | CP51: 11 | CQ51: 12 | CV51: 1 | CW51: 2 | CX51: 3 | CY51: 4 | CZ51: 5 | DA51: 6 | DB51: 7 | DC51: 8 | DD51: 9 | DE51: 10 | DF51: 11 | DG51: 12 | DL51: 1 | DM51: 2 | DN51: 3 | DO51: 4 | DP51: 5 | DQ51: 6 | DR51: 7 | DS51: 8 | DT51: 9 | DU51: 10 | DV51: 11 | DW51: 12
C52: A | P52: Resazurin:554,593 | S52: A | AF52: Resazurin:554,593 | AI52: A | AV52: Resazurin:554,593 | AY52: A | BL52: Resazurin:554,593 | BO52: A | CB52: Resazurin:554,593 | CE52: A | CR52: Resazurin:554,593 | CU52: A | DH52: Resazurin:554,593 | DK52: A | DX52: Resazurin:554,593
C53: B | E53: 19066 | F53: 779522 | G53: 35069 | H53: 32583 | I53: 33231 | J53: 32340 | K53: 33508 | L53: 32741 | M53: 33183 | N53: 35810 | P53: Resazurin:554,593 | S53: B | U53: 19455 | V53: 793572 | W53: 39953 | X53: 38349 | Y53: 38793 | Z53: 36189 | AA53: 39512 | AB53: 40396 | AC53: 41324 | AD53: 37152 | AF53: Resazurin:554,593 | AI53: B | AK53: 21370 | AL53: 812277 | AM53: 76294 | AN53: 58643 | AO53: 59672 | AP53: 65764 | AQ53: 80781 | AR53: 71603 | AS53: 92164 | AT53: 91578 | AV53: Resazurin:554,593 | AY53: B | BA53: 23384 | BB53: 820704 | BC53: 50064 | BD53: 51284 | BE53: 51499 | BF53: 51253 | BG53: 61382 | BH53: 55735 | BI53: 54759 | BJ53: 58013 | BL53: Resazurin:554,593 | BO53: B | BQ53: 20098 | BR53: 845351 | BS53: 235018 | BT53: 174425 | BU53: 223708 | BV53: 253583 | BW53: 304156 | BX53: 293992 | BY53: 333003 | BZ53: 372974 | CB53: Resazurin:554,593 | CE53: B | CG53: 24622 | CH53: 822734 | CI53: 35014 | CJ53: 32515 | CK53: 32390 | CL53: 32288 | CM53: 37165 | CN53: 38620 | CO53: 36804 | CP53: 43607 | CR53: Resazurin:554,593 | CU53: B | CW53: 24247 | CX53: 815758 | CY53: 524432 | CZ53: 429251 | DA53: 503098 | DB53: 563169 | DC53: 565832 | DD53: 582717 | DE53: 620011 | DF53: 627361 | DH53: Resazurin:554,593 | DK53: B | DM53: 23343 | DN53: 821036 | DO53: 26360 | DP53: 26077 | DQ53: 26507 | DR53: 26691 | DS53: 28132 | DT53: 28963 | DU53: 29247 | DV53: 35571 | DX53: Resazurin:554,593
C54: C | E54: 18656 | F54: 788169 | G54: 36133 | H54: 34680 | I54: 33389 | J54: 34570 | K54: 35800 | L54: 36262 | M54: 35412 | N54: 35543 | P54: Resazurin:554,593 | S54: C | U54: 19137 | V54: 789632 | W54: 42077 | X54: 40278 | Y54: 39655 | Z54: 40889 | AA54: 40992 | AB54: 41147 | AC54: 39102 | AD54: 38906 | AF54: Resazurin:554,593 | AI54: C | AK54: 22160 | AL54: 813879 | AM54: 84256 | AN54: 67215 | AO54: 70421 | AP54: 73338 | AQ54: 74151 | AR54: 65440 | AS54: 81933 | AT54: 79958 | AV54: Resazurin:554,593 | AY54: C | BA54: 23222 | BB54: 825864 | BC54: 54075 | BD54: 46364 | BE54: 47494 | BF54: 47242 | BG54: 51666 | BH54: 49279 | BI54: 63470 | BJ54: 64271 | BL54: Resazurin:554,593 | BO54: C | BQ54: 19832 | BR54: 835165 | BS54: 163642 | BT54: 208036 | BU54: 180887 | BV54: 197393 | BW54: 191755 | BX54: 195476 | BY54: 245193 | BZ54: 244543 | CB54: Resazurin:554,593 | CE54: C | CG54: 23946 | CH54: 832252 | CI54: 35518 | CJ54: 33131 | CK54: 32611 | CL54: 39554 | CM54: 40042 | CN54: 36867 | CO54: 39621 | CP54: 38302 | CR54: Resazurin:554,593 | CU54: C | CW54: 23608 | CX54: 810929 | CY54: 415711 | CZ54: 439163 | DA54: 488492 | DB54: 474259 | DC54: 428466 | DD54: 511146 | DE54: 495645 | DF54: 451558 | DH54: Resazurin:554,593 | DK54: C | DM54: 23016 | DN54: 818070 | DO54: 24979 | DP54: 25011 | DQ54: 23985 | DR54: 24468 | DS54: 24225 | DT54: 24213 | DU54: 25737 | DV54: 27121 | DX54: Resazurin:554,593
C55: D | E55: 18119 | F55: 791368 | G55: 34605 | H55: 35998 | I55: 36293 | J55: 36606 | K55: 36062 | L55: 33037 | M55: 36138 | N55: 38694 | P55: Resazurin:554,593 | S55: D | U55: 19094 | V55: 792861 | W55: 42378 | X55: 40936 | Y55: 41613 | Z55: 40412 | AA55: 37731 | AB55: 38794 | AC55: 40584 | AD55: 41244 | AF55: Resazurin:554,593 | AI55: D | AK55: 21376 | AL55: 813951 | AM55: 83756 | AN55: 83907 | AO55: 74405 | AP55: 70517 | AQ55: 70206 | AR55: 75245 | AS55: 84120 | AT55: 83599 | AV55: Resazurin:554,593 | AY55: D | BA55: 23114 | BB55: 812102 | BC55: 52617 | BD55: 43939 | BE55: 43581 | BF55: 45826 | BG55: 47788 | BH55: 51561 | BI55: 44696 | BJ55: 45664 | BL55: Resazurin:554,593 | BO55: D | BQ55: 19394 | BR55: 834409 | BS55: 115344 | BT55: 110096 | BU55: 96730 | BV55: 115568 | BW55: 151474 | BX55: 129867 | BY55: 131593 | BZ55: 179145 | CB55: Resazurin:554,593 | CE55: D | CG55: 24348 | CH55: 828745 | CI55: 33853 | CJ55: 30442 | CK55: 30068 | CL55: 29443 | CM55: 30097 | CN55: 36241 | CO55: 39097 | CP55: 35333 | CR55: Resazurin:554,593 | CU55: D | CW55: 23677 | CX55: 818696 | CY55: 203289 | CZ55: 255791 | DA55: 278677 | DB55: 227242 | DC55: 276889 | DD55: 333453 | DE55: 268611 | DF55: 378976 | DH55: Resazurin:554,593 | DK55: D | DM55: 23009 | DN55: 814219 | DO55: 24084 | DP55: 24365 | DQ55: 24140 | DR55: 24155 | DS55: 25660 | DT55: 25781 | DU55: 26426 | DV55: 25467 | DX55: Resazurin:554,593
C56: E | E56: 18677 | F56: 786933 | G56: 33575 | H56: 34768 | I56: 33342 | J56: 36436 | K56: 35637 | L56: 35104 | M56: 38274 | N56: 36139 | P56: Resazurin:554,593 | S56: E | U56: 19267 | V56: 794612 | W56: 44094 | X56: 42471 | Y56: 39956 | Z56: 40307 | AA56: 38408 | AB56: 41139 | AC56: 42213 | AD56: 42293 | AF56: Resazurin:554,593 | AI56: E | AK56: 21969 | AL56: 808738 | AM56: 65998 | AN56: 74808 | AO56: 74706 | AP56: 62290 | AQ56: 66811 | AR56: 63189 | AS56: 79378 | AT56: 74895 | AV56: Resazurin:554,593 | AY56: E | BA56: 22913 | BB56: 817262 | BC56: 46722 | BD56: 47978 | BE56: 43831 | BF56: 44670 | BG56: 45664 | BH56: 46350 | BI56: 44706 | BJ56: 50932 | BL56: Resazurin:554,593 | BO56: E | BQ56: 19950 | BR56: 826211 | BS56: 79988 | BT56: 62810 | BU56: 66815 | BV56: 65735 | BW56: 89683 | BX56: 76230 | BY56: 63570 | BZ56: 88637 | CB56: Resazurin:554,593 | CE56: E | CG56: 24605 | CH56: 825807 | CI56: 29866 | CJ56: 30701 | CK56: 29672 | CL56: 30120 | CM56: 27921 | CN56: 29758 | CO56: 30902 | CP56: 36694 | CR56: Resazurin:554,593 | CU56: E | CW56: 23376 | CX56: 819140 | CY56: 97557 | CZ56: 92973 | DA56: 93840 | DB56: 112637 | DC56: 114742 | DD56: 138603 | DE56: 133483 | DF56: 143860 | DH56: Resazurin:554,593 | DK56: E | DM56: 23244 | DN56: 819656 | DO56: 24223 | DP56: 24415 | DQ56: 24471 | DR56: 24801 | DS56: 24525 | DT56: 24132 | DU56: 24561 | DV56: 24944 | DX56: Resazurin:554,593
C57: F | E57: 18514 | F57: 788745 | G57: 33490 | H57: 34259 | I57: 34118 | J57: 34046 | K57: 33601 | L57: 34306 | M57: 33952 | N57: 35925 | P57: Resazurin:554,593 | S57: F | U57: 19115 | V57: 787410 | W57: 40786 | X57: 42046 | Y57: 38758 | Z57: 42404 | AA57: 43091 | AB57: 41577 | AC57: 39996 | AD57: 40412 | AF57: Resazurin:554,593 | AI57: F | AK57: 21868 | AL57: 816701 | AM57: 47092 | AN57: 43234 | AO57: 60289 | AP57: 49030 | AQ57: 54780 | AR57: 54909 | AS57: 51354 | AT57: 55123 | AV57: Resazurin:554,593 | AY57: F | BA57: 22639 | BB57: 815417 | BC57: 39383 | BD57: 45071 | BE57: 41966 | BF57: 43984 | BG57: 41901 | BH57: 42252 | BI57: 42514 | BJ57: 43554 | BL57: Resazurin:554,593 | BO57: F | BQ57: 19981 | BR57: 835941 | BS57: 33806 | BT57: 42738 | BU57: 64530 | BV57: 53934 | BW57: 53817 | BX57: 61532 | BY57: 58527 | BZ57: 62815 | CB57: Resazurin:554,593 | CE57: F | CG57: 24947 | CH57: 829234 | CI57: 27042 | CJ57: 28757 | CK57: 28755 | CL57: 31894 | CM57: 31132 | CN57: 32205 | CO57: 32514 | CP57: 33927 | CR57: Resazurin:554,593 | CU57: F | CW57: 24218 | CX57: 821604 | CY57: 42596 | CZ57: 37143 | DA57: 46591 | DB57: 43215 | DC57: 42828 | DD57: 45381 | DE57: 45500 | DF57: 45580 | DH57: Resazurin:554,593 | DK57: F | DM57: 23029 | DN57: 821614 | DO57: 24321 | DP57: 24108 | DQ57: 24534 | DR57: 24622 | DS57: 25246 | DT57: 24605 | DU57: 26076 | DV57: 26372 | DX57: Resazurin:554,593
C58: G | E58: 18646 | F58: 795330 | G58: 32154 | H58: 32906 | I58: 33265 | J58: 34766 | K58: 32787 | L58: 33931 | M58: 33804 | N58: 36095 | P58: Resazurin:554,593 | S58: G | U58: 19260 | V58: 787968 | W58: 41590 | X58: 40534 | Y58: 40242 | Z58: 38282 | AA58: 40229 | AB58: 39352 | AC58: 39753 | AD58: 39163 | AF58: Resazurin:554,593 | AI58: G | AK58: 21674 | AL58: 855166 | AM58: 45637 | AN58: 52359 | AO58: 51349 | AP58: 52037 | AQ58: 46004 | AR58: 50169 | AS58: 49335 | AT58: 48112 | AV58: Resazurin:554,593 | AY58: G | BA58: 23299 | BB58: 808159 | BC58: 37136 | BD58: 45116 | BE58: 41967 | BF58: 38019 | BG58: 42058 | BH58: 42821 | BI58: 36448 | BJ58: 40074 | BL58: Resazurin:554,593 | BO58: G | BQ58: 19777 | BR58: 840414 | BS58: 43176 | BT58: 40466 | BU58: 49353 | BV58: 38520 | BW58: 47690 | BX58: 48097 | BY58: 55568 | BZ58: 45409 | CB58: Resazurin:554,593 | CE58: G | CG58: 23531 | CH58: 822886 | CI58: 30229 | CJ58: 34906 | CK58: 30317 | CL58: 33747 | CM58: 34363 | CN58: 34736 | CO58: 37168 | CP58: 42235 | CR58: Resazurin:554,593 | CU58: G | CW58: 23890 | CX58: 821173 | CY58: 28969 | CZ58: 33374 | DA58: 32290 | DB58: 33015 | DC58: 34143 | DD58: 33997 | DE58: 34600 | DF58: 36370 | DH58: Resazurin:554,593 | DK58: G | DM58: 22878 | DN58: 816161 | DO58: 25198 | DP58: 25765 | DQ58: 26177 | DR58: 25755 | DS58: 25940 | DT58: 25944 | DU58: 26364 | DV58: 27325 | DX58: Resazurin:554,593
C59: H | P59: Resazurin:554,593 | S59: H | AF59: Resazurin:554,593 | AI59: H | AV59: Resazurin:554,593 | AY59: H | BL59: Resazurin:554,593 | BO59: H | CB59: Resazurin:554,593 | CE59: H | CR59: Resazurin:554,593 | CU59: H | DH59: Resazurin:554,593 | DK59: H | DX59: Resazurin:554,593
B61: Blank Resazurin:554,593 | R61: Blank Resazurin:554,593 | AH61: Blank Resazurin:554,593 | AX61: Blank Resazurin:554,593 | BN61: Blank Resazurin:554,593 | CD61: Blank Resazurin:554,593 | CT61: Blank Resazurin:554,593 | DJ61: Blank Resazurin:554,593
D63: 1 | E63: 2 | F63: 3 | G63: 4 | H63: 5 | I63: 6 | J63: 7 | K63: 8 | L63: 9 | M63: 10 | N63: 11 | O63: 12 | T63: 1 | U63: 2 | V63: 3 | W63: 4 | X63: 5 | Y63: 6 | Z63: 7 | AA63: 8 | AB63: 9 | AC63: 10 | AD63: 11 | AE63: 12 | AJ63: 1 | AK63: 2 | AL63: 3 | AM63: 4 | AN63: 5 | AO63: 6 | AP63: 7 | AQ63: 8 | AR63: 9 | AS63: 10 | AT63: 11 | AU63: 12 | AZ63: 1 | BA63: 2 | BB63: 3 | BC63: 4 | BD63: 5 | BE63: 6 | BF63: 7 | BG63: 8 | BH63: 9 | BI63: 10 | BJ63: 11 | BK63: 12 | BP63: 1 | BQ63: 2 | BR63: 3 | BS63: 4 | BT63: 5 | BU63: 6 | BV63: 7 | BW63: 8 | BX63: 9 | BY63: 10 | BZ63: 11 | CA63: 12 | CF63: 1 | CG63: 2 | CH63: 3 | CI63: 4 | CJ63: 5 | CK63: 6 | CL63: 7 | CM63: 8 | CN63: 9 | CO63: 10 | CP63: 11 | CQ63: 12 | CV63: 1 | CW63: 2 | CX63: 3 | CY63: 4 | CZ63: 5 | DA63: 6 | DB63: 7 | DC63: 8 | DD63: 9 | DE63: 10 | DF63: 11 | DG63: 12 | DL63: 1 | DM63: 2 | DN63: 3 | DO63: 4 | DP63: 5 | DQ63: 6 | DR63: 7 | DS63: 8 | DT63: 9 | DU63: 10 | DV63: 11 | DW63: 12
C64: A | P64: Blank Resazurin:554,593 | S64: A | AF64: Blank Resazurin:554,593 | AI64: A | AV64: Blank Resazurin:554,593 | AY64: A | BL64: Blank Resazurin:554,593 | BO64: A | CB64: Blank Resazurin:554,593 | CE64: A | CR64: Blank Resazurin:554,593 | CU64: A | DH64: Blank Resazurin:554,593 | DK64: A | DX64: Blank Resazurin:554,593
C65: B | E65: =E53-ROUND(AVERAGE($E$53:$E$58),0) -> 453 | F65: =F53-ROUND(AVERAGE($E$53:$E$58),0) -> 760909 | G65: =G53-ROUND(AVERAGE($E$53:$E$58),0) -> 16456 | H65: =H53-ROUND(AVERAGE($E$53:$E$58),0) -> 13970 | I65: =I53-ROUND(AVERAGE($E$53:$E$58),0) -> 14618 | J65: =J53-ROUND(AVERAGE($E$53:$E$58),0) -> 13727 | K65: =K53-ROUND(AVERAGE($E$53:$E$58),0) -> 14895 | L65: =L53-ROUND(AVERAGE($E$53:$E$58),0) -> 14128 | ... N65: =N53-ROUND(AVERAGE($E$53:$E$58),0) -> 17197 | P65: Blank Resazurin:554,593 | S65: B | U65: =U53-ROUND(AVERAGE($U$53:$U$58),0) -> 234 | V65: =V53-ROUND(AVERAGE($U$53:$U$58),0) -> 774351 | W65: =W53-ROUND(AVERAGE($U$53:$U$58),0) -> 20732 | X65: =X53-ROUND(AVERAGE($U$53:$U$58),0) -> 19128 | Y65: =Y53-ROUND(AVERAGE($U$53:$U$58),0) -> 19572 | Z65: =Z53-ROUND(AVERAGE($U$53:$U$58),0) -> 16968 | AA65: =AA53-ROUND(AVERAGE($U$53:$U$58),0) -> 20291 | AB65: =AB53-ROUND(AVERAGE($U$53:$U$58),0) -> 21175 | ... AD65: =AD53-ROUND(AVERAGE($U$53:$U$58),0) -> 17931 | AF65: Blank Resazurin:554,593 | AI65: B | AK65: =AK53-ROUND(AVERAGE($AK$53:$AK$58),0) -> -366 | AL65: =AL53-ROUND(AVERAGE($AK$53:$AK$58),0) -> 790541 | AM65: =AM53-ROUND(AVERAGE($AK$53:$AK$58),0) -> 54558 | AN65: =AN53-ROUND(AVERAGE($AK$53:$AK$58),0) -> 36907 | AO65: =AO53-ROUND(AVERAGE($AK$53:$AK$58),0) -> 37936 | AP65: =AP53-ROUND(AVERAGE($AK$53:$AK$58),0) -> 44028 | AQ65: =AQ53-ROUND(AVERAGE($AK$53:$AK$58),0) -> 59045 | AR65: =AR53-ROUND(AVERAGE($AK$53:$AK$58),0) -> 49867 | ... AT65: =AT53-ROUND(AVERAGE($AK$53:$AK$58),0) -> 69842 | AV65: Blank Resazurin:554,593 | AY65: B | BA65: =BA53-ROUND(AVERAGE($BA$53:$BA$58),0) -> 289 | BB65: =BB53-ROUND(AVERAGE($BA$53:$BA$58),0) -> 797609 | BC65: =BC53-ROUND(AVERAGE($BA$53:$BA$58),0) -> 26969 | BD65: =BD53-ROUND(AVERAGE($BA$53:$BA$58),0) -> 28189 | BE65: =BE53-ROUND(AVERAGE($BA$53:$BA$58),0) -> 28404 | BF65: =BF53-ROUND(AVERAGE($BA$53:$BA$58),0) -> 28158 | BG65: =BG53-ROUND(AVERAGE($BA$53:$BA$58),0) -> 38287 | BH65: =BH53-ROUND(AVERAGE($BA$53:$BA$58),0) -> 32640 | ... BJ65: =BJ53-ROUND(AVERAGE($BA$53:$BA$58),0) -> 34918 | BL65: Blank Resazurin:554,593 | BO65: B | BQ65: =BQ53-ROUND(AVERAGE($BQ$53:$BQ$58),0) -> 259 | BR65: =BR53-ROUND(AVERAGE($BQ$53:$BQ$58),0) -> 825512 | BS65: =BS53-ROUND(AVERAGE($BQ$53:$BQ$58),0) -> 215179 | BT65: =BT53-ROUND(AVERAGE($BQ$53:$BQ$58),0) -> 154586 | BU65: =BU53-ROUND(AVERAGE($BQ$53:$BQ$58),0) -> 203869 | BV65: =BV53-ROUND(AVERAGE($BQ$53:$BQ$58),0) -> 233744 | BW65: =BW53-ROUND(AVERAGE($BQ$53:$BQ$58),0) -> 284317 | BX65: =BX53-ROUND(AVERAGE($BQ$53:$BQ$58),0) -> 274153 | ... BZ65: =BZ53-ROUND(AVERAGE($BQ$53:$BQ$58),0) -> 353135 | CB65: Blank Resazurin:554,593 | CE65: B | CG65: =CG53-ROUND(AVERAGE($CG$53:$CG$58),0) -> 289 | CH65: =CH53-ROUND(AVERAGE($CG$53:$CG$58),0) -> 798401 | CI65: =CI53-ROUND(AVERAGE($CG$53:$CG$58),0) -> 10681 | CJ65: =CJ53-ROUND(AVERAGE($CG$53:$CG$58),0) -> 8182 | CK65: =CK53-ROUND(AVERAGE($CG$53:$CG$58),0) -> 8057 | CL65: =CL53-ROUND(AVERAGE($CG$53:$CG$58),0) -> 7955 | CM65: =CM53-ROUND(AVERAGE($CG$53:$CG$58),0) -> 12832 | CN65: =CN53-ROUND(AVERAGE($CG$53:$CG$58),0) -> 14287 | ... CP65: =CP53-ROUND(AVERAGE($CG$53:$CG$58),0) -> 19274 | CR65: Blank Resazurin:554,593 | CU65: B | CW65: =CW53-ROUND(AVERAGE($CW$53:$CW$58),0) -> 411 | CX65: =CX53-ROUND(AVERAGE($CW$53:$CW$58),0) -> 791922 | CY65: =CY53-ROUND(AVERAGE($CW$53:$CW$58),0) -> 500596 | CZ65: =CZ53-ROUND(AVERAGE($CW$53:$CW$58),0) -> 405415 | DA65: =DA53-ROUND(AVERAGE($CW$53:$CW$58),0) -> 479262 | DB65: =DB53-ROUND(AVERAGE($CW$53:$CW$58),0) -> 539333 | DC65: =DC53-ROUND(AVERAGE($CW$53:$CW$58),0) -> 541996 | DD65: =DD53-ROUND(AVERAGE($CW$53:$CW$58),0) -> 558881 | ... DF65: =DF53-ROUND(AVERAGE($CW$53:$CW$58),0) -> 603525 | DH65: Blank Resazurin:554,593 | DK65: B | DM65: =DM53-ROUND(AVERAGE($DM$53:$DM$58),0) -> 256 | DN65: =DN53-ROUND(AVERAGE($DM$53:$DM$58),0) -> 797949 | DO65: =DO53-ROUND(AVERAGE($DM$53:$DM$58),0) -> 3273 | DP65: =DP53-ROUND(AVERAGE($DM$53:$DM$58),0) -> 2990 | DQ65: =DQ53-ROUND(AVERAGE($DM$53:$DM$58),0) -> 3420 | DR65: =DR53-ROUND(AVERAGE($DM$53:$DM$58),0) -> 3604 | DS65: =DS53-ROUND(AVERAGE($DM$53:$DM$58),0) -> 5045 | DT65: =DT53-ROUND(AVERAGE($DM$53:$DM$58),0) -> 5876 | ... DV65: =DV53-ROUND(AVERAGE($DM$53:$DM$58),0) -> 12484 | DX65: Blank Resazurin:554,593
C66: C | E66: =E54-ROUND(AVERAGE($E$53:$E$58),0) -> 43 | F66: =F54-ROUND(AVERAGE($E$53:$E$58),0) -> 769556 | G66: =G54-ROUND(AVERAGE($E$53:$E$58),0) -> 17520 | H66: =H54-ROUND(AVERAGE($E$53:$E$58),0) -> 16067 | I66: =I54-ROUND(AVERAGE($E$53:$E$58),0) -> 14776 | J66: =J54-ROUND(AVERAGE($E$53:$E$58),0) -> 15957 | K66: =K54-ROUND(AVERAGE($E$53:$E$58),0) -> 17187 | L66: =L54-ROUND(AVERAGE($E$53:$E$58),0) -> 17649 | ... N66: =N54-ROUND(AVERAGE($E$53:$E$58),0) -> 16930 | P66: Blank Resazurin:554,593 | S66: C | U66: =U54-ROUND(AVERAGE($U$53:$U$58),0) -> -84 | V66: =V54-ROUND(AVERAGE($U$53:$U$58),0) -> 770411 | W66: =W54-ROUND(AVERAGE($U$53:$U$58),0) -> 22856 | X66: =X54-ROUND(AVERAGE($U$53:$U$58),0) -> 21057 | Y66: =Y54-ROUND(AVERAGE($U$53:$U$58),0) -> 20434 | Z66: =Z54-ROUND(AVERAGE($U$53:$U$58),0) -> 21668 | AA66: =AA54-ROUND(AVERAGE($U$53:$U$58),0) -> 21771 | AB66: =AB54-ROUND(AVERAGE($U$53:$U$58),0) -> 21926 | ... AD66: =AD54-ROUND(AVERAGE($U$53:$U$58),0) -> 19685 | AF66: Blank Resazurin:554,593 | AI66: C | AK66: =AK54-ROUND(AVERAGE($AK$53:$AK$58),0) -> 424 | AL66: =AL54-ROUND(AVERAGE($AK$53:$AK$58),0) -> 792143 | AM66: =AM54-ROUND(AVERAGE($AK$53:$AK$58),0) -> 62520 | AN66: =AN54-ROUND(AVERAGE($AK$53:$AK$58),0) -> 45479 | AO66: =AO54-ROUND(AVERAGE($AK$53:$AK$58),0) -> 48685 | AP66: =AP54-ROUND(AVERAGE($AK$53:$AK$58),0) -> 51602 | AQ66: =AQ54-ROUND(AVERAGE($AK$53:$AK$58),0) -> 52415 | AR66: =AR54-ROUND(AVERAGE($AK$53:$AK$58),0) -> 43704 | ... AT66: =AT54-ROUND(AVERAGE($AK$53:$AK$58),0) -> 58222 | AV66: Blank Resazurin:554,593 | AY66: C | BA66: =BA54-ROUND(AVERAGE($BA$53:$BA$58),0) -> 127 | BB66: =BB54-ROUND(AVERAGE($BA$53:$BA$58),0) -> 802769 | BC66: =BC54-ROUND(AVERAGE($BA$53:$BA$58),0) -> 30980 | BD66: =BD54-ROUND(AVERAGE($BA$53:$BA$58),0) -> 23269 | BE66: =BE54-ROUND(AVERAGE($BA$53:$BA$58),0) -> 24399 | BF66: =BF54-ROUND(AVERAGE($BA$53:$BA$58),0) -> 24147 | BG66: =BG54-ROUND(AVERAGE($BA$53:$BA$58),0) -> 28571 | BH66: =BH54-ROUND(AVERAGE($BA$53:$BA$58),0) -> 26184 | ... BJ66: =BJ54-ROUND(AVERAGE($BA$53:$BA$58),0) -> 41176 | BL66: Blank Resazurin:554,593 | BO66: C | BQ66: =BQ54-ROUND(AVERAGE($BQ$53:$BQ$58),0) -> -7 | BR66: =BR54-ROUND(AVERAGE($BQ$53:$BQ$58),0) -> 815326 | BS66: =BS54-ROUND(AVERAGE($BQ$53:$BQ$58),0) -> 143803 | BT66: =BT54-ROUND(AVERAGE($BQ$53:$BQ$58),0) -> 188197 | BU66: =BU54-ROUND(AVERAGE($BQ$53:$BQ$58),0) -> 161048 | BV66: =BV54-ROUND(AVERAGE($BQ$53:$BQ$58),0) -> 177554 | BW66: =BW54-ROUND(AVERAGE($BQ$53:$BQ$58),0) -> 171916 | BX66: =BX54-ROUND(AVERAGE($BQ$53:$BQ$58),0) -> 175637 | ... BZ66: =BZ54-ROUND(AVERAGE($BQ$53:$BQ$58),0) -> 224704 | CB66: Blank Resazurin:554,593 | CE66: C | CG66: =CG54-ROUND(AVERAGE($CG$53:$CG$58),0) -> -387 | CH66: =CH54-ROUND(AVERAGE($CG$53:$CG$58),0) -> 807919 | CI66: =CI54-ROUND(AVERAGE($CG$53:$CG$58),0) -> 11185 | CJ66: =CJ54-ROUND(AVERAGE($CG$53:$CG$58),0) -> 8798 | CK66: =CK54-ROUND(AVERAGE($CG$53:$CG$58),0) -> 8278 | CL66: =CL54-ROUND(AVERAGE($CG$53:$CG$58),0) -> 15221 | CM66: =CM54-ROUND(AVERAGE($CG$53:$CG$58),0) -> 15709 | CN66: =CN54-ROUND(AVERAGE($CG$53:$CG$58),0) -> 12534 | ... CP66: =CP54-ROUND(AVERAGE($CG$53:$CG$58),0) -> 13969 | CR66: Blank Resazurin:554,593 | CU66: C | CW66: =CW54-ROUND(AVERAGE($CW$53:$CW$58),0) -> -228 | CX66: =CX54-ROUND(AVERAGE($CW$53:$CW$58),0) -> 787093 | CY66: =CY54-ROUND(AVERAGE($CW$53:$CW$58),0) -> 391875 | CZ66: =CZ54-ROUND(AVERAGE($CW$53:$CW$58),0) -> 415327 | DA66: =DA54-ROUND(AVERAGE($CW$53:$CW$58),0) -> 464656 | DB66: =DB54-ROUND(AVERAGE($CW$53:$CW$58),0) -> 450423 | DC66: =DC54-ROUND(AVERAGE($CW$53:$CW$58),0) -> 404630 | DD66: =DD54-ROUND(AVERAGE($CW$53:$CW$58),0) -> 487310 | ... DF66: =DF54-ROUND(AVERAGE($CW$53:$CW$58),0) -> 427722 | DH66: Blank Resazurin:554,593 | DK66: C | DM66: =DM54-ROUND(AVERAGE($DM$53:$DM$58),0) -> -71 | DN66: =DN54-ROUND(AVERAGE($DM$53:$DM$58),0) -> 794983 | DO66: =DO54-ROUND(AVERAGE($DM$53:$DM$58),0) -> 1892 | DP66: =DP54-ROUND(AVERAGE($DM$53:$DM$58),0) -> 1924 | DQ66: =DQ54-ROUND(AVERAGE($DM$53:$DM$58),0) -> 898 | DR66: =DR54-ROUND(AVERAGE($DM$53:$DM$58),0) -> 1381 | DS66: =DS54-ROUND(AVERAGE($DM$53:$DM$58),0) -> 1138 | DT66: =DT54-ROUND(AVERAGE($DM$53:$DM$58),0) -> 1126 | ... DV66: =DV54-ROUND(AVERAGE($DM$53:$DM$58),0) -> 4034 | DX66: Blank Resazurin:554,593
C67: D | E67: =E55-ROUND(AVERAGE($E$53:$E$58),0) -> -494 | F67: =F55-ROUND(AVERAGE($E$53:$E$58),0) -> 772755 | G67: =G55-ROUND(AVERAGE($E$53:$E$58),0) -> 15992 | H67: =H55-ROUND(AVERAGE($E$53:$E$58),0) -> 17385 | I67: =I55-ROUND(AVERAGE($E$53:$E$58),0) -> 17680 | J67: =J55-ROUND(AVERAGE($E$53:$E$58),0) -> 17993 | K67: =K55-ROUND(AVERAGE($E$53:$E$58),0) -> 17449 | L67: =L55-ROUND(AVERAGE($E$53:$E$58),0) -> 14424 | ... N67: =N55-ROUND(AVERAGE($E$53:$E$58),0) -> 20081 | P67: Blank Resazurin:554,593 | S67: D | U67: =U55-ROUND(AVERAGE($U$53:$U$58),0) -> -127 | V67: =V55-ROUND(AVERAGE($U$53:$U$58),0) -> 773640 | W67: =W55-ROUND(AVERAGE($U$53:$U$58),0) -> 23157 | X67: =X55-ROUND(AVERAGE($U$53:$U$58),0) -> 21715 | Y67: =Y55-ROUND(AVERAGE($U$53:$U$58),0) -> 22392 | Z67: =Z55-ROUND(AVERAGE($U$53:$U$58),0) -> 21191 | AA67: =AA55-ROUND(AVERAGE($U$53:$U$58),0) -> 18510 | AB67: =AB55-ROUND(AVERAGE($U$53:$U$58),0) -> 19573 | ... AD67: =AD55-ROUND(AVERAGE($U$53:$U$58),0) -> 22023 | AF67: Blank Resazurin:554,593 | AI67: D | AK67: =AK55-ROUND(AVERAGE($AK$53:$AK$58),0) -> -360 | AL67: =AL55-ROUND(AVERAGE($AK$53:$AK$58),0) -> 792215 | AM67: =AM55-ROUND(AVERAGE($AK$53:$AK$58),0) -> 62020 | AN67: =AN55-ROUND(AVERAGE($AK$53:$AK$58),0) -> 62171 | AO67: =AO55-ROUND(AVERAGE($AK$53:$AK$58),0) -> 52669 | AP67: =AP55-ROUND(AVERAGE($AK$53:$AK$58),0) -> 48781 | AQ67: =AQ55-ROUND(AVERAGE($AK$53:$AK$58),0) -> 48470 | AR67: =AR55-ROUND(AVERAGE($AK$53:$AK$58),0) -> 53509 | ... AT67: =AT55-ROUND(AVERAGE($AK$53:$AK$58),0) -> 61863 | AV67: Blank Resazurin:554,593 | AY67: D | BA67: =BA55-ROUND(AVERAGE($BA$53:$BA$58),0) -> 19 | BB67: =BB55-ROUND(AVERAGE($BA$53:$BA$58),0) -> 789007 | BC67: =BC55-ROUND(AVERAGE($BA$53:$BA$58),0) -> 29522 | BD67: =BD55-ROUND(AVERAGE($BA$53:$BA$58),0) -> 20844 | BE67: =BE55-ROUND(AVERAGE($BA$53:$BA$58),0) -> 20486 | BF67: =BF55-ROUND(AVERAGE($BA$53:$BA$58),0) -> 22731 | BG67: =BG55-ROUND(AVERAGE($BA$53:$BA$58),0) -> 24693 | BH67: =BH55-ROUND(AVERAGE($BA$53:$BA$58),0) -> 28466 | ... BJ67: =BJ55-ROUND(AVERAGE($BA$53:$BA$58),0) -> 22569 | BL67: Blank Resazurin:554,593 | BO67: D | BQ67: =BQ55-ROUND(AVERAGE($BQ$53:$BQ$58),0) -> -445 | BR67: =BR55-ROUND(AVERAGE($BQ$53:$BQ$58),0) -> 814570 | BS67: =BS55-ROUND(AVERAGE($BQ$53:$BQ$58),0) -> 95505 | BT67: =BT55-ROUND(AVERAGE($BQ$53:$BQ$58),0) -> 90257 | BU67: =BU55-ROUND(AVERAGE($BQ$53:$BQ$58),0) -> 76891 | BV67: =BV55-ROUND(AVERAGE($BQ$53:$BQ$58),0) -> 95729 | BW67: =BW55-ROUND(AVERAGE($BQ$53:$BQ$58),0) -> 131635 | BX67: =BX55-ROUND(AVERAGE($BQ$53:$BQ$58),0) -> 110028 | ... BZ67: =BZ55-ROUND(AVERAGE($BQ$53:$BQ$58),0) -> 159306 | CB67: Blank Resazurin:554,593 | CE67: D | CG67: =CG55-ROUND(AVERAGE($CG$53:$CG$58),0) -> 15 | CH67: =CH55-ROUND(AVERAGE($CG$53:$CG$58),0) -> 804412 | CI67: =CI55-ROUND(AVERAGE($CG$53:$CG$58),0) -> 9520 | CJ67: =CJ55-ROUND(AVERAGE($CG$53:$CG$58),0) -> 6109 | CK67: =CK55-ROUND(AVERAGE($CG$53:$CG$58),0) -> 5735 | CL67: =CL55-ROUND(AVERAGE($CG$53:$CG$58),0) -> 5110 | CM67: =CM55-ROUND(AVERAGE($CG$53:$CG$58),0) -> 5764 | CN67: =CN55-ROUND(AVERAGE($CG$53:$CG$58),0) -> 11908 | ... CP67: =CP55-ROUND(AVERAGE($CG$53:$CG$58),0) -> 11000 | CR67: Blank Resazurin:554,593 | CU67: D | CW67: =CW55-ROUND(AVERAGE($CW$53:$CW$58),0) -> -159 | CX67: =CX55-ROUND(AVERAGE($CW$53:$CW$58),0) -> 794860 | CY67: =CY55-ROUND(AVERAGE($CW$53:$CW$58),0) -> 179453 | CZ67: =CZ55-ROUND(AVERAGE($CW$53:$CW$58),0) -> 231955 | DA67: =DA55-ROUND(AVERAGE($CW$53:$CW$58),0) -> 254841 | DB67: =DB55-ROUND(AVERAGE($CW$53:$CW$58),0) -> 203406 | DC67: =DC55-ROUND(AVERAGE($CW$53:$CW$58),0) -> 253053 | DD67: =DD55-ROUND(AVERAGE($CW$53:$CW$58),0) -> 309617 | ... DF67: =DF55-ROUND(AVERAGE($CW$53:$CW$58),0) -> 355140 | DH67: Blank Resazurin:554,593 | DK67: D | DM67: =DM55-ROUND(AVERAGE($DM$53:$DM$58),0) -> -78 | DN67: =DN55-ROUND(AVERAGE($DM$53:$DM$58),0) -> 791132 | DO67: =DO55-ROUND(AVERAGE($DM$53:$DM$58),0) -> 997 | DP67: =DP55-ROUND(AVERAGE($DM$53:$DM$58),0) -> 1278 | DQ67: =DQ55-ROUND(AVERAGE($DM$53:$DM$58),0) -> 1053 | DR67: =DR55-ROUND(AVERAGE($DM$53:$DM$58),0) -> 1068 | DS67: =DS55-ROUND(AVERAGE($DM$53:$DM$58),0) -> 2573 | DT67: =DT55-ROUND(AVERAGE($DM$53:$DM$58),0) -> 2694 | ... DV67: =DV55-ROUND(AVERAGE($DM$53:$DM$58),0) -> 2380 | DX67: Blank Resazurin:554,593
C68: E | E68: =E56-ROUND(AVERAGE($E$53:$E$58),0) -> 64 | F68: =F56-ROUND(AVERAGE($E$53:$E$58),0) -> 768320 | G68: =G56-ROUND(AVERAGE($E$53:$E$58),0) -> 14962 | H68: =H56-ROUND(AVERAGE($E$53:$E$58),0) -> 16155 | I68: =I56-ROUND(AVERAGE($E$53:$E$58),0) -> 14729 | J68: =J56-ROUND(AVERAGE($E$53:$E$58),0) -> 17823 | K68: =K56-ROUND(AVERAGE($E$53:$E$58),0) -> 17024 | L68: =L56-ROUND(AVERAGE($E$53:$E$58),0) -> 16491 | ... N68: =N56-ROUND(AVERAGE($E$53:$E$58),0) -> 17526 | P68: Blank Resazurin:554,593 | S68: E | U68: =U56-ROUND(AVERAGE($U$53:$U$58),0) -> 46 | V68: =V56-ROUND(AVERAGE($U$53:$U$58),0) -> 775391 | W68: =W56-ROUND(AVERAGE($U$53:$U$58),0) -> 24873 | X68: =X56-ROUND(AVERAGE($U$53:$U$58),0) -> 23250 | Y68: =Y56-ROUND(AVERAGE($U$53:$U$58),0) -> 20735 | Z68: =Z56-ROUND(AVERAGE($U$53:$U$58),0) -> 21086 | AA68: =AA56-ROUND(AVERAGE($U$53:$U$58),0) -> 19187 | AB68: =AB56-ROUND(AVERAGE($U$53:$U$58),0) -> 21918 | ... AD68: =AD56-ROUND(AVERAGE($U$53:$U$58),0) -> 23072 | AF68: Blank Resazurin:554,593 | AI68: E | AK68: =AK56-ROUND(AVERAGE($AK$53:$AK$58),0) -> 233 | AL68: =AL56-ROUND(AVERAGE($AK$53:$AK$58),0) -> 787002 | AM68: =AM56-ROUND(AVERAGE($AK$53:$AK$58),0) -> 44262 | AN68: =AN56-ROUND(AVERAGE($AK$53:$AK$58),0) -> 53072 | AO68: =AO56-ROUND(AVERAGE($AK$53:$AK$58),0) -> 52970 | AP68: =AP56-ROUND(AVERAGE($AK$53:$AK$58),0) -> 40554 | AQ68: =AQ56-ROUND(AVERAGE($AK$53:$AK$58),0) -> 45075 | AR68: =AR56-ROUND(AVERAGE($AK$53:$AK$58),0) -> 41453 | ... AT68: =AT56-ROUND(AVERAGE($AK$53:$AK$58),0) -> 53159 | AV68: Blank Resazurin:554,593 | AY68: E | BA68: =BA56-ROUND(AVERAGE($BA$53:$BA$58),0) -> -182 | BB68: =BB56-ROUND(AVERAGE($BA$53:$BA$58),0) -> 794167 | BC68: =BC56-ROUND(AVERAGE($BA$53:$BA$58),0) -> 23627 | BD68: =BD56-ROUND(AVERAGE($BA$53:$BA$58),0) -> 24883 | BE68: =BE56-ROUND(AVERAGE($BA$53:$BA$58),0) -> 20736 | BF68: =BF56-ROUND(AVERAGE($BA$53:$BA$58),0) -> 21575 | BG68: =BG56-ROUND(AVERAGE($BA$53:$BA$58),0) -> 22569 | BH68: =BH56-ROUND(AVERAGE($BA$53:$BA$58),0) -> 23255 | ... BJ68: =BJ56-ROUND(AVERAGE($BA$53:$BA$58),0) -> 27837 | BL68: Blank Resazurin:554,593 | BO68: E | BQ68: =BQ56-ROUND(AVERAGE($BQ$53:$BQ$58),0) -> 111 | BR68: =BR56-ROUND(AVERAGE($BQ$53:$BQ$58),0) -> 806372 | BS68: =BS56-ROUND(AVERAGE($BQ$53:$BQ$58),0) -> 60149 | BT68: =BT56-ROUND(AVERAGE($BQ$53:$BQ$58),0) -> 42971 | BU68: =BU56-ROUND(AVERAGE($BQ$53:$BQ$58),0) -> 46976 | BV68: =BV56-ROUND(AVERAGE($BQ$53:$BQ$58),0) -> 45896 | BW68: =BW56-ROUND(AVERAGE($BQ$53:$BQ$58),0) -> 69844 | BX68: =BX56-ROUND(AVERAGE($BQ$53:$BQ$58),0) -> 56391 | ... BZ68: =BZ56-ROUND(AVERAGE($BQ$53:$BQ$58),0) -> 68798 | CB68: Blank Resazurin:554,593 | CE68: E | CG68: =CG56-ROUND(AVERAGE($CG$53:$CG$58),0) -> 272 | CH68: =CH56-ROUND(AVERAGE($CG$53:$CG$58),0) -> 801474 | CI68: =CI56-ROUND(AVERAGE($CG$53:$CG$58),0) -> 5533 | CJ68: =CJ56-ROUND(AVERAGE($CG$53:$CG$58),0) -> 6368 | CK68: =CK56-ROUND(AVERAGE($CG$53:$CG$58),0) -> 5339 | CL68: =CL56-ROUND(AVERAGE($CG$53:$CG$58),0) -> 5787 | CM68: =CM56-ROUND(AVERAGE($CG$53:$CG$58),0) -> 3588 | CN68: =CN56-ROUND(AVERAGE($CG$53:$CG$58),0) -> 5425 | ... CP68: =CP56-ROUND(AVERAGE($CG$53:$CG$58),0) -> 12361 | CR68: Blank Resazurin:554,593 | CU68: E | CW68: =CW56-ROUND(AVERAGE($CW$53:$CW$58),0) -> -460 | CX68: =CX56-ROUND(AVERAGE($CW$53:$CW$58),0) -> 795304 | CY68: =CY56-ROUND(AVERAGE($CW$53:$CW$58),0) -> 73721 | CZ68: =CZ56-ROUND(AVERAGE($CW$53:$CW$58),0) -> 69137 | DA68: =DA56-ROUND(AVERAGE($CW$53:$CW$58),0) -> 70004 | DB68: =DB56-ROUND(AVERAGE($CW$53:$CW$58),0) -> 88801 | DC68: =DC56-ROUND(AVERAGE($CW$53:$CW$58),0) -> 90906 | DD68: =DD56-ROUND(AVERAGE($CW$53:$CW$58),0) -> 114767 | ... DF68: =DF56-ROUND(AVERAGE($CW$53:$CW$58),0) -> 120024 | DH68: Blank Resazurin:554,593 | DK68: E | DM68: =DM56-ROUND(AVERAGE($DM$53:$DM$58),0) -> 157 | DN68: =DN56-ROUND(AVERAGE($DM$53:$DM$58),0) -> 796569 | DO68: =DO56-ROUND(AVERAGE($DM$53:$DM$58),0) -> 1136 | DP68: =DP56-ROUND(AVERAGE($DM$53:$DM$58),0) -> 1328 | DQ68: =DQ56-ROUND(AVERAGE($DM$53:$DM$58),0) -> 1384 | DR68: =DR56-ROUND(AVERAGE($DM$53:$DM$58),0) -> 1714 | DS68: =DS56-ROUND(AVERAGE($DM$53:$DM$58),0) -> 1438 | DT68: =DT56-ROUND(AVERAGE($DM$53:$DM$58),0) -> 1045 | ... DV68: =DV56-ROUND(AVERAGE($DM$53:$DM$58),0) -> 1857 | DX68: Blank Resazurin:554,593
C69: F | E69: =E57-ROUND(AVERAGE($E$53:$E$58),0) -> -99 | F69: =F57-ROUND(AVERAGE($E$53:$E$58),0) -> 770132 | G69: =G57-ROUND(AVERAGE($E$53:$E$58),0) -> 14877 | H69: =H57-ROUND(AVERAGE($E$53:$E$58),0) -> 15646 | I69: =I57-ROUND(AVERAGE($E$53:$E$58),0) -> 15505 | J69: =J57-ROUND(AVERAGE($E$53:$E$58),0) -> 15433 | K69: =K57-ROUND(AVERAGE($E$53:$E$58),0) -> 14988 | L69: =L57-ROUND(AVERAGE($E$53:$E$58),0) -> 15693 | ... N69: =N57-ROUND(AVERAGE($E$53:$E$58),0) -> 17312 | P69: Blank Resazurin:554,593 | S69: F | U69: =U57-ROUND(AVERAGE($U$53:$U$58),0) -> -106 | V69: =V57-ROUND(AVERAGE($U$53:$U$58),0) -> 768189 | W69: =W57-ROUND(AVERAGE($U$53:$U$58),0) -> 21565 | X69: =X57-ROUND(AVERAGE($U$53:$U$58),0) -> 22825 | Y69: =Y57-ROUND(AVERAGE($U$53:$U$58),0) -> 19537 | Z69: =Z57-ROUND(AVERAGE($U$53:$U$58),0) -> 23183 | AA69: =AA57-ROUND(AVERAGE($U$53:$U$58),0) -> 23870 | AB69: =AB57-ROUND(AVERAGE($U$53:$U$58),0) -> 22356 | ... AD69: =AD57-ROUND(AVERAGE($U$53:$U$58),0) -> 21191 | AF69: Blank Resazurin:554,593 | AI69: F | AK69: =AK57-ROUND(AVERAGE($AK$53:$AK$58),0) -> 132 | AL69: =AL57-ROUND(AVERAGE($AK$53:$AK$58),0) -> 794965 | AM69: =AM57-ROUND(AVERAGE($AK$53:$AK$58),0) -> 25356 | AN69: =AN57-ROUND(AVERAGE($AK$53:$AK$58),0) -> 21498 | AO69: =AO57-ROUND(AVERAGE($AK$53:$AK$58),0) -> 38553 | AP69: =AP57-ROUND(AVERAGE($AK$53:$AK$58),0) -> 27294 | AQ69: =AQ57-ROUND(AVERAGE($AK$53:$AK$58),0) -> 33044 | AR69: =AR57-ROUND(AVERAGE($AK$53:$AK$58),0) -> 33173 | ... AT69: =AT57-ROUND(AVERAGE($AK$53:$AK$58),0) -> 33387 | AV69: Blank Resazurin:554,593 | AY69: F | BA69: =BA57-ROUND(AVERAGE($BA$53:$BA$58),0) -> -456 | BB69: =BB57-ROUND(AVERAGE($BA$53:$BA$58),0) -> 792322 | BC69: =BC57-ROUND(AVERAGE($BA$53:$BA$58),0) -> 16288 | BD69: =BD57-ROUND(AVERAGE($BA$53:$BA$58),0) -> 21976 | BE69: =BE57-ROUND(AVERAGE($BA$53:$BA$58),0) -> 18871 | BF69: =BF57-ROUND(AVERAGE($BA$53:$BA$58),0) -> 20889 | BG69: =BG57-ROUND(AVERAGE($BA$53:$BA$58),0) -> 18806 | BH69: =BH57-ROUND(AVERAGE($BA$53:$BA$58),0) -> 19157 | ... BJ69: =BJ57-ROUND(AVERAGE($BA$53:$BA$58),0) -> 20459 | BL69: Blank Resazurin:554,593 | BO69: F | BQ69: =BQ57-ROUND(AVERAGE($BQ$53:$BQ$58),0) -> 142 | BR69: =BR57-ROUND(AVERAGE($BQ$53:$BQ$58),0) -> 816102 | BS69: =BS57-ROUND(AVERAGE($BQ$53:$BQ$58),0) -> 13967 | BT69: =BT57-ROUND(AVERAGE($BQ$53:$BQ$58),0) -> 22899 | BU69: =BU57-ROUND(AVERAGE($BQ$53:$BQ$58),0) -> 44691 | BV69: =BV57-ROUND(AVERAGE($BQ$53:$BQ$58),0) -> 34095 | BW69: =BW57-ROUND(AVERAGE($BQ$53:$BQ$58),0) -> 33978 | BX69: =BX57-ROUND(AVERAGE($BQ$53:$BQ$58),0) -> 41693 | ... BZ69: =BZ57-ROUND(AVERAGE($BQ$53:$BQ$58),0) -> 42976 | CB69: Blank Resazurin:554,593 | CE69: F | CG69: =CG57-ROUND(AVERAGE($CG$53:$CG$58),0) -> 614 | CH69: =CH57-ROUND(AVERAGE($CG$53:$CG$58),0) -> 804901 | CI69: =CI57-ROUND(AVERAGE($CG$53:$CG$58),0) -> 2709 | CJ69: =CJ57-ROUND(AVERAGE($CG$53:$CG$58),0) -> 4424 | CK69: =CK57-ROUND(AVERAGE($CG$53:$CG$58),0) -> 4422 | CL69: =CL57-ROUND(AVERAGE($CG$53:$CG$58),0) -> 7561 | CM69: =CM57-ROUND(AVERAGE($CG$53:$CG$58),0) -> 6799 | CN69: =CN57-ROUND(AVERAGE($CG$53:$CG$58),0) -> 7872 | ... CP69: =CP57-ROUND(AVERAGE($CG$53:$CG$58),0) -> 9594 | CR69: Blank Resazurin:554,593 | CU69: F | CW69: =CW57-ROUND(AVERAGE($CW$53:$CW$58),0) -> 382 | CX69: =CX57-ROUND(AVERAGE($CW$53:$CW$58),0) -> 797768 | CY69: =CY57-ROUND(AVERAGE($CW$53:$CW$58),0) -> 18760 | CZ69: =CZ57-ROUND(AVERAGE($CW$53:$CW$58),0) -> 13307 | DA69: =DA57-ROUND(AVERAGE($CW$53:$CW$58),0) -> 22755 | DB69: =DB57-ROUND(AVERAGE($CW$53:$CW$58),0) -> 19379 | DC69: =DC57-ROUND(AVERAGE($CW$53:$CW$58),0) -> 18992 | DD69: =DD57-ROUND(AVERAGE($CW$53:$CW$58),0) -> 21545 | ... DF69: =DF57-ROUND(AVERAGE($CW$53:$CW$58),0) -> 21744 | DH69: Blank Resazurin:554,593 | DK69: F | DM69: =DM57-ROUND(AVERAGE($DM$53:$DM$58),0) -> -58 | DN69: =DN57-ROUND(AVERAGE($DM$53:$DM$58),0) -> 798527 | DO69: =DO57-ROUND(AVERAGE($DM$53:$DM$58),0) -> 1234 | DP69: =DP57-ROUND(AVERAGE($DM$53:$DM$58),0) -> 1021 | DQ69: =DQ57-ROUND(AVERAGE($DM$53:$DM$58),0) -> 1447 | DR69: =DR57-ROUND(AVERAGE($DM$53:$DM$58),0) -> 1535 | DS69: =DS57-ROUND(AVERAGE($DM$53:$DM$58),0) -> 2159 | DT69: =DT57-ROUND(AVERAGE($DM$53:$DM$58),0) -> 1518 | ... DV69: =DV57-ROUND(AVERAGE($DM$53:$DM$58),0) -> 3285 | DX69: Blank Resazurin:554,593
C70: G | E70: =E58-ROUND(AVERAGE($E$53:$E$58),0) -> 33 | F70: =F58-ROUND(AVERAGE($E$53:$E$58),0) -> 776717 | G70: =G58-ROUND(AVERAGE($E$53:$E$58),0) -> 13541 | H70: =H58-ROUND(AVERAGE($E$53:$E$58),0) -> 14293 | I70: =I58-ROUND(AVERAGE($E$53:$E$58),0) -> 14652 | J70: =J58-ROUND(AVERAGE($E$53:$E$58),0) -> 16153 | K70: =K58-ROUND(AVERAGE($E$53:$E$58),0) -> 14174 | L70: =L58-ROUND(AVERAGE($E$53:$E$58),0) -> 15318 | ... N70: =N58-ROUND(AVERAGE($E$53:$E$58),0) -> 17482 | P70: Blank Resazurin:554,593 | S70: G | U70: =U58-ROUND(AVERAGE($U$53:$U$58),0) -> 39 | V70: =V58-ROUND(AVERAGE($U$53:$U$58),0) -> 768747 | W70: =W58-ROUND(AVERAGE($U$53:$U$58),0) -> 22369 | X70: =X58-ROUND(AVERAGE($U$53:$U$58),0) -> 21313 | Y70: =Y58-ROUND(AVERAGE($U$53:$U$58),0) -> 21021 | Z70: =Z58-ROUND(AVERAGE($U$53:$U$58),0) -> 19061 | AA70: =AA58-ROUND(AVERAGE($U$53:$U$58),0) -> 21008 | AB70: =AB58-ROUND(AVERAGE($U$53:$U$58),0) -> 20131 | ... AD70: =AD58-ROUND(AVERAGE($U$53:$U$58),0) -> 19942 | AF70: Blank Resazurin:554,593 | AI70: G | AK70: =AK58-ROUND(AVERAGE($AK$53:$AK$58),0) -> -62 | AL70: =AL58-ROUND(AVERAGE($AK$53:$AK$58),0) -> 833430 | AM70: =AM58-ROUND(AVERAGE($AK$53:$AK$58),0) -> 23901 | AN70: =AN58-ROUND(AVERAGE($AK$53:$AK$58),0) -> 30623 | AO70: =AO58-ROUND(AVERAGE($AK$53:$AK$58),0) -> 29613 | AP70: =AP58-ROUND(AVERAGE($AK$53:$AK$58),0) -> 30301 | AQ70: =AQ58-ROUND(AVERAGE($AK$53:$AK$58),0) -> 24268 | AR70: =AR58-ROUND(AVERAGE($AK$53:$AK$58),0) -> 28433 | ... AT70: =AT58-ROUND(AVERAGE($AK$53:$AK$58),0) -> 26376 | AV70: Blank Resazurin:554,593 | AY70: G | BA70: =BA58-ROUND(AVERAGE($BA$53:$BA$58),0) -> 204 | BB70: =BB58-ROUND(AVERAGE($BA$53:$BA$58),0) -> 785064 | BC70: =BC58-ROUND(AVERAGE($BA$53:$BA$58),0) -> 14041 | BD70: =BD58-ROUND(AVERAGE($BA$53:$BA$58),0) -> 22021 | BE70: =BE58-ROUND(AVERAGE($BA$53:$BA$58),0) -> 18872 | BF70: =BF58-ROUND(AVERAGE($BA$53:$BA$58),0) -> 14924 | BG70: =BG58-ROUND(AVERAGE($BA$53:$BA$58),0) -> 18963 | BH70: =BH58-ROUND(AVERAGE($BA$53:$BA$58),0) -> 19726 | ... BJ70: =BJ58-ROUND(AVERAGE($BA$53:$BA$58),0) -> 16979 | BL70: Blank Resazurin:554,593 | BO70: G | BQ70: =BQ58-ROUND(AVERAGE($BQ$53:$BQ$58),0) -> -62 | BR70: =BR58-ROUND(AVERAGE($BQ$53:$BQ$58),0) -> 820575 | BS70: =BS58-ROUND(AVERAGE($BQ$53:$BQ$58),0) -> 23337 | BT70: =BT58-ROUND(AVERAGE($BQ$53:$BQ$58),0) -> 20627 | BU70: =BU58-ROUND(AVERAGE($BQ$53:$BQ$58),0) -> 29514 | BV70: =BV58-ROUND(AVERAGE($BQ$53:$BQ$58),0) -> 18681 | BW70: =BW58-ROUND(AVERAGE($BQ$53:$BQ$58),0) -> 27851 | BX70: =BX58-ROUND(AVERAGE($BQ$53:$BQ$58),0) -> 28258 | ... BZ70: =BZ58-ROUND(AVERAGE($BQ$53:$BQ$58),0) -> 25570 | CB70: Blank Resazurin:554,593 | CE70: G | CG70: =CG58-ROUND(AVERAGE($CG$53:$CG$58),0) -> -802 | CH70: =CH58-ROUND(AVERAGE($CG$53:$CG$58),0) -> 798553 | CI70: =CI58-ROUND(AVERAGE($CG$53:$CG$58),0) -> 5896 | CJ70: =CJ58-ROUND(AVERAGE($CG$53:$CG$58),0) -> 10573 | CK70: =CK58-ROUND(AVERAGE($CG$53:$CG$58),0) -> 5984 | CL70: =CL58-ROUND(AVERAGE($CG$53:$CG$58),0) -> 9414 | CM70: =CM58-ROUND(AVERAGE($CG$53:$CG$58),0) -> 10030 | CN70: =CN58-ROUND(AVERAGE($CG$53:$CG$58),0) -> 10403 | ... CP70: =CP58-ROUND(AVERAGE($CG$53:$CG$58),0) -> 17902 | CR70: Blank Resazurin:554,593 | CU70: G | CW70: =CW58-ROUND(AVERAGE($CW$53:$CW$58),0) -> 54 | CX70: =CX58-ROUND(AVERAGE($CW$53:$CW$58),0) -> 797337 | CY70: =CY58-ROUND(AVERAGE($CW$53:$CW$58),0) -> 5133 | CZ70: =CZ58-ROUND(AVERAGE($CW$53:$CW$58),0) -> 9538 | DA70: =DA58-ROUND(AVERAGE($CW$53:$CW$58),0) -> 8454 | DB70: =DB58-ROUND(AVERAGE($CW$53:$CW$58),0) -> 9179 | DC70: =DC58-ROUND(AVERAGE($CW$53:$CW$58),0) -> 10307 | DD70: =DD58-ROUND(AVERAGE($CW$53:$CW$58),0) -> 10161 | ... DF70: =DF58-ROUND(AVERAGE($CW$53:$CW$58),0) -> 12534 | DH70: Blank Resazurin:554,593 | DK70: G | DM70: =DM58-ROUND(AVERAGE($DM$53:$DM$58),0) -> -209 | DN70: =DN58-ROUND(AVERAGE($DM$53:$DM$58),0) -> 793074 | DO70: =DO58-ROUND(AVERAGE($DM$53:$DM$58),0) -> 2111 | DP70: =DP58-ROUND(AVERAGE($DM$53:$DM$58),0) -> 2678 | DQ70: =DQ58-ROUND(AVERAGE($DM$53:$DM$58),0) -> 3090 | DR70: =DR58-ROUND(AVERAGE($DM$53:$DM$58),0) -> 2668 | DS70: =DS58-ROUND(AVERAGE($DM$53:$DM$58),0) -> 2853 | DT70: =DT58-ROUND(AVERAGE($DM$53:$DM$58),0) -> 2857 | ... DV70: =DV58-ROUND(AVERAGE($DM$53:$DM$58),0) -> 4238 | DX70: Blank Resazurin:554,593
C71: H | P71: Blank Resazurin:554,593 | S71: H | AF71: Blank Resazurin:554,593 | AI71: H | AV71: Blank Resazurin:554,593 | AY71: H | BL71: Blank Resazurin:554,593 | BO71: H | CB71: Blank Resazurin:554,593 | CE71: H | CR71: Blank Resazurin:554,593 | CU71: H | DH71: Blank Resazurin:554,593 | DK71: H | DX71: Blank Resazurin:554,593
C74: 0 | D74: 0.025 | E74: 0.05 | F74: 0.1 | G74: 0.2 | H74: 0.3 | I74: Rho | S74: 0.4 | T74: 0.6 | U74: 0.8 | V74: 1 | W74: 2 | X74: 5 | Y74: Rho | AI74: 0 | AJ74: 0.025 | AK74: 0.05 | AL74: 0.1 | AM74: 0.2 | AN74: 0.3 | AO74: Rho | AY74: 0.4 | AZ74: 0.6 | BA74: 0.8 | BB74: 1 | BC74: 2 | BD74: 5 | BE74: Rho | BO74: 0 | BP74: 0.025 | BQ74: 0.05 | BR74: 0.1 | BS74: 0.2 | BT74: 0.3 | BU74: Rho | CE74: 0.4 | CF74: 0.6 | CG74: 0.8 | CH74: 1 | CI74: 2 | CJ74: 5 | CK74: Rho | CU74: 0 | CV74: 0.025 | CW74: 0.05 | CX74: 0.1 | CY74: 0.2 | CZ74: 0.3 | DA74: Rho | DK74: 0.4 | DL74: 0.6 | DM74: 0.8 | DN74: 1 | DO74: 2 | DP74: 5 | DQ74: Rho
B75: Mittelwert | C75: =ROUND(AVERAGE(G65:N65),0) -> 14945 | D75: =ROUND(AVERAGE(G66:N66),0) -> 16611 | E75: =ROUND(AVERAGE(G67:N67),0) -> 17316 | F75: =ROUND(AVERAGE(G68:N68),0) -> 16796 | G75: =ROUND(AVERAGE(G69:N69),0) -> 15599 | H75: =ROUND(AVERAGE(G70:N70),0) -> 15101 | I75: =ROUND(AVERAGE(F65:F70),0) -> 769732 | R75: Mittelwert | S75: =ROUND(AVERAGE(W65:AD65),0) -> 19738 | T75: =ROUND(AVERAGE(W66:AD66),0) -> 21160 | U75: =ROUND(AVERAGE(W67:AD67),0) -> 21241 | V75: =ROUND(AVERAGE(W68:AD68),0) -> 22139 | W75: =ROUND(AVERAGE(W69:AD69),0) -> 21913 | X75: =ROUND(AVERAGE(W70:AD70),0) -> 20672 | Y75: =ROUND(AVERAGE(V65:V70),0) -> 771788 | AH75: Mittelwert | AI75: =ROUND(AVERAGE(AM65:AT65),0) -> 52826 | AJ75: =ROUND(AVERAGE(AM66:AT66),0) -> 52853 | AK75: =ROUND(AVERAGE(AM67:AT67),0) -> 56483 | AL75: =ROUND(AVERAGE(AM68:AT68),0) -> 48523 | AM75: =ROUND(AVERAGE(AM69:AT69),0) -> 30240 | AN75: =ROUND(AVERAGE(AM70:AT70),0) -> 27639 | AO75: =ROUND(AVERAGE(AL65:AL70),0) -> 798383 | AX75: Mittelwert | AY75: =ROUND(AVERAGE(BC65:BJ65),0) -> 31154 | AZ75: =ROUND(AVERAGE(BC66:BJ66),0) -> 29888 | BA75: =ROUND(AVERAGE(BC67:BJ67),0) -> 23864 | BB75: =ROUND(AVERAGE(BC68:BJ68),0) -> 23262 | BC75: =ROUND(AVERAGE(BC69:BJ69),0) -> 19483 | BD75: =ROUND(AVERAGE(BC70:BJ70),0) -> 17360 | BE75: =ROUND(AVERAGE(BB65:BB70),0) -> 793490 | BN75: Mittelwert | BO75: =ROUND(AVERAGE(BS65:BZ65),0) -> 254018 | BP75: =ROUND(AVERAGE(BS66:BZ66),0) -> 183527 | BQ75: =ROUND(AVERAGE(BS67:BZ67),0) -> 108888 | BR75: =ROUND(AVERAGE(BS68:BZ68),0) -> 54345 | BS75: =ROUND(AVERAGE(BS69:BZ69),0) -> 34123 | BT75: =ROUND(AVERAGE(BS70:BZ70),0) -> 26196 | BU75: =ROUND(AVERAGE(BR65:BR70),0) -> 816410 | CD75: Mittelwert | CE75: =ROUND(AVERAGE(CI65:CP65),0) -> 11717 | CF75: =ROUND(AVERAGE(CI66:CP66),0) -> 12623 | CG75: =ROUND(AVERAGE(CI67:CP67),0) -> 8739 | CH75: =ROUND(AVERAGE(CI68:CP68),0) -> 6371 | CI75: =ROUND(AVERAGE(CI69:CP69),0) -> 6445 | CJ75: =ROUND(AVERAGE(CI70:CP70),0) -> 10380 | CK75: =ROUND(AVERAGE(CH65:CH70),0) -> 802610 | CT75: Mittelwert | CU75: =ROUND(AVERAGE(CY65:DF65),0) -> 528148 | CV75: =ROUND(AVERAGE(CY66:DF66),0) -> 439219 | CW75: =ROUND(AVERAGE(CY67:DF67),0) -> 254030 | CX75: =ROUND(AVERAGE(CY68:DF68),0) -> 92126 | CY75: =ROUND(AVERAGE(CY69:DF69),0) -> 19768 | CZ75: =ROUND(AVERAGE(CY70:DF70),0) -> 9509 | DA75: =ROUND(AVERAGE(CX65:CX70),0) -> 794047 | DJ75: Mittelwert | DK75: =ROUND(AVERAGE(DO65:DV65),0) -> 5357 | DL75: =ROUND(AVERAGE(DO66:DV66),0) -> 1880 | DM75: =ROUND(AVERAGE(DO67:DV67),0) -> 1923 | DN75: =ROUND(AVERAGE(DO68:DV68),0) -> 1422 | DO75: =ROUND(AVERAGE(DO69:DV69),0) -> 1899 | DP75: =ROUND(AVERAGE(DO70:DV70),0) -> 2972 | DQ75: =ROUND(AVERAGE(DN65:DN70),0) -> 795372
B76: Standardabweichung | C76: =ROUND(_xlfn.STDEV.P(G65:N65),0) -> 1157 | D76: =ROUND(_xlfn.STDEV.P(G66:N66),0) -> 899 | E76: =ROUND(_xlfn.STDEV.P(G67:N67),0) -> 1517 | F76: =ROUND(_xlfn.STDEV.P(G68:N68),0) -> 1499 | G76: =ROUND(_xlfn.STDEV.P(G69:N69),0) -> 702 | H76: =ROUND(_xlfn.STDEV.P(G70:N70),0) -> 1171 | I76: =ROUND(_xlfn.STDEV.P(F65:F70),0) -> 4795 | R76: Standardabweichung | S76: =ROUND(_xlfn.STDEV.P(W65:AD65),0) -> 1593 | T76: =ROUND(_xlfn.STDEV.P(W66:AD66),0) -> 1027 | U76: =ROUND(_xlfn.STDEV.P(W67:AD67),0) -> 1418 | V76: =ROUND(_xlfn.STDEV.P(W68:AD68),0) -> 1664 | W76: =ROUND(_xlfn.STDEV.P(W69:AD69),0) -> 1325 | X76: =ROUND(_xlfn.STDEV.P(W70:AD70),0) -> 933 | Y76: =ROUND(_xlfn.STDEV.P(V65:V70),0) -> 2801 | AH76: Standardabweichung | AI76: =ROUND(_xlfn.STDEV.P(AM65:AT65),0) -> 12259 | AJ76: =ROUND(_xlfn.STDEV.P(AM66:AT66),0) -> 6456 | AK76: =ROUND(_xlfn.STDEV.P(AM67:AT67),0) -> 5849 | AL76: =ROUND(_xlfn.STDEV.P(AM68:AT68),0) -> 6007 | AM76: =ROUND(_xlfn.STDEV.P(AM69:AT69),0) -> 5060 | AN76: =ROUND(_xlfn.STDEV.P(AM70:AT70),0) -> 2435 | AO76: =ROUND(_xlfn.STDEV.P(AL65:AL70),0) -> 15853 | AX76: Standardabweichung | AY76: =ROUND(_xlfn.STDEV.P(BC65:BJ65),0) -> 3714 | AZ76: =ROUND(_xlfn.STDEV.P(BC66:BJ66),0) -> 6717 | BA76: =ROUND(_xlfn.STDEV.P(BC67:BJ67),0) -> 3211 | BB76: =ROUND(_xlfn.STDEV.P(BC68:BJ68),0) -> 2125 | BC76: =ROUND(_xlfn.STDEV.P(BC69:BJ69),0) -> 1593 | BD76: =ROUND(_xlfn.STDEV.P(BC70:BJ70),0) -> 2858 | BE76: =ROUND(_xlfn.STDEV.P(BB65:BB70),0) -> 5715 | BN76: Standardabweichung | BO76: =ROUND(_xlfn.STDEV.P(BS65:BZ65),0) -> 60174 | BP76: =ROUND(_xlfn.STDEV.P(BS66:BZ66),0) -> 26886 | BQ76: =ROUND(_xlfn.STDEV.P(BS67:BZ67),0) -> 24475 | BR76: =ROUND(_xlfn.STDEV.P(BS68:BZ68),0) -> 10336 | BS76: =ROUND(_xlfn.STDEV.P(BS69:BZ69),0) -> 10003 | BT76: =ROUND(_xlfn.STDEV.P(BS70:BZ70),0) -> 5061 | BU76: =ROUND(_xlfn.STDEV.P(BR65:BR70),0) -> 5854 | CD76: Standardabweichung | CE76: =ROUND(_xlfn.STDEV.P(CI65:CP65),0) -> 3651 | CF76: =ROUND(_xlfn.STDEV.P(CI66:CP66),0) -> 2756 | CG76: =ROUND(_xlfn.STDEV.P(CI67:CP67),0) -> 3355 | CH76: =ROUND(_xlfn.STDEV.P(CI68:CP68),0) -> 2415 | CI76: =ROUND(_xlfn.STDEV.P(CI69:CP69),0) -> 2193 | CJ76: =ROUND(_xlfn.STDEV.P(CI70:CP70),0) -> 3590 | CK76: =ROUND(_xlfn.STDEV.P(CH65:CH70),0) -> 3468 | CT76: Standardabweichung | CU76: =ROUND(_xlfn.STDEV.P(CY65:DF65),0) -> 61015 | CV76: =ROUND(_xlfn.STDEV.P(CY66:DF66),0) -> 32188 | CW76: =ROUND(_xlfn.STDEV.P(CY67:DF67),0) -> 52455 | CX76: =ROUND(_xlfn.STDEV.P(CY68:DF68),0) -> 19258 | CY76: =ROUND(_xlfn.STDEV.P(CY69:DF69),0) -> 2808 | CZ76: =ROUND(_xlfn.STDEV.P(CY70:DF70),0) -> 2005 | DA76: =ROUND(_xlfn.STDEV.P(CX65:CX70),0) -> 3647 | DJ76: Standardabweichung | DK76: =ROUND(_xlfn.STDEV.P(DO65:DV65),0) -> 2928 | DL76: =ROUND(_xlfn.STDEV.P(DO66:DV66),0) -> 973 | DM76: =ROUND(_xlfn.STDEV.P(DO67:DV67),0) -> 865 | DN76: =ROUND(_xlfn.STDEV.P(DO68:DV68),0) -> 253 | DO76: =ROUND(_xlfn.STDEV.P(DO69:DV69),0) -> 780 | DP76: =ROUND(_xlfn.STDEV.P(DO70:DV70),0) -> 576 | DQ76: =ROUND(_xlfn.STDEV.P(DN65:DN70),0) -> 2628
L78: Normalized | M78: 0 | N78: 0.025 | O78: 0.05 | P78: 0.1 | Q78: 0.2 | R78: 0.3 | S78: 0.4 | T78: 0.6 | U78: 0.8 | V78: 1 | W78: 2 | X78: 5 | AR78: Normalized | AS78: 0 | AT78: 0.025 | AU78: 0.05 | AV78: 0.1 | AW78: 0.2 | AX78: 0.3 | AY78: 0.4 | AZ78: 0.6 | BA78: 0.8 | BB78: 1 | BC78: 2 | BD78: 5 | BX78: Normalized | BY78: 0 | BZ78: 0.025 | CA78: 0.05 | CB78: 0.1 | CC78: 0.2 | CD78: 0.3 | CE78: 0.4 | CF78: 0.6 | CG78: 0.8 | CH78: 1 | CI78: 2 | CJ78: 5 | DD78: Normalized | DE78: 0 | DF78: 0.025 | DG78: 0.05 | DH78: 0.1 | DI78: 0.2 | DJ78: 0.3 | DK78: 0.4 | DL78: 0.6 | DM78: 0.8 | DN78: 1 | DO78: 2 | DP78: 5
L79: Mittelwert | M79: =C75/$I$75 -> 0.019415849 | N79: =D75/$I$75 -> 0.021580238 | O79: =E75/$I$75 -> 0.022496142 | P79: =F75/$I$75 -> 0.021820582 | Q79: =G75/$I$75 -> 0.020265495 | R79: =H75/$I$75 -> 0.019618517 | S79: =S75/$Y$75 -> 0.025574381 | T79: =T75/$Y$75 -> 0.027416855 | U79: =U75/$Y$75 -> 0.027521807 | V79: =V75/$Y$75 -> 0.028685338 | W79: =W75/$Y$75 -> 0.028392512 | X79: =X75/$Y$75 -> 0.026784557 | AR79: Mittelwert | AS79: =AI75/$AO$75 -> 0.066166239 | AT79: =AJ75/$AO$75 -> 0.066200057 | AU79: =AK75/$AO$75 -> 0.070746747 | AV79: =AL75/$AO$75 -> 0.060776595 | AW79: =AM75/$AO$75 -> 0.037876558 | AX79: =AN75/$AO$75 -> 0.034618723 | AY79: =AY75/$BE$75 -> 0.039261994 | AZ79: =AZ75/$BE$75 -> 0.037666511 | BA79: =BA75/$BE$75 -> 0.030074733 | BB79: =BB75/$BE$75 -> 0.029316059 | BC79: =BC75/$BE$75 -> 0.024553555 | BD79: =BD75/$BE$75 -> 0.021878032 | BX79: Mittelwert | BY79: =BO75/$BU$75 -> 0.31114024 | BZ79: =BP75/$BU$75 -> 0.22479759 | CA79: =BQ75/$BU$75 -> 0.13337416 | CB79: =BR75/$BU$75 -> 0.066565819 | CC79: =BS75/$BU$75 -> 0.041796401 | CD79: =BT75/$BU$75 -> 0.032086819 | CE79: =CE75/$CK$75 -> 0.014598622 | CF79: =CF75/$CK$75 -> 0.015727439 | CG79: =CG75/$CK$75 -> 0.010888227 | CH79: =CH75/$CK$75 -> 0.0079378528 | CI79: =CI75/$CK$75 -> 0.008030052 | CJ79: =CJ75/$CK$75 -> 0.012932807 | DD79: Mittelwert | DE79: =CU75/$DA$75 -> 0.66513443 | DF79: =CV75/$DA$75 -> 0.5531398 | DG79: =CW75/$DA$75 -> 0.31991809 | DH79: =CX75/$DA$75 -> 0.11602084 | DI79: =CY75/$DA$75 -> 0.024895252 | DJ79: =CZ75/$DA$75 -> 0.011975362 | DK79: =DK75/$DQ$75 -> 0.0067352132 | DL79: =DL75/$DQ$75 -> 0.0023636739 | DM79: =DM75/$DQ$75 -> 0.0024177366 | DN79: =DN75/$DQ$75 -> 0.0017878427 | DO79: =DO75/$DQ$75 -> 0.002387562 | DP79: =DP75/$DQ$75 -> 0.0037366163
L80: Standardabweichung | M80: =C76/$I$75 -> 0.0015031206 | N80: =D76/$I$75 -> 0.001167939 | O80: =E76/$I$75 -> 0.0019708158 | P80: =F76/$I$75 -> 0.0019474311 | Q80: =G76/$I$75 -> 0.00091200574 | R80: =H76/$I$75 -> 0.0015213087 | S80: =S76/$Y$75 -> 0.0020640383 | T80: =T76/$Y$75 -> 0.0013306763 | U80: =U76/$Y$75 -> 0.0018372921 | V80: =V76/$Y$75 -> 0.0021560325 | W80: =W76/$Y$75 -> 0.0017167927 | X80: =X76/$Y$75 -> 0.0012088812 | AR80: Standardabweichung | AS80: =AI76/$AO$75 -> 0.015354786 | AT80: =AJ76/$AO$75 -> 0.0080863445 | AU80: =AK76/$AO$75 -> 0.0073260578 | AV80: =AL76/$AO$75 -> 0.0075239578 | AW80: =AM76/$AO$75 -> 0.0063378103 | AX80: =AN76/$AO$75 -> 0.0030499146 | AY80: =AY76/$BE$75 -> 0.0046805883 | AZ80: =AZ76/$BE$75 -> 0.008465135 | BA80: =BA76/$BE$75 -> 0.0040466799 | BB80: =BB76/$BE$75 -> 0.0026780426 | BC80: =BC76/$BE$75 -> 0.0020075867 | BD80: =BD76/$BE$75 -> 0.0036018097 | BX80: Standardabweichung | BY80: =BO76/$BU$75 -> 0.073705614 | BZ80: =BP76/$BU$75 -> 0.032931983 | CA80: =BQ76/$BU$75 -> 0.02997881 | CB80: =BR76/$BU$75 -> 0.012660305 | CC80: =BS76/$BU$75 -> 0.012252422 | CD80: =BT76/$BU$75 -> 0.0061990911 | CE80: =CE76/$CK$75 -> 0.0045489092 | CF80: =CF76/$CK$75 -> 0.0034337972 | CG80: =CG76/$CK$75 -> 0.0041801124 | CH80: =CH76/$CK$75 -> 0.0030089334 | CI80: =CI76/$CK$75 -> 0.0027323358 | CJ80: =CJ76/$CK$75 -> 0.0044729071 | DD80: Standardabweichung | DE80: =CU76/$DA$75 -> 0.07684054 | DF80: =CV76/$DA$75 -> 0.040536643 | DG80: =CW76/$DA$75 -> 0.066060321 | DH80: =CX76/$DA$75 -> 0.024252972 | DI80: =CY76/$DA$75 -> 0.0035363146 | DJ80: =CZ76/$DA$75 -> 0.0025250394 | DK80: =DK76/$DQ$75 -> 0.0036812963 | DL80: =DL76/$DQ$75 -> 0.0012233269 | DM80: =DM76/$DQ$75 -> 0.0010875414 | DN80: =DN76/$DQ$75 -> 0.00031809015 | DO80: =DO76/$DQ$75 -> 0.00098067319 | DP80: =DP76/$DQ$75 -> 0.00072418944
L82: Cells | M82: 0 | N82: 0.025 | O82: 0.05 | P82: 0.1 | Q82: 0.2 | R82: 0.3 | S82: 0.4 | T82: 0.6 | U82: 0.8 | V82: 1 | W82: 2 | X82: 5 | AR82: Cells | AS82: 0 | AT82: 0.025 | AU82: 0.05 | AV82: 0.1 | AW82: 0.2 | AX82: 0.3 | AY82: 0.4 | AZ82: 0.6 | BA82: 0.8 | BB82: 1 | BC82: 2 | BD82: 5 | BX82: Cells | BY82: 0 | BZ82: 0.025 | CA82: 0.05 | CB82: 0.1 | CC82: 0.2 | CD82: 0.3 | CE82: 0.4 | CF82: 0.6 | CG82: 0.8 | CH82: 1 | CI82: 2 | CJ82: 5 | DD82: Cells | DE82: 0 | DF82: 0.025 | DG82: 0.05 | DH82: 0.1 | DI82: 0.2 | DJ82: 0.3 | DK82: 0.4 | DL82: 0.6 | DM82: 0.8 | DN82: 1 | DO82: 2 | DP82: 5
L83: Mittelwert | M83: =M79 *'Calibration Plates'!$K$105 -> 1387.8376 | N83: =N79 *'Calibration Plates'!$K$105 -> 1542.5474 | O83: =O79 *'Calibration Plates'!$K$105 -> 1608.0158 | P83: =P79 *'Calibration Plates'!$K$105 -> 1559.7271 | Q83: =Q79 *'Calibration Plates'!$K$105 -> 1448.5701 | R83: =R79 *'Calibration Plates'!$K$105 -> 1402.3243 | S83: =S79 *'Calibration Plates'!$K$105 -> 1828.0472 | T83: =T79 *'Calibration Plates'!$K$105 -> 1959.7466 | ... X83: =X79 *'Calibration Plates'!$K$105 -> 1914.5502 | AR83: Mittelwert | AS83: =AS79 *'Calibration Plates'!$K$105 -> 4729.5381 | AT83: =AT79 *'Calibration Plates'!$K$105 -> 4731.9555 | AU83: =AU79 *'Calibration Plates'!$K$105 -> 5056.9512 | AV83: =AV79 *'Calibration Plates'!$K$105 -> 4344.2884 | AW83: =AW79 *'Calibration Plates'!$K$105 -> 2707.4023 | AX83: =AX79 *'Calibration Plates'!$K$105 -> 2474.5335 | AY83: =AY79 *'Calibration Plates'!$K$105 -> 2806.4328 | AZ83: =AZ79 *'Calibration Plates'!$K$105 -> 2692.3882 | ... BD83: =BD79 *'Calibration Plates'!$K$105 -> 1563.8336 | BX83: Mittelwert | BY83: =BY79 *'Calibration Plates'!$K$105 -> 22240.188 | BZ83: =BZ79 *'Calibration Plates'!$K$105 -> 16068.448 | CA83: =CA79 *'Calibration Plates'!$K$105 -> 9533.5356 | CB83: =CB79 *'Calibration Plates'!$K$105 -> 4758.1 | CC83: =CC79 *'Calibration Plates'!$K$105 -> 2987.5912 | CD83: =CD79 *'Calibration Plates'!$K$105 -> 2293.5539 | CE83: =CE79 *'Calibration Plates'!$K$105 -> 1043.5041 | CF83: =CF79 *'Calibration Plates'!$K$105 -> 1124.1915 | ... CJ83: =CJ79 *'Calibration Plates'!$K$105 -> 924.43222 | DD83: Mittelwert | DE83: =DE79 *'Calibration Plates'!$K$105 -> 47543.562 | DF83: =DF79 *'Calibration Plates'!$K$105 -> 39538.227 | DG83: =DG79 *'Calibration Plates'!$K$105 -> 22867.626 | DH83: =DH79 *'Calibration Plates'!$K$105 -> 8293.1265 | DI83: =DI79 *'Calibration Plates'!$K$105 -> 1779.5033 | DJ83: =DJ79 *'Calibration Plates'!$K$105 -> 855.9944 | DK83: =DK79 *'Calibration Plates'!$K$105 -> 481.43054 | DL83: =DL79 *'Calibration Plates'!$K$105 -> 168.95453 | ... DP83: =DP79 *'Calibration Plates'!$K$105 -> 267.09195
L84: Standardabweichung | M84: =M80 *'Calibration Plates'!$K$105 -> 107.4425 | N84: =N80 *'Calibration Plates'!$K$105 -> 83.483844 | O84: =O80 *'Calibration Plates'!$K$105 -> 140.87318 | P84: =P80 *'Calibration Plates'!$K$105 -> 139.20165 | Q84: =Q80 *'Calibration Plates'!$K$105 -> 65.189831 | R84: =R80 *'Calibration Plates'!$K$105 -> 108.74258 | S84: =S80 *'Calibration Plates'!$K$105 -> 147.53669 | T84: =T80 *'Calibration Plates'!$K$105 -> 95.116247 | ... X84: =X80 *'Calibration Plates'!$K$105 -> 86.410379 | AR84: Standardabweichung | AS84: =AS80 *'Calibration Plates'!$K$105 -> 1097.5544 | AT84: =AT80 *'Calibration Plates'!$K$105 -> 578.0089 | AU84: =AU80 *'Calibration Plates'!$K$105 -> 523.66389 | AV84: =AV80 *'Calibration Plates'!$K$105 -> 537.80971 | AW84: =AW80 *'Calibration Plates'!$K$105 -> 453.02432 | AX84: =AX80 *'Calibration Plates'!$K$105 -> 218.00676 | AY84: =AY80 *'Calibration Plates'!$K$105 -> 334.56671 | AZ84: =AZ80 *'Calibration Plates'!$K$105 -> 605.08471 | ... BD84: =BD80 *'Calibration Plates'!$K$105 -> 257.45602 | BX84: Standardabweichung | BY84: =BY80 *'Calibration Plates'!$K$105 -> 5268.4499 | BZ84: =BZ80 *'Calibration Plates'!$K$105 -> 2353.9659 | CA84: =CA80 *'Calibration Plates'!$K$105 -> 2142.8742 | CB84: =CB80 *'Calibration Plates'!$K$105 -> 904.95393 | CC84: =CC80 *'Calibration Plates'!$K$105 -> 875.79858 | CD84: =CD80 *'Calibration Plates'!$K$105 -> 443.10873 | CE84: =CE80 *'Calibration Plates'!$K$105 -> 325.15434 | CF84: =CF80 *'Calibration Plates'!$K$105 -> 245.44655 | ... CJ84: =CJ80 *'Calibration Plates'!$K$105 -> 319.72174 | DD84: Standardabweichung | DE84: =DE80 *'Calibration Plates'!$K$105 -> 5492.5332 | DF84: =DF80 *'Calibration Plates'!$K$105 -> 2897.5442 | DG84: =DG80 *'Calibration Plates'!$K$105 -> 4721.9672 | DH84: =DH80 *'Calibration Plates'!$K$105 -> 1733.5935 | DI84: =DI80 *'Calibration Plates'!$K$105 -> 252.77445 | DJ84: =DJ80 *'Calibration Plates'!$K$105 -> 180.48888 | DK84: =DK80 *'Calibration Plates'!$K$105 -> 263.13769 | DL84: =DL80 *'Calibration Plates'!$K$105 -> 87.442955 | ... DP84: =DP80 *'Calibration Plates'!$K$105 -> 51.764792
C92: Wells | D92: Raw | E92: Background Corrected | F92: Rho calibrated | S92: Wells | T92: Raw | U92: Background Corrected | V92: Rho calibrated | AI92: Wells | AJ92: Raw | AK92: Background Corrected | AL92: Rho calibrated | AY92: Wells | AZ92: Raw | BA92: Background Corrected | BB92: Rho calibrated | BO92: Wells | BP92: Raw | BQ92: Background Corrected | BR92: Rho calibrated | CE92: Wells | CF92: Raw | CG92: Background Corrected | CH92: Rho calibrated | CU92: Wells | CV92: Raw | CW92: Background Corrected | CX92: Rho calibrated | DK92: Wells | DL92: Raw | DM92: Background Corrected | DN92: Rho calibrated
C93: B2 | D93: =E53 -> 19066 | E93: =D93-AVERAGE($D$93,$D$103,$D$113,$D$123,$D$133,$D$143) -> 453 | F93: =E93/AVERAGE($D$94,$D$104,$D$114,$D$124,$D$134,$D$144) -> 0.00057462188 | S93: B2 | T93: =U53 -> 19455 | U93: =ROUND(T93-AVERAGE($T$93,$T$103,$T$113,$T$123,$T$133,$T$143),0) -> 234 | V93: =U93/AVERAGE($T$94,$T$104,$T$114,$T$124,$T$134,$T$144) -> 0.00029582464 | AI93: B2 | AJ93: =AK53 -> 21370 | AK93: =ROUND(AJ93-AVERAGE($AJ$93,$AJ$103,$AJ$113,$AJ$123,$AJ$133,$AJ$143),0) -> -366 | AL93: =AK93/AVERAGE($AJ$94,$AJ$104,$AJ$114,$AJ$124,$AJ$134,$AJ$144) -> -0.00044627688 | AY93: B2 | AZ93: =BA53 -> 23384 | BA93: =ROUND(AZ93-AVERAGE($AZ$93,$AZ$103,$AZ$113,$AZ$123,$AZ$133,$AZ$143),0) -> 289 | BB93: =BA93/AVERAGE($AZ$94,$AZ$104,$AZ$114,$AZ$124,$AZ$134,$AZ$144) -> 0.00035391309 | BO93: B2 | BP93: =BQ53 -> 20098 | BQ93: =ROUND(BP93-AVERAGE($BP$93,$BP$103,$BP$113,$BP$123,$BP$133,$BP$143),0) -> 259 | BR93: =BQ93/AVERAGE($BP$94,$BP$104,$BP$114,$BP$124,$BP$134,$BP$144) -> 0.00030971655 | CE93: B2 | CF93: =CG53 -> 24622 | CG93: =ROUND(CF93-AVERAGE($CF$93,$CF$103,$CF$113,$CF$123,$CF$133,$CF$143),0) -> 289 | CH93: =CG93/AVERAGE($CF$94,$CF$104,$CF$114,$CF$124,$CF$134,$CF$144) -> 0.00034947995 | CU93: B2 | CV93: =CW53 -> 24247 | CW93: =ROUND(CV93-AVERAGE($CV$93,$CV$103,$CV$113,$CV$123,$CV$133,$CV$143),0) -> 411 | CX93: =CW93/AVERAGE($CV$94,$CV$104,$CV$114,$CV$124,$CV$134,$CV$144) -> 0.00050251666 | DK93: B2 | DL93: =DM53 -> 23343 | DM93: =ROUND(DL93-AVERAGE($DL$93,$DL$103,$DL$113,$DL$123,$DL$133,$DL$143),0) -> 257 | DN93: =DM93/AVERAGE($DL$94,$DL$104,$DL$114,$DL$124,$DL$134,$DL$144) -> 0.00031400461
C94: B3 | D94: =F53 -> 779522 | E94: =D94-AVERAGE($D$93,$D$103,$D$113,$D$123,$D$133,$D$143) -> 760909 | F94: =E94/AVERAGE($D$94,$D$104,$D$114,$D$124,$D$134,$D$144) -> 0.96519859 | S94: B3 | T94: =V53 -> 793572 | U94: =ROUND(T94-AVERAGE($T$93,$T$103,$T$113,$T$123,$T$133,$T$143),0) -> 774351 | V94: =U94/AVERAGE($T$94,$T$104,$T$114,$T$124,$T$134,$T$144) -> 0.97894061 | AI94: B3 | AJ94: =AL53 -> 812277 | AK94: =ROUND(AJ94-AVERAGE($AJ$93,$AJ$103,$AJ$113,$AJ$123,$AJ$133,$AJ$143),0) -> 790541 | AL94: =AK94/AVERAGE($AJ$94,$AJ$104,$AJ$114,$AJ$124,$AJ$134,$AJ$144) -> 0.96393489 | AY94: B3 | AZ94: =BB53 -> 820704 | BA94: =ROUND(AZ94-AVERAGE($AZ$93,$AZ$103,$AZ$113,$AZ$123,$AZ$133,$AZ$143),0) -> 797609 | BB94: =BA94/AVERAGE($AZ$94,$AZ$104,$AZ$114,$AZ$124,$AZ$134,$AZ$144) -> 0.97676216 | BO94: B3 | BP94: =BR53 -> 845351 | BQ94: =ROUND(BP94-AVERAGE($BP$93,$BP$103,$BP$113,$BP$123,$BP$133,$BP$143),0) -> 825512 | BR94: =BQ94/AVERAGE($BP$94,$BP$104,$BP$114,$BP$124,$BP$134,$BP$144) -> 0.98716111 | CE94: B3 | CF94: =CH53 -> 822734 | CG94: =ROUND(CF94-AVERAGE($CF$93,$CF$103,$CF$113,$CF$123,$CF$133,$CF$143),0) -> 798401 | CH94: =CG94/AVERAGE($CF$94,$CF$104,$CF$114,$CF$124,$CF$134,$CF$144) -> 0.96548492 | CU94: B3 | CV94: =CX53 -> 815758 | CW94: =ROUND(CV94-AVERAGE($CV$93,$CV$103,$CV$113,$CV$123,$CV$133,$CV$143),0) -> 791922 | CX94: =CW94/AVERAGE($CV$94,$CV$104,$CV$114,$CV$124,$CV$134,$CV$144) -> 0.9682579 | DK94: B3 | DL94: =DN53 -> 821036 | DM94: =ROUND(DL94-AVERAGE($DL$93,$DL$103,$DL$113,$DL$123,$DL$133,$DL$143),0) -> 797950 | DN94: =DM94/AVERAGE($DL$94,$DL$104,$DL$114,$DL$124,$DL$134,$DL$144) -> 0.97494154
C95: B4 | D95: =G53 -> 35069 | E95: =D95-AVERAGE($D$93,$D$103,$D$113,$D$123,$D$133,$D$143) -> 16456 | F95: =E95/AVERAGE($D$94,$D$104,$D$114,$D$124,$D$134,$D$144) -> 0.020874123 | S95: B4 | T95: =W53 -> 39953 | U95: =ROUND(T95-AVERAGE($T$93,$T$103,$T$113,$T$123,$T$133,$T$143),0) -> 20732 | V95: =U95/AVERAGE($T$94,$T$104,$T$114,$T$124,$T$134,$T$144) -> 0.026209557 | AI95: B4 | AJ95: =AM53 -> 76294 | AK95: =ROUND(AJ95-AVERAGE($AJ$93,$AJ$103,$AJ$113,$AJ$123,$AJ$133,$AJ$143),0) -> 54558 | AL95: =AK95/AVERAGE($AJ$94,$AJ$104,$AJ$114,$AJ$124,$AJ$134,$AJ$144) -> 0.066524519 | AY95: B4 | AZ95: =BC53 -> 50064 | BA95: =ROUND(AZ95-AVERAGE($AZ$93,$AZ$103,$AZ$113,$AZ$123,$AZ$133,$AZ$143),0) -> 26969 | BB95: =BA95/AVERAGE($AZ$94,$AZ$104,$AZ$114,$AZ$124,$AZ$134,$AZ$144) -> 0.033026581 | BO95: B4 | BP95: =BS53 -> 235018 | BQ95: =ROUND(BP95-AVERAGE($BP$93,$BP$103,$BP$113,$BP$123,$BP$133,$BP$143),0) -> 215179 | BR95: =BQ95/AVERAGE($BP$94,$BP$104,$BP$114,$BP$124,$BP$134,$BP$144) -> 0.25731466 | CE95: B4 | CF95: =CI53 -> 35014 | CG95: =ROUND(CF95-AVERAGE($CF$93,$CF$103,$CF$113,$CF$123,$CF$133,$CF$143),0) -> 10681 | CH95: =CG95/AVERAGE($CF$94,$CF$104,$CF$114,$CF$124,$CF$134,$CF$144) -> 0.012916247 | CU95: B4 | CV95: =CY53 -> 524432 | CW95: =ROUND(CV95-AVERAGE($CV$93,$CV$103,$CV$113,$CV$123,$CV$133,$CV$143),0) -> 500596 | CX95: =CW95/AVERAGE($CV$94,$CV$104,$CV$114,$CV$124,$CV$134,$CV$144) -> 0.61206285 | DK95: B4 | DL95: =DO53 -> 26360 | DM95: =ROUND(DL95-AVERAGE($DL$93,$DL$103,$DL$113,$DL$123,$DL$133,$DL$143),0) -> 3274 | DN95: =DM95/AVERAGE($DL$94,$DL$104,$DL$114,$DL$124,$DL$134,$DL$144) -> 0.0040001987
C96: B5 | D96: =H53 -> 32583 | E96: =D96-AVERAGE($D$93,$D$103,$D$113,$D$123,$D$133,$D$143) -> 13970 | F96: =E96/AVERAGE($D$94,$D$104,$D$114,$D$124,$D$134,$D$144) -> 0.017720679 | S96: B5 | T96: =X53 -> 38349 | U96: =ROUND(T96-AVERAGE($T$93,$T$103,$T$113,$T$123,$T$133,$T$143),0) -> 19128 | V96: =U96/AVERAGE($T$94,$T$104,$T$114,$T$124,$T$134,$T$144) -> 0.024181768 | AI96: B5 | AJ96: =AN53 -> 58643 | AK96: =ROUND(AJ96-AVERAGE($AJ$93,$AJ$103,$AJ$113,$AJ$123,$AJ$133,$AJ$143),0) -> 36907 | AL96: =AK96/AVERAGE($AJ$94,$AJ$104,$AJ$114,$AJ$124,$AJ$134,$AJ$144) -> 0.045002024 | AY96: B5 | AZ96: =BD53 -> 51284 | BA96: =ROUND(AZ96-AVERAGE($AZ$93,$AZ$103,$AZ$113,$AZ$123,$AZ$133,$AZ$143),0) -> 28189 | BB96: =BA96/AVERAGE($AZ$94,$AZ$104,$AZ$114,$AZ$124,$AZ$134,$AZ$144) -> 0.034520609 | BO96: B5 | BP96: =BT53 -> 174425 | BQ96: =ROUND(BP96-AVERAGE($BP$93,$BP$103,$BP$113,$BP$123,$BP$133,$BP$143),0) -> 154586 | BR96: =BQ96/AVERAGE($BP$94,$BP$104,$BP$114,$BP$124,$BP$134,$BP$144) -> 0.18485653 | CE96: B5 | CF96: =CJ53 -> 32515 | CG96: =ROUND(CF96-AVERAGE($CF$93,$CF$103,$CF$113,$CF$123,$CF$133,$CF$143),0) -> 8182 | CH96: =CG96/AVERAGE($CF$94,$CF$104,$CF$114,$CF$124,$CF$134,$CF$144) -> 0.0098942732 | CU96: B5 | CV96: =CZ53 -> 429251 | CW96: =ROUND(CV96-AVERAGE($CV$93,$CV$103,$CV$113,$CV$123,$CV$133,$CV$143),0) -> 405415 | CX96: =CW96/AVERAGE($CV$94,$CV$104,$CV$114,$CV$124,$CV$134,$CV$144) -> 0.49568806 | DK96: B5 | DL96: =DP53 -> 26077 | DM96: =ROUND(DL96-AVERAGE($DL$93,$DL$103,$DL$113,$DL$123,$DL$133,$DL$143),0) -> 2991 | DN96: =DM96/AVERAGE($DL$94,$DL$104,$DL$114,$DL$124,$DL$134,$DL$144) -> 0.0036544271
C97: B6 | D97: =I53 -> 33231 | E97: =D97-AVERAGE($D$93,$D$103,$D$113,$D$123,$D$133,$D$143) -> 14618 | F97: =E97/AVERAGE($D$94,$D$104,$D$114,$D$124,$D$134,$D$144) -> 0.018542655 | S97: B6 | T97: =Y53 -> 38793 | U97: =ROUND(T97-AVERAGE($T$93,$T$103,$T$113,$T$123,$T$133,$T$143),0) -> 19572 | V97: =U97/AVERAGE($T$94,$T$104,$T$114,$T$124,$T$134,$T$144) -> 0.024743076 | AI97: B6 | AJ97: =AO53 -> 59672 | AK97: =ROUND(AJ97-AVERAGE($AJ$93,$AJ$103,$AJ$113,$AJ$123,$AJ$133,$AJ$143),0) -> 37936 | AL97: =AK97/AVERAGE($AJ$94,$AJ$104,$AJ$114,$AJ$124,$AJ$134,$AJ$144) -> 0.046256721 | AY97: B6 | AZ97: =BE53 -> 51499 | BA97: =ROUND(AZ97-AVERAGE($AZ$93,$AZ$103,$AZ$113,$AZ$123,$AZ$133,$AZ$143),0) -> 28404 | BB97: =BA97/AVERAGE($AZ$94,$AZ$104,$AZ$114,$AZ$124,$AZ$134,$AZ$144) -> 0.034783901 | BO97: B6 | BP97: =BU53 -> 223708 | BQ97: =ROUND(BP97-AVERAGE($BP$93,$BP$103,$BP$113,$BP$123,$BP$133,$BP$143),0) -> 203869 | BR97: =BQ97/AVERAGE($BP$94,$BP$104,$BP$114,$BP$124,$BP$134,$BP$144) -> 0.24378997 | CE97: B6 | CF97: =CK53 -> 32390 | CG97: =ROUND(CF97-AVERAGE($CF$93,$CF$103,$CF$113,$CF$123,$CF$133,$CF$143),0) -> 8057 | CH97: =CG97/AVERAGE($CF$94,$CF$104,$CF$114,$CF$124,$CF$134,$CF$144) -> 0.0097431141 | CU97: B6 | CV97: =DA53 -> 503098 | CW97: =ROUND(CV97-AVERAGE($CV$93,$CV$103,$CV$113,$CV$123,$CV$133,$CV$143),0) -> 479262 | CX97: =CW97/AVERAGE($CV$94,$CV$104,$CV$114,$CV$124,$CV$134,$CV$144) -> 0.58597844 | DK97: B6 | DL97: =DQ53 -> 26507 | DM97: =ROUND(DL97-AVERAGE($DL$93,$DL$103,$DL$113,$DL$123,$DL$133,$DL$143),0) -> 3421 | DN97: =DM97/AVERAGE($DL$94,$DL$104,$DL$114,$DL$124,$DL$134,$DL$144) -> 0.0041798045
C98: B7 | D98: =J53 -> 32340 | E98: =D98-AVERAGE($D$93,$D$103,$D$113,$D$123,$D$133,$D$143) -> 13727 | F98: =E98/AVERAGE($D$94,$D$104,$D$114,$D$124,$D$134,$D$144) -> 0.017412438 | S98: B7 | T98: =Z53 -> 36189 | U98: =ROUND(T98-AVERAGE($T$93,$T$103,$T$113,$T$123,$T$133,$T$143),0) -> 16968 | V98: =U98/AVERAGE($T$94,$T$104,$T$114,$T$124,$T$134,$T$144) -> 0.021451079 | AI98: B7 | AJ98: =AP53 -> 65764 | AK98: =ROUND(AJ98-AVERAGE($AJ$93,$AJ$103,$AJ$113,$AJ$123,$AJ$133,$AJ$143),0) -> 44028 | AL98: =AK98/AVERAGE($AJ$94,$AJ$104,$AJ$114,$AJ$124,$AJ$134,$AJ$144) -> 0.053684914 | AY98: B7 | AZ98: =BF53 -> 51253 | BA98: =ROUND(AZ98-AVERAGE($AZ$93,$AZ$103,$AZ$113,$AZ$123,$AZ$133,$AZ$143),0) -> 28158 | BB98: =BA98/AVERAGE($AZ$94,$AZ$104,$AZ$114,$AZ$124,$AZ$134,$AZ$144) -> 0.034482646 | BO98: B7 | BP98: =BV53 -> 253583 | BQ98: =ROUND(BP98-AVERAGE($BP$93,$BP$103,$BP$113,$BP$123,$BP$133,$BP$143),0) -> 233744 | BR98: =BQ98/AVERAGE($BP$94,$BP$104,$BP$114,$BP$124,$BP$134,$BP$144) -> 0.279515 | CE98: B7 | CF98: =CL53 -> 32288 | CG98: =ROUND(CF98-AVERAGE($CF$93,$CF$103,$CF$113,$CF$123,$CF$133,$CF$143),0) -> 7955 | CH98: =CG98/AVERAGE($CF$94,$CF$104,$CF$114,$CF$124,$CF$134,$CF$144) -> 0.0096197682 | CU98: B7 | CV98: =DB53 -> 563169 | CW98: =ROUND(CV98-AVERAGE($CV$93,$CV$103,$CV$113,$CV$123,$CV$133,$CV$143),0) -> 539333 | CX98: =CW98/AVERAGE($CV$94,$CV$104,$CV$114,$CV$124,$CV$134,$CV$144) -> 0.65942535 | DK98: B7 | DL98: =DR53 -> 26691 | DM98: =ROUND(DL98-AVERAGE($DL$93,$DL$103,$DL$113,$DL$123,$DL$133,$DL$143),0) -> 3605 | DN98: =DM98/AVERAGE($DL$94,$DL$104,$DL$114,$DL$124,$DL$134,$DL$144) -> 0.0044046171
C99: B8 | D99: =K53 -> 33508 | E99: =D99-AVERAGE($D$93,$D$103,$D$113,$D$123,$D$133,$D$143) -> 14895 | F99: =E99/AVERAGE($D$94,$D$104,$D$114,$D$124,$D$134,$D$144) -> 0.018894024 | S99: B8 | T99: =AA53 -> 39512 | U99: =ROUND(T99-AVERAGE($T$93,$T$103,$T$113,$T$123,$T$133,$T$143),0) -> 20291 | V99: =U99/AVERAGE($T$94,$T$104,$T$114,$T$124,$T$134,$T$144) -> 0.025652042 | AI99: B8 | AJ99: =AQ53 -> 80781 | AK99: =ROUND(AJ99-AVERAGE($AJ$93,$AJ$103,$AJ$113,$AJ$123,$AJ$133,$AJ$143),0) -> 59045 | AL99: =AK99/AVERAGE($AJ$94,$AJ$104,$AJ$114,$AJ$124,$AJ$134,$AJ$144) -> 0.071995679 | AY99: B8 | AZ99: =BG53 -> 61382 | BA99: =ROUND(AZ99-AVERAGE($AZ$93,$AZ$103,$AZ$113,$AZ$123,$AZ$133,$AZ$143),0) -> 38287 | BB99: =BA99/AVERAGE($AZ$94,$AZ$104,$AZ$114,$AZ$124,$AZ$134,$AZ$144) -> 0.046886749 | BO99: B8 | BP99: =BW53 -> 304156 | BQ99: =ROUND(BP99-AVERAGE($BP$93,$BP$103,$BP$113,$BP$123,$BP$133,$BP$143),0) -> 284317 | BR99: =BQ99/AVERAGE($BP$94,$BP$104,$BP$114,$BP$124,$BP$134,$BP$144) -> 0.33999104 | CE99: B8 | CF99: =CM53 -> 37165 | CG99: =ROUND(CF99-AVERAGE($CF$93,$CF$103,$CF$113,$CF$123,$CF$133,$CF$143),0) -> 12832 | CH99: =CG99/AVERAGE($CF$94,$CF$104,$CF$114,$CF$124,$CF$134,$CF$144) -> 0.015517394 | CU99: B8 | CV99: =DC53 -> 565832 | CW99: =ROUND(CV99-AVERAGE($CV$93,$CV$103,$CV$113,$CV$123,$CV$133,$CV$143),0) -> 541996 | CX99: =CW99/AVERAGE($CV$94,$CV$104,$CV$114,$CV$124,$CV$134,$CV$144) -> 0.66268131 | DK99: B8 | DL99: =DS53 -> 28132 | DM99: =ROUND(DL99-AVERAGE($DL$93,$DL$103,$DL$113,$DL$123,$DL$133,$DL$143),0) -> 5046 | DN99: =DM99/AVERAGE($DL$94,$DL$104,$DL$114,$DL$124,$DL$134,$DL$144) -> 0.0061652422
C100: B9 | D100: =L53 -> 32741 | E100: =D100-AVERAGE($D$93,$D$103,$D$113,$D$123,$D$133,$D$143) -> 14128 | F100: =E100/AVERAGE($D$94,$D$104,$D$114,$D$124,$D$134,$D$144) -> 0.017921099 | S100: B9 | T100: =AB53 -> 40396 | U100: =ROUND(T100-AVERAGE($T$93,$T$103,$T$113,$T$123,$T$133,$T$143),0) -> 21175 | V100: =U100/AVERAGE($T$94,$T$104,$T$114,$T$124,$T$134,$T$144) -> 0.026769601 | AI100: B9 | AJ100: =AR53 -> 71603 | AK100: =ROUND(AJ100-AVERAGE($AJ$93,$AJ$103,$AJ$113,$AJ$123,$AJ$133,$AJ$143),0) -> 49867 | AL100: =AK100/AVERAGE($AJ$94,$AJ$104,$AJ$114,$AJ$124,$AJ$134,$AJ$144) -> 0.060804615 | AY100: B9 | AZ100: =BH53 -> 55735 | BA100: =ROUND(AZ100-AVERAGE($AZ$93,$AZ$103,$AZ$113,$AZ$123,$AZ$133,$AZ$143),0) -> 32640 | BB100: =BA100/AVERAGE($AZ$94,$AZ$104,$AZ$114,$AZ$124,$AZ$134,$AZ$144) -> 0.03997136 | BO100: B9 | BP100: =BX53 -> 293992 | BQ100: =ROUND(BP100-AVERAGE($BP$93,$BP$103,$BP$113,$BP$123,$BP$133,$BP$143),0) -> 274153 | BR100: =BQ100/AVERAGE($BP$94,$BP$104,$BP$114,$BP$124,$BP$134,$BP$144) -> 0.32783676 | CE100: B9 | CF100: =CN53 -> 38620 | CG100: =ROUND(CF100-AVERAGE($CF$93,$CF$103,$CF$113,$CF$123,$CF$133,$CF$143),0) -> 14287 | CH100: =CG100/AVERAGE($CF$94,$CF$104,$CF$114,$CF$124,$CF$134,$CF$144) -> 0.017276886 | CU100: B9 | CV100: =DD53 -> 582717 | CW100: =ROUND(CV100-AVERAGE($CV$93,$CV$103,$CV$113,$CV$123,$CV$133,$CV$143),0) -> 558881 | CX100: =CW100/AVERAGE($CV$94,$CV$104,$CV$114,$CV$124,$CV$134,$CV$144) -> 0.68332607 | DK100: B9 | DL100: =DT53 -> 28963 | DM100: =ROUND(DL100-AVERAGE($DL$93,$DL$103,$DL$113,$DL$123,$DL$133,$DL$143),0) -> 5877 | DN100: =DM100/AVERAGE($DL$94,$DL$104,$DL$114,$DL$124,$DL$134,$DL$144) -> 0.0071805645
C101: B10 | D101: =M53 -> 33183 | E101: =D101-AVERAGE($D$93,$D$103,$D$113,$D$123,$D$133,$D$143) -> 14570 | F101: =E101/AVERAGE($D$94,$D$104,$D$114,$D$124,$D$134,$D$144) -> 0.018481768 | S101: B10 | T101: =AC53 -> 41324 | U101: =ROUND(T101-AVERAGE($T$93,$T$103,$T$113,$T$123,$T$133,$T$143),0) -> 22103 | V101: =U101/AVERAGE($T$94,$T$104,$T$114,$T$124,$T$134,$T$144) -> 0.027942786 | AI101: B10 | AJ101: =AS53 -> 92164 | AK101: =ROUND(AJ101-AVERAGE($AJ$93,$AJ$103,$AJ$113,$AJ$123,$AJ$133,$AJ$143),0) -> 70428 | AL101: =AK101/AVERAGE($AJ$94,$AJ$104,$AJ$114,$AJ$124,$AJ$134,$AJ$144) -> 0.085875377 | AY101: B10 | AZ101: =BI53 -> 54759 | BA101: =ROUND(AZ101-AVERAGE($AZ$93,$AZ$103,$AZ$113,$AZ$123,$AZ$133,$AZ$143),0) -> 31664 | BB101: =BA101/AVERAGE($AZ$94,$AZ$104,$AZ$114,$AZ$124,$AZ$134,$AZ$144) -> 0.038776138 | BO101: B10 | BP101: =BY53 -> 333003 | BQ101: =ROUND(BP101-AVERAGE($BP$93,$BP$103,$BP$113,$BP$123,$BP$133,$BP$143),0) -> 313164 | BR101: =BQ101/AVERAGE($BP$94,$BP$104,$BP$114,$BP$124,$BP$134,$BP$144) -> 0.37448677 | CE101: B10 | CF101: =CO53 -> 36804 | CG101: =ROUND(CF101-AVERAGE($CF$93,$CF$103,$CF$113,$CF$123,$CF$133,$CF$143),0) -> 12471 | CH101: =CG101/AVERAGE($CF$94,$CF$104,$CF$114,$CF$124,$CF$134,$CF$144) -> 0.015080846 | CU101: B10 | CV101: =DE53 -> 620011 | CW101: =ROUND(CV101-AVERAGE($CV$93,$CV$103,$CV$113,$CV$123,$CV$133,$CV$143),0) -> 596175 | CX101: =CW101/AVERAGE($CV$94,$CV$104,$CV$114,$CV$124,$CV$134,$CV$144) -> 0.72892426 | DK101: B10 | DL101: =DU53 -> 29247 | DM101: =ROUND(DL101-AVERAGE($DL$93,$DL$103,$DL$113,$DL$123,$DL$133,$DL$143),0) -> 6161 | DN101: =DM101/AVERAGE($DL$94,$DL$104,$DL$114,$DL$124,$DL$134,$DL$144) -> 0.0075275579
C102: B11 | D102: =N53 -> 35810 | E102: =D102-AVERAGE($D$93,$D$103,$D$113,$D$123,$D$133,$D$143) -> 17197 | F102: =E102/AVERAGE($D$94,$D$104,$D$114,$D$124,$D$134,$D$144) -> 0.021814067 | S102: B11 | T102: =AD53 -> 37152 | U102: =ROUND(T102-AVERAGE($T$93,$T$103,$T$113,$T$123,$T$133,$T$143),0) -> 17931 | V102: =U102/AVERAGE($T$94,$T$104,$T$114,$T$124,$T$134,$T$144) -> 0.022668511 | AI102: B11 | AJ102: =AT53 -> 91578 | AK102: =ROUND(AJ102-AVERAGE($AJ$93,$AJ$103,$AJ$113,$AJ$123,$AJ$133,$AJ$143),0) -> 69842 | AL102: =AK102/AVERAGE($AJ$94,$AJ$104,$AJ$114,$AJ$124,$AJ$134,$AJ$144) -> 0.085160847 | AY102: B11 | AZ102: =BJ53 -> 58013 | BA102: =ROUND(AZ102-AVERAGE($AZ$93,$AZ$103,$AZ$113,$AZ$123,$AZ$133,$AZ$143),0) -> 34918 | BB102: =BA102/AVERAGE($AZ$94,$AZ$104,$AZ$114,$AZ$124,$AZ$134,$AZ$144) -> 0.042761028 | BO102: B11 | BP102: =BZ53 -> 372974 | BQ102: =ROUND(BP102-AVERAGE($BP$93,$BP$103,$BP$113,$BP$123,$BP$133,$BP$143),0) -> 353135 | BR102: =BQ102/AVERAGE($BP$94,$BP$104,$BP$114,$BP$124,$BP$134,$BP$144) -> 0.42228476 | CE102: B11 | CF102: =CP53 -> 43607 | CG102: =ROUND(CF102-AVERAGE($CF$93,$CF$103,$CF$113,$CF$123,$CF$133,$CF$143),0) -> 19274 | CH102: =CG102/AVERAGE($CF$94,$CF$104,$CF$114,$CF$124,$CF$134,$CF$144) -> 0.023307531 | CU102: B11 | CV102: =DF53 -> 627361 | CW102: =ROUND(CV102-AVERAGE($CV$93,$CV$103,$CV$113,$CV$123,$CV$133,$CV$143),0) -> 603525 | CX102: =CW102/AVERAGE($CV$94,$CV$104,$CV$114,$CV$124,$CV$134,$CV$144) -> 0.73791087 | DK102: B11 | DL102: =DV53 -> 35571 | DM102: =ROUND(DL102-AVERAGE($DL$93,$DL$103,$DL$113,$DL$123,$DL$133,$DL$143),0) -> 12485 | DN102: =DM102/AVERAGE($DL$94,$DL$104,$DL$114,$DL$124,$DL$134,$DL$144) -> 0.01525427
C103: C2 | D103: =E54 -> 18656 | E103: =D103-AVERAGE($D$93,$D$103,$D$113,$D$123,$D$133,$D$143) -> 43 | F103: =E103/AVERAGE($D$94,$D$104,$D$114,$D$124,$D$134,$D$144) -> 5.4544682e-05 | S103: C2 | T103: =U54 -> 19137 | U103: =ROUND(T103-AVERAGE($T$93,$T$103,$T$113,$T$123,$T$133,$T$143),0) -> -84 | V103: =U103/AVERAGE($T$94,$T$104,$T$114,$T$124,$T$134,$T$144) -> -0.00010619346 | AI103: C2 | AJ103: =AK54 -> 22160 | AK103: =ROUND(AJ103-AVERAGE($AJ$93,$AJ$103,$AJ$113,$AJ$123,$AJ$133,$AJ$143),0) -> 424 | AL103: =AK103/AVERAGE($AJ$94,$AJ$104,$AJ$114,$AJ$124,$AJ$134,$AJ$144) -> 0.00051699835 | AY103: C2 | AZ103: =BA54 -> 23222 | BA103: =ROUND(AZ103-AVERAGE($AZ$93,$AZ$103,$AZ$113,$AZ$123,$AZ$133,$AZ$143),0) -> 127 | BB103: =BA103/AVERAGE($AZ$94,$AZ$104,$AZ$114,$AZ$124,$AZ$134,$AZ$144) -> 0.00015552582 | BO103: C2 | BP103: =BQ54 -> 19832 | BQ103: =ROUND(BP103-AVERAGE($BP$93,$BP$103,$BP$113,$BP$123,$BP$133,$BP$143),0) -> -7 | BR103: =BQ103/AVERAGE($BP$94,$BP$104,$BP$114,$BP$124,$BP$134,$BP$144) -> -8.3707176e-06 | CE103: C2 | CF103: =CG54 -> 23946 | CG103: =ROUND(CF103-AVERAGE($CF$93,$CF$103,$CF$113,$CF$123,$CF$133,$CF$143),0) -> -387 | CH103: =CG103/AVERAGE($CF$94,$CF$104,$CF$114,$CF$124,$CF$134,$CF$144) -> -0.00046798872 | CU103: C2 | CV103: =CW54 -> 23608 | CW103: =ROUND(CV103-AVERAGE($CV$93,$CV$103,$CV$113,$CV$123,$CV$133,$CV$143),0) -> -228 | CX103: =CW103/AVERAGE($CV$94,$CV$104,$CV$114,$CV$124,$CV$134,$CV$144) -> -0.00027876837 | DK103: C2 | DL103: =DM54 -> 23016 | DM103: =ROUND(DL103-AVERAGE($DL$93,$DL$103,$DL$113,$DL$123,$DL$133,$DL$143),0) -> -71 | DN103: =DM103/AVERAGE($DL$94,$DL$104,$DL$114,$DL$124,$DL$134,$DL$144) -> -8.6748354e-05
C104: C3 | D104: =F54 -> 788169 | E104: =D104-AVERAGE($D$93,$D$103,$D$113,$D$123,$D$133,$D$143) -> 769556 | F104: =E104/AVERAGE($D$94,$D$104,$D$114,$D$124,$D$134,$D$144) -> 0.97616715 | S104: C3 | T104: =V54 -> 789632 | U104: =ROUND(T104-AVERAGE($T$93,$T$103,$T$113,$T$123,$T$133,$T$143),0) -> 770411 | V104: =U104/AVERAGE($T$94,$T$104,$T$114,$T$124,$T$134,$T$144) -> 0.97395964 | AI104: C3 | AJ104: =AL54 -> 813879 | AK104: =ROUND(AJ104-AVERAGE($AJ$93,$AJ$103,$AJ$113,$AJ$123,$AJ$133,$AJ$143),0) -> 792143 | AL104: =AK104/AVERAGE($AJ$94,$AJ$104,$AJ$114,$AJ$124,$AJ$134,$AJ$144) -> 0.96588827 | AY104: C3 | AZ104: =BB54 -> 825864 | BA104: =ROUND(AZ104-AVERAGE($AZ$93,$AZ$103,$AZ$113,$AZ$123,$AZ$133,$AZ$143),0) -> 802769 | BB104: =BA104/AVERAGE($AZ$94,$AZ$104,$AZ$114,$AZ$124,$AZ$134,$AZ$144) -> 0.98308116 | BO104: C3 | BP104: =BR54 -> 835165 | BQ104: =ROUND(BP104-AVERAGE($BP$93,$BP$103,$BP$113,$BP$123,$BP$133,$BP$143),0) -> 815326 | BR104: =BQ104/AVERAGE($BP$94,$BP$104,$BP$114,$BP$124,$BP$134,$BP$144) -> 0.97498052 | CE104: C3 | CF104: =CH54 -> 832252 | CG104: =ROUND(CF104-AVERAGE($CF$93,$CF$103,$CF$113,$CF$123,$CF$133,$CF$143),0) -> 807919 | CH104: =CG104/AVERAGE($CF$94,$CF$104,$CF$114,$CF$124,$CF$134,$CF$144) -> 0.97699479 | CU104: C3 | CV104: =CX54 -> 810929 | CW104: =ROUND(CV104-AVERAGE($CV$93,$CV$103,$CV$113,$CV$123,$CV$133,$CV$143),0) -> 787093 | CX104: =CW104/AVERAGE($CV$94,$CV$104,$CV$114,$CV$124,$CV$134,$CV$144) -> 0.96235364 | DK104: C3 | DL104: =DN54 -> 818070 | DM104: =ROUND(DL104-AVERAGE($DL$93,$DL$103,$DL$113,$DL$123,$DL$133,$DL$143),0) -> 794984 | DN104: =DM104/AVERAGE($DL$94,$DL$104,$DL$114,$DL$124,$DL$134,$DL$144) -> 0.97131765
C105: C4 | D105: =G54 -> 36133 | E105: =D105-AVERAGE($D$93,$D$103,$D$113,$D$123,$D$133,$D$143) -> 17520 | F105: =E105/AVERAGE($D$94,$D$104,$D$114,$D$124,$D$134,$D$144) -> 0.022223787 | S105: C4 | T105: =W54 -> 42077 | U105: =ROUND(T105-AVERAGE($T$93,$T$103,$T$113,$T$123,$T$133,$T$143),0) -> 22856 | V105: =U105/AVERAGE($T$94,$T$104,$T$114,$T$124,$T$134,$T$144) -> 0.028894735 | AI105: C4 | AJ105: =AM54 -> 84256 | AK105: =ROUND(AJ105-AVERAGE($AJ$93,$AJ$103,$AJ$113,$AJ$123,$AJ$133,$AJ$143),0) -> 62520 | AL105: =AK105/AVERAGE($AJ$94,$AJ$104,$AJ$114,$AJ$124,$AJ$134,$AJ$144) -> 0.07623287 | AY105: C4 | AZ105: =BC54 -> 54075 | BA105: =ROUND(AZ105-AVERAGE($AZ$93,$AZ$103,$AZ$113,$AZ$123,$AZ$133,$AZ$143),0) -> 30980 | BB105: =BA105/AVERAGE($AZ$94,$AZ$104,$AZ$114,$AZ$124,$AZ$134,$AZ$144) -> 0.037938503 | BO105: C4 | BP105: =BS54 -> 163642 | BQ105: =ROUND(BP105-AVERAGE($BP$93,$BP$103,$BP$113,$BP$123,$BP$133,$BP$143),0) -> 143803 | BR105: =BQ105/AVERAGE($BP$94,$BP$104,$BP$114,$BP$124,$BP$134,$BP$144) -> 0.17196204 | CE105: C4 | CF105: =CI54 -> 35518 | CG105: =ROUND(CF105-AVERAGE($CF$93,$CF$103,$CF$113,$CF$123,$CF$133,$CF$143),0) -> 11185 | CH105: =CG105/AVERAGE($CF$94,$CF$104,$CF$114,$CF$124,$CF$134,$CF$144) -> 0.013525721 | CU105: C4 | CV105: =CY54 -> 415711 | CW105: =ROUND(CV105-AVERAGE($CV$93,$CV$103,$CV$113,$CV$123,$CV$133,$CV$143),0) -> 391875 | CX105: =CW105/AVERAGE($CV$94,$CV$104,$CV$114,$CV$124,$CV$134,$CV$144) -> 0.47913313 | DK105: C4 | DL105: =DO54 -> 24979 | DM105: =ROUND(DL105-AVERAGE($DL$93,$DL$103,$DL$113,$DL$123,$DL$133,$DL$143),0) -> 1893 | DN105: =DM105/AVERAGE($DL$94,$DL$104,$DL$114,$DL$124,$DL$134,$DL$144) -> 0.0023128822
C106: C5 | D106: =H54 -> 34680 | E106: =D106-AVERAGE($D$93,$D$103,$D$113,$D$123,$D$133,$D$143) -> 16067 | F106: =E106/AVERAGE($D$94,$D$104,$D$114,$D$124,$D$134,$D$144) -> 0.020380684 | S106: C5 | T106: =X54 -> 40278 | U106: =ROUND(T106-AVERAGE($T$93,$T$103,$T$113,$T$123,$T$133,$T$143),0) -> 21057 | V106: =U106/AVERAGE($T$94,$T$104,$T$114,$T$124,$T$134,$T$144) -> 0.026620425 | AI106: C5 | AJ106: =AN54 -> 67215 | AK106: =ROUND(AJ106-AVERAGE($AJ$93,$AJ$103,$AJ$113,$AJ$123,$AJ$133,$AJ$143),0) -> 45479 | AL106: =AK106/AVERAGE($AJ$94,$AJ$104,$AJ$114,$AJ$124,$AJ$134,$AJ$144) -> 0.05545417 | AY106: C5 | AZ106: =BD54 -> 46364 | BA106: =ROUND(AZ106-AVERAGE($AZ$93,$AZ$103,$AZ$113,$AZ$123,$AZ$133,$AZ$143),0) -> 23269 | BB106: =BA106/AVERAGE($AZ$94,$AZ$104,$AZ$114,$AZ$124,$AZ$134,$AZ$144) -> 0.028495514 | BO106: C5 | BP106: =BT54 -> 208036 | BQ106: =ROUND(BP106-AVERAGE($BP$93,$BP$103,$BP$113,$BP$123,$BP$133,$BP$143),0) -> 188197 | BR106: =BQ106/AVERAGE($BP$94,$BP$104,$BP$114,$BP$124,$BP$134,$BP$144) -> 0.22504913 | CE106: C5 | CF106: =CJ54 -> 33131 | CG106: =ROUND(CF106-AVERAGE($CF$93,$CF$103,$CF$113,$CF$123,$CF$133,$CF$143),0) -> 8798 | CH106: =CG106/AVERAGE($CF$94,$CF$104,$CF$114,$CF$124,$CF$134,$CF$144) -> 0.010639186 | CU106: C5 | CV106: =CZ54 -> 439163 | CW106: =ROUND(CV106-AVERAGE($CV$93,$CV$103,$CV$113,$CV$123,$CV$133,$CV$143),0) -> 415327 | CX106: =CW106/AVERAGE($CV$94,$CV$104,$CV$114,$CV$124,$CV$134,$CV$144) -> 0.50780714 | DK106: C5 | DL106: =DP54 -> 25011 | DM106: =ROUND(DL106-AVERAGE($DL$93,$DL$103,$DL$113,$DL$123,$DL$133,$DL$143),0) -> 1925 | DN106: =DM106/AVERAGE($DL$94,$DL$104,$DL$114,$DL$124,$DL$134,$DL$144) -> 0.00235198
C107: C6 | D107: =I54 -> 33389 | E107: =D107-AVERAGE($D$93,$D$103,$D$113,$D$123,$D$133,$D$143) -> 14776 | F107: =E107/AVERAGE($D$94,$D$104,$D$114,$D$124,$D$134,$D$144) -> 0.018743075 | S107: C6 | T107: =Y54 -> 39655 | U107: =ROUND(T107-AVERAGE($T$93,$T$103,$T$113,$T$123,$T$133,$T$143),0) -> 20434 | V107: =U107/AVERAGE($T$94,$T$104,$T$114,$T$124,$T$134,$T$144) -> 0.025832823 | AI107: C6 | AJ107: =AO54 -> 70421 | AK107: =ROUND(AJ107-AVERAGE($AJ$93,$AJ$103,$AJ$113,$AJ$123,$AJ$133,$AJ$143),0) -> 48685 | AL107: =AK107/AVERAGE($AJ$94,$AJ$104,$AJ$114,$AJ$124,$AJ$134,$AJ$144) -> 0.05936336 | AY107: C6 | AZ107: =BE54 -> 47494 | BA107: =ROUND(AZ107-AVERAGE($AZ$93,$AZ$103,$AZ$113,$AZ$123,$AZ$133,$AZ$143),0) -> 24399 | BB107: =BA107/AVERAGE($AZ$94,$AZ$104,$AZ$114,$AZ$124,$AZ$134,$AZ$144) -> 0.029879327 | BO107: C6 | BP107: =BU54 -> 180887 | BQ107: =ROUND(BP107-AVERAGE($BP$93,$BP$103,$BP$113,$BP$123,$BP$133,$BP$143),0) -> 161048 | BR107: =BQ107/AVERAGE($BP$94,$BP$104,$BP$114,$BP$124,$BP$134,$BP$144) -> 0.1925839 | CE107: C6 | CF107: =CK54 -> 32611 | CG107: =ROUND(CF107-AVERAGE($CF$93,$CF$103,$CF$113,$CF$123,$CF$133,$CF$143),0) -> 8278 | CH107: =CG107/AVERAGE($CF$94,$CF$104,$CF$114,$CF$124,$CF$134,$CF$144) -> 0.010010363 | CU107: C6 | CV107: =DA54 -> 488492 | CW107: =ROUND(CV107-AVERAGE($CV$93,$CV$103,$CV$113,$CV$123,$CV$133,$CV$143),0) -> 464656 | CX107: =CW107/AVERAGE($CV$94,$CV$104,$CV$114,$CV$124,$CV$134,$CV$144) -> 0.56812015 | DK107: C6 | DL107: =DQ54 -> 23985 | DM107: =ROUND(DL107-AVERAGE($DL$93,$DL$103,$DL$113,$DL$123,$DL$133,$DL$143),0) -> 899 | DN107: =DM107/AVERAGE($DL$94,$DL$104,$DL$114,$DL$124,$DL$134,$DL$144) -> 0.0010984052
C108: C7 | D108: =J54 -> 34570 | E108: =D108-AVERAGE($D$93,$D$103,$D$113,$D$123,$D$133,$D$143) -> 15957 | F108: =E108/AVERAGE($D$94,$D$104,$D$114,$D$124,$D$134,$D$144) -> 0.020241151 | S108: C7 | T108: =Z54 -> 40889 | U108: =ROUND(T108-AVERAGE($T$93,$T$103,$T$113,$T$123,$T$133,$T$143),0) -> 21668 | V108: =U108/AVERAGE($T$94,$T$104,$T$114,$T$124,$T$134,$T$144) -> 0.027392856 | AI108: C7 | AJ108: =AP54 -> 73338 | AK108: =ROUND(AJ108-AVERAGE($AJ$93,$AJ$103,$AJ$113,$AJ$123,$AJ$133,$AJ$143),0) -> 51602 | AL108: =AK108/AVERAGE($AJ$94,$AJ$104,$AJ$114,$AJ$124,$AJ$134,$AJ$144) -> 0.062920163 | AY108: C7 | AZ108: =BF54 -> 47242 | BA108: =ROUND(AZ108-AVERAGE($AZ$93,$AZ$103,$AZ$113,$AZ$123,$AZ$133,$AZ$143),0) -> 24147 | BB108: =BA108/AVERAGE($AZ$94,$AZ$104,$AZ$114,$AZ$124,$AZ$134,$AZ$144) -> 0.029570724 | BO108: C7 | BP108: =BV54 -> 197393 | BQ108: =ROUND(BP108-AVERAGE($BP$93,$BP$103,$BP$113,$BP$123,$BP$133,$BP$143),0) -> 177554 | BR108: =BQ108/AVERAGE($BP$94,$BP$104,$BP$114,$BP$124,$BP$134,$BP$144) -> 0.21232205 | CE108: C7 | CF108: =CL54 -> 39554 | CG108: =ROUND(CF108-AVERAGE($CF$93,$CF$103,$CF$113,$CF$123,$CF$133,$CF$143),0) -> 15221 | CH108: =CG108/AVERAGE($CF$94,$CF$104,$CF$114,$CF$124,$CF$134,$CF$144) -> 0.018406347 | CU108: C7 | CV108: =DB54 -> 474259 | CW108: =ROUND(CV108-AVERAGE($CV$93,$CV$103,$CV$113,$CV$123,$CV$133,$CV$143),0) -> 450423 | CX108: =CW108/AVERAGE($CV$94,$CV$104,$CV$114,$CV$124,$CV$134,$CV$144) -> 0.55071791 | DK108: C7 | DL108: =DR54 -> 24468 | DM108: =ROUND(DL108-AVERAGE($DL$93,$DL$103,$DL$113,$DL$123,$DL$133,$DL$143),0) -> 1382 | DN108: =DM108/AVERAGE($DL$94,$DL$104,$DL$114,$DL$124,$DL$134,$DL$144) -> 0.0016885384
C109: C8 | D109: =K54 -> 35800 | E109: =D109-AVERAGE($D$93,$D$103,$D$113,$D$123,$D$133,$D$143) -> 17187 | F109: =E109/AVERAGE($D$94,$D$104,$D$114,$D$124,$D$134,$D$144) -> 0.021801383 | S109: C8 | T109: =AA54 -> 40992 | U109: =ROUND(T109-AVERAGE($T$93,$T$103,$T$113,$T$123,$T$133,$T$143),0) -> 21771 | V109: =U109/AVERAGE($T$94,$T$104,$T$114,$T$124,$T$134,$T$144) -> 0.027523069 | AI109: C8 | AJ109: =AQ54 -> 74151 | AK109: =ROUND(AJ109-AVERAGE($AJ$93,$AJ$103,$AJ$113,$AJ$123,$AJ$133,$AJ$143),0) -> 52415 | AL109: =AK109/AVERAGE($AJ$94,$AJ$104,$AJ$114,$AJ$124,$AJ$134,$AJ$144) -> 0.063911483 | AY109: C8 | AZ109: =BG54 -> 51666 | BA109: =ROUND(AZ109-AVERAGE($AZ$93,$AZ$103,$AZ$113,$AZ$123,$AZ$133,$AZ$143),0) -> 28571 | BB109: =BA109/AVERAGE($AZ$94,$AZ$104,$AZ$114,$AZ$124,$AZ$134,$AZ$144) -> 0.034988411 | BO109: C8 | BP109: =BW54 -> 191755 | BQ109: =ROUND(BP109-AVERAGE($BP$93,$BP$103,$BP$113,$BP$123,$BP$133,$BP$143),0) -> 171916 | BR109: =BQ109/AVERAGE($BP$94,$BP$104,$BP$114,$BP$124,$BP$134,$BP$144) -> 0.20558004 | CE109: C8 | CF109: =CM54 -> 40042 | CG109: =ROUND(CF109-AVERAGE($CF$93,$CF$103,$CF$113,$CF$123,$CF$133,$CF$143),0) -> 15709 | CH109: =CG109/AVERAGE($CF$94,$CF$104,$CF$114,$CF$124,$CF$134,$CF$144) -> 0.018996473 | CU109: C8 | CV109: =DC54 -> 428466 | CW109: =ROUND(CV109-AVERAGE($CV$93,$CV$103,$CV$113,$CV$123,$CV$133,$CV$143),0) -> 404630 | CX109: =CW109/AVERAGE($CV$94,$CV$104,$CV$114,$CV$124,$CV$134,$CV$144) -> 0.49472826 | DK109: C8 | DL109: =DS54 -> 24225 | DM109: =ROUND(DL109-AVERAGE($DL$93,$DL$103,$DL$113,$DL$123,$DL$133,$DL$143),0) -> 1139 | DN109: =DM109/AVERAGE($DL$94,$DL$104,$DL$114,$DL$124,$DL$134,$DL$144) -> 0.0013916391
C110: C9 | D110: =L54 -> 36262 | E110: =D110-AVERAGE($D$93,$D$103,$D$113,$D$123,$D$133,$D$143) -> 17649 | F110: =E110/AVERAGE($D$94,$D$104,$D$114,$D$124,$D$134,$D$144) -> 0.022387421 | S110: C9 | T110: =AB54 -> 41147 | U110: =ROUND(T110-AVERAGE($T$93,$T$103,$T$113,$T$123,$T$133,$T$143),0) -> 21926 | V110: =U110/AVERAGE($T$94,$T$104,$T$114,$T$124,$T$134,$T$144) -> 0.027719021 | AI110: C9 | AJ110: =AR54 -> 65440 | AK110: =ROUND(AJ110-AVERAGE($AJ$93,$AJ$103,$AJ$113,$AJ$123,$AJ$133,$AJ$143),0) -> 43704 | AL110: =AK110/AVERAGE($AJ$94,$AJ$104,$AJ$114,$AJ$124,$AJ$134,$AJ$144) -> 0.053289849 | AY110: C9 | AZ110: =BH54 -> 49279 | BA110: =ROUND(AZ110-AVERAGE($AZ$93,$AZ$103,$AZ$113,$AZ$123,$AZ$133,$AZ$143),0) -> 26184 | BB110: =BA110/AVERAGE($AZ$94,$AZ$104,$AZ$114,$AZ$124,$AZ$134,$AZ$144) -> 0.03206526 | BO110: C9 | BP110: =BX54 -> 195476 | BQ110: =ROUND(BP110-AVERAGE($BP$93,$BP$103,$BP$113,$BP$123,$BP$133,$BP$143),0) -> 175637 | BR110: =BQ110/AVERAGE($BP$94,$BP$104,$BP$114,$BP$124,$BP$134,$BP$144) -> 0.21002967 | CE110: C9 | CF110: =CN54 -> 36867 | CG110: =ROUND(CF110-AVERAGE($CF$93,$CF$103,$CF$113,$CF$123,$CF$133,$CF$143),0) -> 12534 | CH110: =CG110/AVERAGE($CF$94,$CF$104,$CF$114,$CF$124,$CF$134,$CF$144) -> 0.01515703 | CU110: C9 | CV110: =DD54 -> 511146 | CW110: =ROUND(CV110-AVERAGE($CV$93,$CV$103,$CV$113,$CV$123,$CV$133,$CV$143),0) -> 487310 | CX110: =CW110/AVERAGE($CV$94,$CV$104,$CV$114,$CV$124,$CV$134,$CV$144) -> 0.59581847 | DK110: C9 | DL110: =DT54 -> 24213 | DM110: =ROUND(DL110-AVERAGE($DL$93,$DL$103,$DL$113,$DL$123,$DL$133,$DL$143),0) -> 1127 | DN110: =DM110/AVERAGE($DL$94,$DL$104,$DL$114,$DL$124,$DL$134,$DL$144) -> 0.0013769774
C111: C10 | D111: =M54 -> 35412 | E111: =D111-AVERAGE($D$93,$D$103,$D$113,$D$123,$D$133,$D$143) -> 16799 | F111: =E111/AVERAGE($D$94,$D$104,$D$114,$D$124,$D$134,$D$144) -> 0.021309212 | S111: C10 | T111: =AC54 -> 39102 | U111: =ROUND(T111-AVERAGE($T$93,$T$103,$T$113,$T$123,$T$133,$T$143),0) -> 19881 | V111: =U111/AVERAGE($T$94,$T$104,$T$114,$T$124,$T$134,$T$144) -> 0.025133716 | AI111: C10 | AJ111: =AS54 -> 81933 | AK111: =ROUND(AJ111-AVERAGE($AJ$93,$AJ$103,$AJ$113,$AJ$123,$AJ$133,$AJ$143),0) -> 60197 | AL111: =AK111/AVERAGE($AJ$94,$AJ$104,$AJ$114,$AJ$124,$AJ$134,$AJ$144) -> 0.073400353 | AY111: C10 | AZ111: =BI54 -> 63470 | BA111: =ROUND(AZ111-AVERAGE($AZ$93,$AZ$103,$AZ$113,$AZ$123,$AZ$133,$AZ$143),0) -> 40375 | BB111: =BA111/AVERAGE($AZ$94,$AZ$104,$AZ$114,$AZ$124,$AZ$134,$AZ$144) -> 0.04944374 | BO111: C10 | BP111: =BY54 -> 245193 | BQ111: =ROUND(BP111-AVERAGE($BP$93,$BP$103,$BP$113,$BP$123,$BP$133,$BP$143),0) -> 225354 | BR111: =BQ111/AVERAGE($BP$94,$BP$104,$BP$114,$BP$124,$BP$134,$BP$144) -> 0.2694821 | CE111: C10 | CF111: =CO54 -> 39621 | CG111: =ROUND(CF111-AVERAGE($CF$93,$CF$103,$CF$113,$CF$123,$CF$133,$CF$143),0) -> 15288 | CH111: =CG111/AVERAGE($CF$94,$CF$104,$CF$114,$CF$124,$CF$134,$CF$144) -> 0.018487369 | CU111: C10 | CV111: =DE54 -> 495645 | CW111: =ROUND(CV111-AVERAGE($CV$93,$CV$103,$CV$113,$CV$123,$CV$133,$CV$143),0) -> 471809 | CX111: =CW111/AVERAGE($CV$94,$CV$104,$CV$114,$CV$124,$CV$134,$CV$144) -> 0.57686589 | DK111: C10 | DL111: =DU54 -> 25737 | DM111: =ROUND(DL111-AVERAGE($DL$93,$DL$103,$DL$113,$DL$123,$DL$133,$DL$143),0) -> 2651 | DN111: =DM111/AVERAGE($DL$94,$DL$104,$DL$114,$DL$124,$DL$134,$DL$144) -> 0.0032390125
C112: C11 | D112: =N54 -> 35543 | E112: =D112-AVERAGE($D$93,$D$103,$D$113,$D$123,$D$133,$D$143) -> 16930 | F112: =E112/AVERAGE($D$94,$D$104,$D$114,$D$124,$D$134,$D$144) -> 0.021475383 | S112: C11 | T112: =AD54 -> 38906 | U112: =ROUND(T112-AVERAGE($T$93,$T$103,$T$113,$T$123,$T$133,$T$143),0) -> 19685 | V112: =U112/AVERAGE($T$94,$T$104,$T$114,$T$124,$T$134,$T$144) -> 0.024885932 | AI112: C11 | AJ112: =AT54 -> 79958 | AK112: =ROUND(AJ112-AVERAGE($AJ$93,$AJ$103,$AJ$113,$AJ$123,$AJ$133,$AJ$143),0) -> 58222 | AL112: =AK112/AVERAGE($AJ$94,$AJ$104,$AJ$114,$AJ$124,$AJ$134,$AJ$144) -> 0.070992165 | AY112: C11 | AZ112: =BJ54 -> 64271 | BA112: =ROUND(AZ112-AVERAGE($AZ$93,$AZ$103,$AZ$113,$AZ$123,$AZ$133,$AZ$143),0) -> 41176 | BB112: =BA112/AVERAGE($AZ$94,$AZ$104,$AZ$114,$AZ$124,$AZ$134,$AZ$144) -> 0.050424655 | BO112: C11 | BP112: =BZ54 -> 244543 | BQ112: =ROUND(BP112-AVERAGE($BP$93,$BP$103,$BP$113,$BP$123,$BP$133,$BP$143),0) -> 224704 | BR112: =BQ112/AVERAGE($BP$94,$BP$104,$BP$114,$BP$124,$BP$134,$BP$144) -> 0.26870482 | CE112: C11 | CF112: =CP54 -> 38302 | CG112: =ROUND(CF112-AVERAGE($CF$93,$CF$103,$CF$113,$CF$123,$CF$133,$CF$143),0) -> 13969 | CH112: =CG112/AVERAGE($CF$94,$CF$104,$CF$114,$CF$124,$CF$134,$CF$144) -> 0.016892337 | CU112: C11 | CV112: =DF54 -> 451558 | CW112: =ROUND(CV112-AVERAGE($CV$93,$CV$103,$CV$113,$CV$123,$CV$133,$CV$143),0) -> 427722 | CX112: =CW112/AVERAGE($CV$94,$CV$104,$CV$114,$CV$124,$CV$134,$CV$144) -> 0.52296212 | DK112: C11 | DL112: =DV54 -> 27121 | DM112: =ROUND(DL112-AVERAGE($DL$93,$DL$103,$DL$113,$DL$123,$DL$133,$DL$143),0) -> 4035 | DN112: =DM112/AVERAGE($DL$94,$DL$104,$DL$114,$DL$124,$DL$134,$DL$144) -> 0.0049299945
C113: D2 | D113: =E55 -> 18119 | E113: =D113-AVERAGE($D$93,$D$103,$D$113,$D$123,$D$133,$D$143) -> -494 | F113: =E113/AVERAGE($D$94,$D$104,$D$114,$D$124,$D$134,$D$144) -> -0.0006266296 | S113: D2 | T113: =U55 -> 19094 | U113: =ROUND(T113-AVERAGE($T$93,$T$103,$T$113,$T$123,$T$133,$T$143),0) -> -127 | V113: =U113/AVERAGE($T$94,$T$104,$T$114,$T$124,$T$134,$T$144) -> -0.0001605544 | AI113: D2 | AJ113: =AK55 -> 21376 | AK113: =ROUND(AJ113-AVERAGE($AJ$93,$AJ$103,$AJ$113,$AJ$123,$AJ$133,$AJ$143),0) -> -360 | AL113: =AK113/AVERAGE($AJ$94,$AJ$104,$AJ$114,$AJ$124,$AJ$134,$AJ$144) -> -0.00043896087 | AY113: D2 | AZ113: =BA55 -> 23114 | BA113: =ROUND(AZ113-AVERAGE($AZ$93,$AZ$103,$AZ$113,$AZ$123,$AZ$133,$AZ$143),0) -> 19 | BB113: =BA113/AVERAGE($AZ$94,$AZ$104,$AZ$114,$AZ$124,$AZ$134,$AZ$144) -> 2.3267642e-05 | BO113: D2 | BP113: =BQ55 -> 19394 | BQ113: =ROUND(BP113-AVERAGE($BP$93,$BP$103,$BP$113,$BP$123,$BP$133,$BP$143),0) -> -445 | BR113: =BQ113/AVERAGE($BP$94,$BP$104,$BP$114,$BP$124,$BP$134,$BP$144) -> -0.00053213847 | CE113: D2 | CF113: =CG55 -> 24348 | CG113: =ROUND(CF113-AVERAGE($CF$93,$CF$103,$CF$113,$CF$123,$CF$133,$CF$143),0) -> 15 | CH113: =CG113/AVERAGE($CF$94,$CF$104,$CF$114,$CF$124,$CF$134,$CF$144) -> 1.8139098e-05 | CU113: D2 | CV113: =CW55 -> 23677 | CW113: =ROUND(CV113-AVERAGE($CV$93,$CV$103,$CV$113,$CV$123,$CV$133,$CV$143),0) -> -159 | CX113: =CW113/AVERAGE($CV$94,$CV$104,$CV$114,$CV$124,$CV$134,$CV$144) -> -0.00019440425 | DK113: D2 | DL113: =DM55 -> 23009 | DM113: =ROUND(DL113-AVERAGE($DL$93,$DL$103,$DL$113,$DL$123,$DL$133,$DL$143),0) -> -78 | DN113: =DM113/AVERAGE($DL$94,$DL$104,$DL$114,$DL$124,$DL$134,$DL$144) -> -9.5301009e-05
C114: D3 | D114: =F55 -> 791368 | E114: =D114-AVERAGE($D$93,$D$103,$D$113,$D$123,$D$133,$D$143) -> 772755 | F114: =E114/AVERAGE($D$94,$D$104,$D$114,$D$124,$D$134,$D$144) -> 0.98022502 | S114: D3 | T114: =V55 -> 792861 | U114: =ROUND(T114-AVERAGE($T$93,$T$103,$T$113,$T$123,$T$133,$T$143),0) -> 773640 | V114: =U114/AVERAGE($T$94,$T$104,$T$114,$T$124,$T$134,$T$144) -> 0.97804176 | AI114: D3 | AJ114: =AL55 -> 813951 | AK114: =ROUND(AJ114-AVERAGE($AJ$93,$AJ$103,$AJ$113,$AJ$123,$AJ$133,$AJ$143),0) -> 792215 | AL114: =AK114/AVERAGE($AJ$94,$AJ$104,$AJ$114,$AJ$124,$AJ$134,$AJ$144) -> 0.96597606 | AY114: D3 | AZ114: =BB55 -> 812102 | BA114: =ROUND(AZ114-AVERAGE($AZ$93,$AZ$103,$AZ$113,$AZ$123,$AZ$133,$AZ$143),0) -> 789007 | BB114: =BA114/AVERAGE($AZ$94,$AZ$104,$AZ$114,$AZ$124,$AZ$134,$AZ$144) -> 0.96622804 | BO114: D3 | BP114: =BR55 -> 834409 | BQ114: =ROUND(BP114-AVERAGE($BP$93,$BP$103,$BP$113,$BP$123,$BP$133,$BP$143),0) -> 814570 | BR114: =BQ114/AVERAGE($BP$94,$BP$104,$BP$114,$BP$124,$BP$134,$BP$144) -> 0.97407649 | CE114: D3 | CF114: =CH55 -> 828745 | CG114: =ROUND(CF114-AVERAGE($CF$93,$CF$103,$CF$113,$CF$123,$CF$133,$CF$143),0) -> 804412 | CH114: =CG114/AVERAGE($CF$94,$CF$104,$CF$114,$CF$124,$CF$134,$CF$144) -> 0.97275387 | CU114: D3 | CV114: =CX55 -> 818696 | CW114: =ROUND(CV114-AVERAGE($CV$93,$CV$103,$CV$113,$CV$123,$CV$133,$CV$143),0) -> 794860 | CX114: =CW114/AVERAGE($CV$94,$CV$104,$CV$114,$CV$124,$CV$134,$CV$144) -> 0.9718501 | DK114: D3 | DL114: =DN55 -> 814219 | DM114: =ROUND(DL114-AVERAGE($DL$93,$DL$103,$DL$113,$DL$123,$DL$133,$DL$143),0) -> 791133 | DN114: =DM114/AVERAGE($DL$94,$DL$104,$DL$114,$DL$124,$DL$134,$DL$144) -> 0.96661247
C115: D4 | D115: =G55 -> 34605 | E115: =D115-AVERAGE($D$93,$D$103,$D$113,$D$123,$D$133,$D$143) -> 15992 | F115: =E115/AVERAGE($D$94,$D$104,$D$114,$D$124,$D$134,$D$144) -> 0.020285548 | S115: D4 | T115: =W55 -> 42378 | U115: =ROUND(T115-AVERAGE($T$93,$T$103,$T$113,$T$123,$T$133,$T$143),0) -> 23157 | V115: =U115/AVERAGE($T$94,$T$104,$T$114,$T$124,$T$134,$T$144) -> 0.029275261 | AI115: D4 | AJ115: =AM55 -> 83756 | AK115: =ROUND(AJ115-AVERAGE($AJ$93,$AJ$103,$AJ$113,$AJ$123,$AJ$133,$AJ$143),0) -> 62020 | AL115: =AK115/AVERAGE($AJ$94,$AJ$104,$AJ$114,$AJ$124,$AJ$134,$AJ$144) -> 0.075623202 | AY115: D4 | AZ115: =BC55 -> 52617 | BA115: =ROUND(AZ115-AVERAGE($AZ$93,$AZ$103,$AZ$113,$AZ$123,$AZ$133,$AZ$143),0) -> 29522 | BB115: =BA115/AVERAGE($AZ$94,$AZ$104,$AZ$114,$AZ$124,$AZ$134,$AZ$144) -> 0.036153018 | BO115: D4 | BP115: =BS55 -> 115344 | BQ115: =ROUND(BP115-AVERAGE($BP$93,$BP$103,$BP$113,$BP$123,$BP$133,$BP$143),0) -> 95505 | BR115: =BQ115/AVERAGE($BP$94,$BP$104,$BP$114,$BP$124,$BP$134,$BP$144) -> 0.11420648 | CE115: D4 | CF115: =CI55 -> 33853 | CG115: =ROUND(CF115-AVERAGE($CF$93,$CF$103,$CF$113,$CF$123,$CF$133,$CF$143),0) -> 9520 | CH115: =CG115/AVERAGE($CF$94,$CF$104,$CF$114,$CF$124,$CF$134,$CF$144) -> 0.011512281 | CU115: D4 | CV115: =CY55 -> 203289 | CW115: =ROUND(CV115-AVERAGE($CV$93,$CV$103,$CV$113,$CV$123,$CV$133,$CV$143),0) -> 179453 | CX115: =CW115/AVERAGE($CV$94,$CV$104,$CV$114,$CV$124,$CV$134,$CV$144) -> 0.21941149 | DK115: D4 | DL115: =DO55 -> 24084 | DM115: =ROUND(DL115-AVERAGE($DL$93,$DL$103,$DL$113,$DL$123,$DL$133,$DL$143),0) -> 998 | DN115: =DM115/AVERAGE($DL$94,$DL$104,$DL$114,$DL$124,$DL$134,$DL$144) -> 0.0012193642
C116: D5 | D116: =H55 -> 35998 | E116: =D116-AVERAGE($D$93,$D$103,$D$113,$D$123,$D$133,$D$143) -> 17385 | F116: =E116/AVERAGE($D$94,$D$104,$D$114,$D$124,$D$134,$D$144) -> 0.022052542 | S116: D5 | T116: =X55 -> 40936 | U116: =ROUND(T116-AVERAGE($T$93,$T$103,$T$113,$T$123,$T$133,$T$143),0) -> 21715 | V116: =U116/AVERAGE($T$94,$T$104,$T$114,$T$124,$T$134,$T$144) -> 0.027452274 | AI116: D5 | AJ116: =AN55 -> 83907 | AK116: =ROUND(AJ116-AVERAGE($AJ$93,$AJ$103,$AJ$113,$AJ$123,$AJ$133,$AJ$143),0) -> 62171 | AL116: =AK116/AVERAGE($AJ$94,$AJ$104,$AJ$114,$AJ$124,$AJ$134,$AJ$144) -> 0.075807322 | AY116: D5 | AZ116: =BD55 -> 43939 | BA116: =ROUND(AZ116-AVERAGE($AZ$93,$AZ$103,$AZ$113,$AZ$123,$AZ$133,$AZ$143),0) -> 20844 | BB116: =BA116/AVERAGE($AZ$94,$AZ$104,$AZ$114,$AZ$124,$AZ$134,$AZ$144) -> 0.025525828 | BO116: D5 | BP116: =BT55 -> 110096 | BQ116: =ROUND(BP116-AVERAGE($BP$93,$BP$103,$BP$113,$BP$123,$BP$133,$BP$143),0) -> 90257 | BR116: =BQ116/AVERAGE($BP$94,$BP$104,$BP$114,$BP$124,$BP$134,$BP$144) -> 0.10793084 | CE116: D5 | CF116: =CJ55 -> 30442 | CG116: =ROUND(CF116-AVERAGE($CF$93,$CF$103,$CF$113,$CF$123,$CF$133,$CF$143),0) -> 6109 | CH116: =CG116/AVERAGE($CF$94,$CF$104,$CF$114,$CF$124,$CF$134,$CF$144) -> 0.0073874499 | CU116: D5 | CV116: =CZ55 -> 255791 | CW116: =ROUND(CV116-AVERAGE($CV$93,$CV$103,$CV$113,$CV$123,$CV$133,$CV$143),0) -> 231955 | CX116: =CW116/AVERAGE($CV$94,$CV$104,$CV$114,$CV$124,$CV$134,$CV$144) -> 0.28360402 | DK116: D5 | DL116: =DP55 -> 24365 | DM116: =ROUND(DL116-AVERAGE($DL$93,$DL$103,$DL$113,$DL$123,$DL$133,$DL$143),0) -> 1279 | DN116: =DM116/AVERAGE($DL$94,$DL$104,$DL$114,$DL$124,$DL$134,$DL$144) -> 0.0015626922
C117: D6 | D117: =I55 -> 36293 | E117: =D117-AVERAGE($D$93,$D$103,$D$113,$D$123,$D$133,$D$143) -> 17680 | F117: =E117/AVERAGE($D$94,$D$104,$D$114,$D$124,$D$134,$D$144) -> 0.022426744 | S117: D6 | T117: =Y55 -> 41613 | U117: =ROUND(T117-AVERAGE($T$93,$T$103,$T$113,$T$123,$T$133,$T$143),0) -> 22392 | V117: =U117/AVERAGE($T$94,$T$104,$T$114,$T$124,$T$134,$T$144) -> 0.028308142 | AI117: D6 | AJ117: =AO55 -> 74405 | AK117: =ROUND(AJ117-AVERAGE($AJ$93,$AJ$103,$AJ$113,$AJ$123,$AJ$133,$AJ$143),0) -> 52669 | AL117: =AK117/AVERAGE($AJ$94,$AJ$104,$AJ$114,$AJ$124,$AJ$134,$AJ$144) -> 0.064221194 | AY117: D6 | AZ117: =BE55 -> 43581 | BA117: =ROUND(AZ117-AVERAGE($AZ$93,$AZ$103,$AZ$113,$AZ$123,$AZ$133,$AZ$143),0) -> 20486 | BB117: =BA117/AVERAGE($AZ$94,$AZ$104,$AZ$114,$AZ$124,$AZ$134,$AZ$144) -> 0.025087417 | BO117: D6 | BP117: =BU55 -> 96730 | BQ117: =ROUND(BP117-AVERAGE($BP$93,$BP$103,$BP$113,$BP$123,$BP$133,$BP$143),0) -> 76891 | BR117: =BQ117/AVERAGE($BP$94,$BP$104,$BP$114,$BP$124,$BP$134,$BP$144) -> 0.091947549 | CE117: D6 | CF117: =CK55 -> 30068 | CG117: =ROUND(CF117-AVERAGE($CF$93,$CF$103,$CF$113,$CF$123,$CF$133,$CF$143),0) -> 5735 | CH117: =CG117/AVERAGE($CF$94,$CF$104,$CF$114,$CF$124,$CF$134,$CF$144) -> 0.0069351817 | CU117: D6 | CV117: =DA55 -> 278677 | CW117: =ROUND(CV117-AVERAGE($CV$93,$CV$103,$CV$113,$CV$123,$CV$133,$CV$143),0) -> 254841 | CX117: =CW117/AVERAGE($CV$94,$CV$104,$CV$114,$CV$124,$CV$134,$CV$144) -> 0.311586 | DK117: D6 | DL117: =DQ55 -> 24140 | DM117: =ROUND(DL117-AVERAGE($DL$93,$DL$103,$DL$113,$DL$123,$DL$133,$DL$143),0) -> 1054 | DN117: =DM117/AVERAGE($DL$94,$DL$104,$DL$114,$DL$124,$DL$134,$DL$144) -> 0.0012877854
C118: D7 | D118: =J55 -> 36606 | E118: =D118-AVERAGE($D$93,$D$103,$D$113,$D$123,$D$133,$D$143) -> 17993 | F118: =E118/AVERAGE($D$94,$D$104,$D$114,$D$124,$D$134,$D$144) -> 0.022823778 | S118: D7 | T118: =Z55 -> 40412 | U118: =ROUND(T118-AVERAGE($T$93,$T$103,$T$113,$T$123,$T$133,$T$143),0) -> 21191 | V118: =U118/AVERAGE($T$94,$T$104,$T$114,$T$124,$T$134,$T$144) -> 0.026789829 | AI118: D7 | AJ118: =AP55 -> 70517 | AK118: =ROUND(AJ118-AVERAGE($AJ$93,$AJ$103,$AJ$113,$AJ$123,$AJ$133,$AJ$143),0) -> 48781 | AL118: =AK118/AVERAGE($AJ$94,$AJ$104,$AJ$114,$AJ$124,$AJ$134,$AJ$144) -> 0.059480417 | AY118: D7 | AZ118: =BF55 -> 45826 | BA118: =ROUND(AZ118-AVERAGE($AZ$93,$AZ$103,$AZ$113,$AZ$123,$AZ$133,$AZ$143),0) -> 22731 | BB118: =BA118/AVERAGE($AZ$94,$AZ$104,$AZ$114,$AZ$124,$AZ$134,$AZ$144) -> 0.027836673 | BO118: D7 | BP118: =BV55 -> 115568 | BQ118: =ROUND(BP118-AVERAGE($BP$93,$BP$103,$BP$113,$BP$123,$BP$133,$BP$143),0) -> 95729 | BR118: =BQ118/AVERAGE($BP$94,$BP$104,$BP$114,$BP$124,$BP$134,$BP$144) -> 0.11447435 | CE118: D7 | CF118: =CL55 -> 29443 | CG118: =ROUND(CF118-AVERAGE($CF$93,$CF$103,$CF$113,$CF$123,$CF$133,$CF$143),0) -> 5110 | CH118: =CG118/AVERAGE($CF$94,$CF$104,$CF$114,$CF$124,$CF$134,$CF$144) -> 0.006179386 | CU118: D7 | CV118: =DB55 -> 227242 | CW118: =ROUND(CV118-AVERAGE($CV$93,$CV$103,$CV$113,$CV$123,$CV$133,$CV$143),0) -> 203406 | CX118: =CW118/AVERAGE($CV$94,$CV$104,$CV$114,$CV$124,$CV$134,$CV$144) -> 0.24869806 | DK118: D7 | DL118: =DR55 -> 24155 | DM118: =ROUND(DL118-AVERAGE($DL$93,$DL$103,$DL$113,$DL$123,$DL$133,$DL$143),0) -> 1069 | DN118: =DM118/AVERAGE($DL$94,$DL$104,$DL$114,$DL$124,$DL$134,$DL$144) -> 0.0013061125
C119: D8 | D119: =K55 -> 36062 | E119: =D119-AVERAGE($D$93,$D$103,$D$113,$D$123,$D$133,$D$143) -> 17449 | F119: =E119/AVERAGE($D$94,$D$104,$D$114,$D$124,$D$134,$D$144) -> 0.022133725 | S119: D8 | T119: =AA55 -> 37731 | U119: =ROUND(T119-AVERAGE($T$93,$T$103,$T$113,$T$123,$T$133,$T$143),0) -> 18510 | V119: =U119/AVERAGE($T$94,$T$104,$T$114,$T$124,$T$134,$T$144) -> 0.023400487 | AI119: D8 | AJ119: =AQ55 -> 70206 | AK119: =ROUND(AJ119-AVERAGE($AJ$93,$AJ$103,$AJ$113,$AJ$123,$AJ$133,$AJ$143),0) -> 48470 | AL119: =AK119/AVERAGE($AJ$94,$AJ$104,$AJ$114,$AJ$124,$AJ$134,$AJ$144) -> 0.059101203 | AY119: D8 | AZ119: =BG55 -> 47788 | BA119: =ROUND(AZ119-AVERAGE($AZ$93,$AZ$103,$AZ$113,$AZ$123,$AZ$133,$AZ$143),0) -> 24693 | BB119: =BA119/AVERAGE($AZ$94,$AZ$104,$AZ$114,$AZ$124,$AZ$134,$AZ$144) -> 0.030239363 | BO119: D8 | BP119: =BW55 -> 151474 | BQ119: =ROUND(BP119-AVERAGE($BP$93,$BP$103,$BP$113,$BP$123,$BP$133,$BP$143),0) -> 131635 | BR119: =BQ119/AVERAGE($BP$94,$BP$104,$BP$114,$BP$124,$BP$134,$BP$144) -> 0.15741134 | CE119: D8 | CF119: =CM55 -> 30097 | CG119: =ROUND(CF119-AVERAGE($CF$93,$CF$103,$CF$113,$CF$123,$CF$133,$CF$143),0) -> 5764 | CH119: =CG119/AVERAGE($CF$94,$CF$104,$CF$114,$CF$124,$CF$134,$CF$144) -> 0.0069702507 | CU119: D8 | CV119: =DC55 -> 276889 | CW119: =ROUND(CV119-AVERAGE($CV$93,$CV$103,$CV$113,$CV$123,$CV$133,$CV$143),0) -> 253053 | CX119: =CW119/AVERAGE($CV$94,$CV$104,$CV$114,$CV$124,$CV$134,$CV$144) -> 0.30939987 | DK119: D8 | DL119: =DS55 -> 25660 | DM119: =ROUND(DL119-AVERAGE($DL$93,$DL$103,$DL$113,$DL$123,$DL$133,$DL$143),0) -> 2574 | DN119: =DM119/AVERAGE($DL$94,$DL$104,$DL$114,$DL$124,$DL$134,$DL$144) -> 0.0031449333
C120: D9 | D120: =L55 -> 33037 | E120: =D120-AVERAGE($D$93,$D$103,$D$113,$D$123,$D$133,$D$143) -> 14424 | F120: =E120/AVERAGE($D$94,$D$104,$D$114,$D$124,$D$134,$D$144) -> 0.01829657 | S120: D9 | T120: =AB55 -> 38794 | U120: =ROUND(T120-AVERAGE($T$93,$T$103,$T$113,$T$123,$T$133,$T$143),0) -> 19573 | V120: =U120/AVERAGE($T$94,$T$104,$T$114,$T$124,$T$134,$T$144) -> 0.02474434 | AI120: D9 | AJ120: =AR55 -> 75245 | AK120: =ROUND(AJ120-AVERAGE($AJ$93,$AJ$103,$AJ$113,$AJ$123,$AJ$133,$AJ$143),0) -> 53509 | AL120: =AK120/AVERAGE($AJ$94,$AJ$104,$AJ$114,$AJ$124,$AJ$134,$AJ$144) -> 0.065245436 | AY120: D9 | AZ120: =BH55 -> 51561 | BA120: =ROUND(AZ120-AVERAGE($AZ$93,$AZ$103,$AZ$113,$AZ$123,$AZ$133,$AZ$143),0) -> 28466 | BB120: =BA120/AVERAGE($AZ$94,$AZ$104,$AZ$114,$AZ$124,$AZ$134,$AZ$144) -> 0.034859827 | BO120: D9 | BP120: =BX55 -> 129867 | BQ120: =ROUND(BP120-AVERAGE($BP$93,$BP$103,$BP$113,$BP$123,$BP$133,$BP$143),0) -> 110028 | BR120: =BQ120/AVERAGE($BP$94,$BP$104,$BP$114,$BP$124,$BP$134,$BP$144) -> 0.13157333 | CE120: D9 | CF120: =CN55 -> 36241 | CG120: =ROUND(CF120-AVERAGE($CF$93,$CF$103,$CF$113,$CF$123,$CF$133,$CF$143),0) -> 11908 | CH120: =CG120/AVERAGE($CF$94,$CF$104,$CF$114,$CF$124,$CF$134,$CF$144) -> 0.014400025 | CU120: D9 | CV120: =DD55 -> 333453 | CW120: =ROUND(CV120-AVERAGE($CV$93,$CV$103,$CV$113,$CV$123,$CV$133,$CV$143),0) -> 309617 | CX120: =CW120/AVERAGE($CV$94,$CV$104,$CV$114,$CV$124,$CV$134,$CV$144) -> 0.37855888 | DK120: D9 | DL120: =DT55 -> 25781 | DM120: =ROUND(DL120-AVERAGE($DL$93,$DL$103,$DL$113,$DL$123,$DL$133,$DL$143),0) -> 2695 | DN120: =DM120/AVERAGE($DL$94,$DL$104,$DL$114,$DL$124,$DL$134,$DL$144) -> 0.003292772
C121: D10 | D121: =M55 -> 36138 | E121: =D121-AVERAGE($D$93,$D$103,$D$113,$D$123,$D$133,$D$143) -> 17525 | F121: =E121/AVERAGE($D$94,$D$104,$D$114,$D$124,$D$134,$D$144) -> 0.022230129 | S121: D10 | T121: =AC55 -> 40584 | U121: =ROUND(T121-AVERAGE($T$93,$T$103,$T$113,$T$123,$T$133,$T$143),0) -> 21363 | V121: =U121/AVERAGE($T$94,$T$104,$T$114,$T$124,$T$134,$T$144) -> 0.027007272 | AI121: D10 | AJ121: =AS55 -> 84120 | AK121: =ROUND(AJ121-AVERAGE($AJ$93,$AJ$103,$AJ$113,$AJ$123,$AJ$133,$AJ$143),0) -> 62384 | AL121: =AK121/AVERAGE($AJ$94,$AJ$104,$AJ$114,$AJ$124,$AJ$134,$AJ$144) -> 0.076067041 | AY121: D10 | AZ121: =BI55 -> 44696 | BA121: =ROUND(AZ121-AVERAGE($AZ$93,$AZ$103,$AZ$113,$AZ$123,$AZ$133,$AZ$143),0) -> 21601 | BB121: =BA121/AVERAGE($AZ$94,$AZ$104,$AZ$114,$AZ$124,$AZ$134,$AZ$144) -> 0.02645286 | BO121: D10 | BP121: =BY55 -> 131593 | BQ121: =ROUND(BP121-AVERAGE($BP$93,$BP$103,$BP$113,$BP$123,$BP$133,$BP$143),0) -> 111754 | BR121: =BQ121/AVERAGE($BP$94,$BP$104,$BP$114,$BP$124,$BP$134,$BP$144) -> 0.13363731 | CE121: D10 | CF121: =CO55 -> 39097 | CG121: =ROUND(CF121-AVERAGE($CF$93,$CF$103,$CF$113,$CF$123,$CF$133,$CF$143),0) -> 14764 | CH121: =CG121/AVERAGE($CF$94,$CF$104,$CF$114,$CF$124,$CF$134,$CF$144) -> 0.017853709 | CU121: D10 | CV121: =DE55 -> 268611 | CW121: =ROUND(CV121-AVERAGE($CV$93,$CV$103,$CV$113,$CV$123,$CV$133,$CV$143),0) -> 244775 | CX121: =CW121/AVERAGE($CV$94,$CV$104,$CV$114,$CV$124,$CV$134,$CV$144) -> 0.29927863 | DK121: D10 | DL121: =DU55 -> 26426 | DM121: =ROUND(DL121-AVERAGE($DL$93,$DL$103,$DL$113,$DL$123,$DL$133,$DL$143),0) -> 3340 | DN121: =DM121/AVERAGE($DL$94,$DL$104,$DL$114,$DL$124,$DL$134,$DL$144) -> 0.0040808381
...

Sheet G418 alpha-3
B2: Protokoll G418 Dose Response Curve
B4: 1. Seed 1000 cells in a 96 well plate on Monday (20.04.24)
C5: For a2
C6: For a3
C7: For a4
B8: 2. Add AlamarBlue on Tuesday morning
B9: 3. Wait 2h
B10: 4. Analyze in the plate reader
B12: 2025_01_22 | C12: a3 d2 | D12: 1 | E12: 2 | F12: 3 | G12: 4 | H12: 5 | I12: 6 | J12: 7 | K12: 8 | L12: 9 | M12: 10 | N12: 11 | O12: 12 | R12: a3 d2 | S12: 1 | T12: 2 | U12: 3 | V12: 4 | W12: 5 | X12: 6 | Y12: 7 | Z12: 8 | AA12: 9 | AB12: 10 | AC12: 11 | AD12: 12 | AH12: 2025_01_24 | AI12: a3 d2 | AJ12: 1 | AK12: 2 | AL12: 3 | AM12: 4 | AN12: 5 | AO12: 6 | AP12: 7 | AQ12: 8 | AR12: 9 | AS12: 10 | AT12: 11 | AU12: 12 | AX12: a3 d2 | AY12: 1 | AZ12: 2 | BA12: 3 | BB12: 4 | BC12: 5 | BD12: 6 | BE12: 7 | BF12: 8 | BG12: 9 | BH12: 10 | BI12: 11 | BJ12: 12 | BN12: 2025_01_27 | BO12: a3 d5 | BP12: 1 | BQ12: 2 | BR12: 3 | BS12: 4 | BT12: 5 | BU12: 6 | BV12: 7 | BW12: 8 | BX12: 9 | BY12: 10 | BZ12: 11 | CA12: 12 | CD12: a3 d5 | CE12: 1 | CF12: 2 | CG12: 3 | CH12: 4 | CI12: 5 | CJ12: 6 | CK12: 7 | CL12: 8 | CM12: 9 | CN12: 10 | CO12: 11 | CP12: 12 | CT12: 2025_01_29 | CU12: a3 d7 | CV12: 1 | CW12: 2 | CX12: 3 | CY12: 4 | CZ12: 5 | DA12: 6 | DB12: 7 | DC12: 8 | DD12: 9 | DE12: 10 | DF12: 11 | DG12: 12 | DJ12: a3 d7 | DK12: 1 | DL12: 2 | DM12: 3 | DN12: 4 | DO12: 5 | DP12: 6 | DQ12: 7 | DR12: 8 | DS12: 9 | DT12: 10 | DU12: 11 | DV12: 12
C13: A | R13: A | AI13: A | AX13: A | BO13: A | CD13: A | CU13: A | DJ13: A
C14: B | E14: BLANK | F14: Rho | G14: 0 | H14: 0 | I14: 0 | J14: 0 | K14: 0 | L14: 0 | M14: 0 | N14: 0 | R14: B | T14: BLANK | U14: Rho | V14: 0.4 | W14: 0.4 | X14: 0.4 | Y14: 0.4 | Z14: 0.4 | AA14: 0.4 | AB14: 0.4 | AC14: 0.4 | AI14: B | AK14: BLANK | AL14: Rho | AM14: 0 | AN14: 0 | AO14: 0 | AP14: 0 | AQ14: 0 | AR14: 0 | AS14: 0 | AT14: 0 | AX14: B | AZ14: BLANK | BA14: Rho | BB14: 0.4 | BC14: 0.4 | BD14: 0.4 | BE14: 0.4 | BF14: 0.4 | BG14: 0.4 | BH14: 0.4 | BI14: 0.4 | BO14: B | BQ14: BLANK | BR14: Rho | BS14: 0 | BT14: 0 | BU14: 0 | BV14: 0 | BW14: 0 | BX14: 0 | BY14: 0 | BZ14: 0 | CD14: B | CF14: BLANK | CG14: Rho | CH14: 0.4 | CI14: 0.4 | CJ14: 0.4 | CK14: 0.4 | CL14: 0.4 | CM14: 0.4 | CN14: 0.4 | CO14: 0.4 | CU14: B | CW14: BLANK | CX14: Rho | CY14: 0 | CZ14: 0 | DA14: 0 | DB14: 0 | DC14: 0 | DD14: 0 | DE14: 0 | DF14: 0 | DJ14: B | DL14: BLANK | DM14: Rho | DN14: 0.4 | DO14: 0.4 | DP14: 0.4 | DQ14: 0.4 | DR14: 0.4 | DS14: 0.4 | DT14: 0.4 | DU14: 0.4
C15: C | E15: BLANK | F15: Rho | G15: 0.025 | H15: 0.025 | I15: 0.025 | J15: 0.025 | K15: 0.025 | L15: 0.025 | M15: 0.025 | N15: 0.025 | R15: C | T15: BLANK | U15: Rho | V15: 0.6 | W15: 0.6 | X15: 0.6 | Y15: 0.6 | Z15: 0.6 | AA15: 0.6 | AB15: 0.6 | AC15: 0.6 | AI15: C | AK15: BLANK | AL15: Rho | AM15: 0.025 | AN15: 0.025 | AO15: 0.025 | AP15: 0.025 | AQ15: 0.025 | AR15: 0.025 | AS15: 0.025 | AT15: 0.025 | AX15: C | AZ15: BLANK | BA15: Rho | BB15: 0.6 | BC15: 0.6 | BD15: 0.6 | BE15: 0.6 | BF15: 0.6 | BG15: 0.6 | BH15: 0.6 | BI15: 0.6 | BO15: C | BQ15: BLANK | BR15: Rho | BS15: 0.025 | BT15: 0.025 | BU15: 0.025 | BV15: 0.025 | BW15: 0.025 | BX15: 0.025 | BY15: 0.025 | BZ15: 0.025 | CD15: C | CF15: BLANK | CG15: Rho | CH15: 0.6 | CI15: 0.6 | CJ15: 0.6 | CK15: 0.6 | CL15: 0.6 | CM15: 0.6 | CN15: 0.6 | CO15: 0.6 | CU15: C | CW15: BLANK | CX15: Rho | CY15: 0.025 | CZ15: 0.025 | DA15: 0.025 | DB15: 0.025 | DC15: 0.025 | DD15: 0.025 | DE15: 0.025 | DF15: 0.025 | DJ15: C | DL15: BLANK | DM15: Rho | DN15: 0.6 | DO15: 0.6 | DP15: 0.6 | DQ15: 0.6 | DR15: 0.6 | DS15: 0.6 | DT15: 0.6 | DU15: 0.6
C16: D | E16: BLANK | F16: Rho | G16: 0.05 | H16: 0.05 | I16: 0.05 | J16: 0.05 | K16: 0.05 | L16: 0.05 | M16: 0.05 | N16: 0.05 | R16: D | T16: BLANK | U16: Rho | V16: 0.8 | W16: 0.8 | X16: 0.8 | Y16: 0.8 | Z16: 0.8 | AA16: 0.8 | AB16: 0.8 | AC16: 0.8 | AI16: D | AK16: BLANK | AL16: Rho | AM16: 0.05 | AN16: 0.05 | AO16: 0.05 | AP16: 0.05 | AQ16: 0.05 | AR16: 0.05 | AS16: 0.05 | AT16: 0.05 | AX16: D | AZ16: BLANK | BA16: Rho | BB16: 0.8 | BC16: 0.8 | BD16: 0.8 | BE16: 0.8 | BF16: 0.8 | BG16: 0.8 | BH16: 0.8 | BI16: 0.8 | BO16: D | BQ16: BLANK | BR16: Rho | BS16: 0.05 | BT16: 0.05 | BU16: 0.05 | BV16: 0.05 | BW16: 0.05 | BX16: 0.05 | BY16: 0.05 | BZ16: 0.05 | CD16: D | CF16: BLANK | CG16: Rho | CH16: 0.8 | CI16: 0.8 | CJ16: 0.8 | CK16: 0.8 | CL16: 0.8 | CM16: 0.8 | CN16: 0.8 | CO16: 0.8 | CU16: D | CW16: BLANK | CX16: Rho | CY16: 0.05 | CZ16: 0.05 | DA16: 0.05 | DB16: 0.05 | DC16: 0.05 | DD16: 0.05 | DE16: 0.05 | DF16: 0.05 | DJ16: D | DL16: BLANK | DM16: Rho | DN16: 0.8 | DO16: 0.8 | DP16: 0.8 | DQ16: 0.8 | DR16: 0.8 | DS16: 0.8 | DT16: 0.8 | DU16: 0.8
C17: E | E17: BLANK | F17: Rho | G17: 0.1 | H17: 0.1 | I17: 0.1 | J17: 0.1 | K17: 0.1 | L17: 0.1 | M17: 0.1 | N17: 0.1 | R17: E | T17: BLANK | U17: Rho | V17: 1 | W17: 1 | X17: 1 | Y17: 1 | Z17: 1 | AA17: 1 | AB17: 1 | AC17: 1 | AI17: E | AK17: BLANK | AL17: Rho | AM17: 0.1 | AN17: 0.1 | AO17: 0.1 | AP17: 0.1 | AQ17: 0.1 | AR17: 0.1 | AS17: 0.1 | AT17: 0.1 | AX17: E | AZ17: BLANK | BA17: Rho | BB17: 1 | BC17: 1 | BD17: 1 | BE17: 1 | BF17: 1 | BG17: 1 | BH17: 1 | BI17: 1 | BO17: E | BQ17: BLANK | BR17: Rho | BS17: 0.1 | BT17: 0.1 | BU17: 0.1 | BV17: 0.1 | BW17: 0.1 | BX17: 0.1 | BY17: 0.1 | BZ17: 0.1 | CD17: E | CF17: BLANK | CG17: Rho | CH17: 1 | CI17: 1 | CJ17: 1 | CK17: 1 | CL17: 1 | CM17: 1 | CN17: 1 | CO17: 1 | CU17: E | CW17: BLANK | CX17: Rho | CY17: 0.1 | CZ17: 0.1 | DA17: 0.1 | DB17: 0.1 | DC17: 0.1 | DD17: 0.1 | DE17: 0.1 | DF17: 0.1 | DJ17: E | DL17: BLANK | DM17: Rho | DN17: 1 | DO17: 1 | DP17: 1 | DQ17: 1 | DR17: 1 | DS17: 1 | DT17: 1 | DU17: 1
C18: F | E18: BLANK | F18: Rho | G18: 0.2 | H18: 0.2 | I18: 0.2 | J18: 0.2 | K18: 0.2 | L18: 0.2 | M18: 0.2 | N18: 0.2 | R18: F | T18: BLANK | U18: Rho | V18: 2 | W18: 2 | X18: 2 | Y18: 2 | Z18: 2 | AA18: 2 | AB18: 2 | AC18: 2 | AI18: F | AK18: BLANK | AL18: Rho | AM18: 0.2 | AN18: 0.2 | AO18: 0.2 | AP18: 0.2 | AQ18: 0.2 | AR18: 0.2 | AS18: 0.2 | AT18: 0.2 | AX18: F | AZ18: BLANK | BA18: Rho | BB18: 2 | BC18: 2 | BD18: 2 | BE18: 2 | BF18: 2 | BG18: 2 | BH18: 2 | BI18: 2 | BO18: F | BQ18: BLANK | BR18: Rho | BS18: 0.2 | BT18: 0.2 | BU18: 0.2 | BV18: 0.2 | BW18: 0.2 | BX18: 0.2 | BY18: 0.2 | BZ18: 0.2 | CD18: F | CF18: BLANK | CG18: Rho | CH18: 2 | CI18: 2 | CJ18: 2 | CK18: 2 | CL18: 2 | CM18: 2 | CN18: 2 | CO18: 2 | CU18: F | CW18: BLANK | CX18: Rho | CY18: 0.2 | CZ18: 0.2 | DA18: 0.2 | DB18: 0.2 | DC18: 0.2 | DD18: 0.2 | DE18: 0.2 | DF18: 0.2 | DJ18: F | DL18: BLANK | DM18: Rho | DN18: 2 | DO18: 2 | DP18: 2 | DQ18: 2 | DR18: 2 | DS18: 2 | DT18: 2 | DU18: 2
C19: G | E19: BLANK | F19: Rho | G19: 0.3 | H19: 0.3 | I19: 0.3 | J19: 0.3 | K19: 0.3 | L19: 0.3 | M19: 0.3 | N19: 0.3 | R19: G | T19: BLANK | U19: Rho | V19: 5 | W19: 5 | X19: 5 | Y19: 5 | Z19: 5 | AA19: 5 | AB19: 5 | AC19: 5 | AI19: G | AK19: BLANK | AL19: Rho | AM19: 0.3 | AN19: 0.3 | AO19: 0.3 | AP19: 0.3 | AQ19: 0.3 | AR19: 0.3 | AS19: 0.3 | AT19: 0.3 | AX19: G | AZ19: BLANK | BA19: Rho | BB19: 5 | BC19: 5 | BD19: 5 | BE19: 5 | BF19: 5 | BG19: 5 | BH19: 5 | BI19: 5 | BO19: G | BQ19: BLANK | BR19: Rho | BS19: 0.3 | BT19: 0.3 | BU19: 0.3 | BV19: 0.3 | BW19: 0.3 | BX19: 0.3 | BY19: 0.3 | BZ19: 0.3 | CD19: G | CF19: BLANK | CG19: Rho | CH19: 5 | CI19: 5 | CJ19: 5 | CK19: 5 | CL19: 5 | CM19: 5 | CN19: 5 | CO19: 5 | CU19: G | CW19: BLANK | CX19: Rho | CY19: 0.3 | CZ19: 0.3 | DA19: 0.3 | DB19: 0.3 | DC19: 0.3 | DD19: 0.3 | DE19: 0.3 | DF19: 0.3 | DJ19: G | DL19: BLANK | DM19: Rho | DN19: 5 | DO19: 5 | DP19: 5 | DQ19: 5 | DR19: 5 | DS19: 5 | DT19: 5 | DU19: 5
C20: H | R20: H | AI20: H | AX20: H | BO20: H | CD20: H | CU20: H | DJ20: H
B22: Software Version | C22: 3.11.19 | R22: Software Version | S22: 3.11.19 | AH22: Software Version | AI22: 3.11.19 | AX22: Software Version | AY22: 3.11.19 | BN22: Software Version | BO22: 3.11.19 | CD22: Software Version | CE22: 3.11.19 | CT22: Software Version | CU22: 3.11.19 | DJ22: Software Version | DK22: 3.11.19
B24: Experiment File Path: | C24: C:\Users\labadmin\Documents\Biotek Reader\Experiments\MaxE\2025_01_STEM_Preparation_experiments\2025_01_22_d2_G418_plates_1.xpt | R24: Experiment File Path: | S24: C:\Users\labadmin\Documents\Biotek Reader\Experiments\MaxE\2025_01_STEM_Preparation_experiments\2025_01_22_d2_G418_plates_1.xpt | AH24: Experiment File Path: | AI24: C:\Users\labadmin\Documents\Biotek Reader\Experiments\MaxE\2025_01_STEM_Preparation_experiments\2025_01_24_d4_G418_plates_1.xpt | AX24: Experiment File Path: | AY24: C:\Users\labadmin\Documents\Biotek Reader\Experiments\MaxE\2025_01_STEM_Preparation_experiments\2025_01_24_d4_G418_plates_1.xpt | BN24: Experiment File Path: | BO24: C:\Users\labadmin\Documents\Biotek Reader\Experiments\MaxE\2025_01_STEM_Preparation_experiments\2025_01_27_d7_G418_plates_1.xpt | CD24: Experiment File Path: | CE24: C:\Users\labadmin\Documents\Biotek Reader\Experiments\MaxE\2025_01_STEM_Preparation_experiments\2025_01_27_d7_G418_plates_1.xpt | CT24: Experiment File Path: | CU24: C:\Users\labadmin\Documents\Biotek Reader\Experiments\MaxE\2025_01_STEM_Preparation_experiments\2025_01_29_d9_G418_plates_1.xpt | DJ24: Experiment File Path: | DK24: C:\Users\labadmin\Documents\Biotek Reader\Experiments\MaxE\2025_01_STEM_Preparation_experiments\2025_01_29_d9_G418_plates_1.xpt
B25: Protocol File Path: | C25: C:\Users\labadmin\Documents\Biotek Reader\Protocols\Max\2025_01_22_G418_plates\2025_01_22_d2_G418_plates.prt | R25: Protocol File Path: | S25: C:\Users\labadmin\Documents\Biotek Reader\Protocols\Max\2025_01_22_G418_plates\2025_01_22_d2_G418_plates.prt | AH25: Protocol File Path: | AI25: C:\Users\labadmin\Documents\Biotek Reader\Protocols\Max\2025_01_22_G418_plates\2025_01_22_d2_G418_plates.prt | AX25: Protocol File Path: | AY25: C:\Users\labadmin\Documents\Biotek Reader\Protocols\Max\2025_01_22_G418_plates\2025_01_22_d2_G418_plates.prt | BN25: Protocol File Path: | BO25: C:\Users\labadmin\Documents\Biotek Reader\Protocols\Max\2025_01_22_G418_plates\2025_01_22_d2_G418_plates.prt | CD25: Protocol File Path: | CE25: C:\Users\labadmin\Documents\Biotek Reader\Protocols\Max\2025_01_22_G418_plates\2025_01_22_d2_G418_plates.prt | CT25: Protocol File Path: | CU25: C:\Users\labadmin\Documents\Biotek Reader\Protocols\Max\2025_01_22_G418_plates\2025_01_22_d2_G418_plates.prt | DJ25: Protocol File Path: | DK25: C:\Users\labadmin\Documents\Biotek Reader\Protocols\Max\2025_01_22_G418_plates\2025_01_22_d2_G418_plates.prt
B26: Plate Number | C26: Plate 2 | R26: Plate Number | S26: Plate 5 | AH26: Plate Number | AI26: Plate 2 | AX26: Plate Number | AY26: Plate 5 | BN26: Plate Number | BO26: Plate 2 | CD26: Plate Number | CE26: Plate 5 | CT26: Plate Number | CU26: Plate 2 | DJ26: Plate Number | DK26: Plate 5
B27: Date | C27: 45679 | R27: Date | S27: 45679 | AH27: Date | AI27: 45681 | AX27: Date | AY27: 45681 | BN27: Date | BO27: 45684 | CD27: Date | CE27: 45684 | CT27: Date | CU27: 45686 | DJ27: Date | DK27: 45686
B28: Time | C28: 0.57274306 | R28: Time | S28: 0.5780787 | AH28: Time | AI28: 0.56819444 | AX28: Time | AY28: 0.57340278 | BN28: Time | BO28: 0.58174769 | CD28: Time | CE28: 0.58708333 | CT28: Time | CU28: 0.58077546 | DJ28: Time | DK28: 0.58528935
B29: Reader Type: | C29: Synergy H1 | R29: Reader Type: | S29: Synergy H1 | AH29: Reader Type: | AI29: Synergy H1 | AX29: Reader Type: | AY29: Synergy H1 | BN29: Reader Type: | BO29: Synergy H1 | CD29: Reader Type: | CE29: Synergy H1 | CT29: Reader Type: | CU29: Synergy H1 | DJ29: Reader Type: | DK29: Synergy H1
B30: Reader Serial Number: | C30: 191202E | R30: Reader Serial Number: | S30: 191202E | AH30: Reader Serial Number: | AI30: 191202E | AX30: Reader Serial Number: | AY30: 191202E | BN30: Reader Serial Number: | BO30: 191202E | CD30: Reader Serial Number: | CE30: 191202E | CT30: Reader Serial Number: | CU30: 191202E | DJ30: Reader Serial Number: | DK30: 191202E
B31: Reading Type | C31: Reader | R31: Reading Type | S31: Reader | AH31: Reading Type | AI31: Reader | AX31: Reading Type | AY31: Reader | BN31: Reading Type | BO31: Reader | CD31: Reading Type | CE31: Reader | CT31: Reading Type | CU31: Reader | DJ31: Reading Type | DK31: Reader
AX32: Plate Type | AY32: 96 WELL PLATE
B33: Procedure Details | R33: Procedure Details | AH33: Procedure Details | AX33: Eject plate on completion | BN33: Procedure Details | CD33: Procedure Details | CT33: Procedure Details | DJ33: Procedure Details
B34: Plate Type | C34: 96 WELL PLATE | R34: Plate Type | S34: 96 WELL PLATE | AH34: Plate Type | AI34: 96 WELL PLATE | AX34: Set Temperature | AY34: Setpoint 37Â°C | BN34: Plate Type | BO34: 96 WELL PLATE | CD34: Plate Type | CE34: 96 WELL PLATE | CT34: Plate Type | CU34: 96 WELL PLATE | DJ34: Plate Type | DK34: 96 WELL PLATE
B35: Eject plate on completion | R35: Eject plate on completion | AH35: Eject plate on completion | AY35: Preheat before moving to next step | BN35: Eject plate on completion | CD35: Eject plate on completion | CT35: Eject plate on completion | DJ35: Eject plate on completion
B36: Set Temperature | C36: Setpoint 37Â°C | R36: Set Temperature | S36: Setpoint 37Â°C | AH36: Set Temperature | AI36: Setpoint 37Â°C | AX36: Read | AY36: Resazurin | BN36: Set Temperature | BO36: Setpoint 37Â°C | CD36: Set Temperature | CE36: Setpoint 37Â°C | CT36: Set Temperature | CU36: Setpoint 37Â°C | DJ36: Set Temperature | DK36: Setpoint 37Â°C
C37: Preheat before moving to next step | S37: Preheat before moving to next step | AI37: Preheat before moving to next step | AY37: Fluorescence Endpoint | BO37: Preheat before moving to next step | CE37: Preheat before moving to next step | CU37: Preheat before moving to next step | DK37: Preheat before moving to next step
B38: Read | C38: Resazurin | R38: Read | S38: Resazurin | AH38: Read | AI38: Resazurin | AY38: Full Plate | BN38: Read | BO38: Resazurin | CD38: Read | CE38: Resazurin | CT38: Read | CU38: Resazurin | DJ38: Read | DK38: Resazurin
C39: Fluorescence Endpoint | S39: Fluorescence Endpoint | AI39: Fluorescence Endpoint | AY39: Filter Set 1 | BO39: Fluorescence Endpoint | CE39: Fluorescence Endpoint | CU39: Fluorescence Endpoint | DK39: Fluorescence Endpoint
C40: Full Plate | S40: Full Plate | AI40: Full Plate | AY40: Excitation: 554, Emission: 593 | BO40: Full Plate | CE40: Full Plate | CU40: Full Plate | DK40: Full Plate
C41: Filter Set 1 | S41: Filter Set 1 | AI41: Filter Set 1 | AY41: Optics: Bottom, Gain: 100 | BO41: Filter Set 1 | CE41: Filter Set 1 | CU41: Filter Set 1 | DK41: Filter Set 1
C42: Excitation: 554, Emission: 593 | S42: Excitation: 554, Emission: 593 | AI42: Excitation: 554, Emission: 593 | AY42: Light Source: Xenon Flash, Lamp Energy: High | BO42: Excitation: 554, Emission: 593 | CE42: Excitation: 554, Emission: 593 | CU42: Excitation: 554, Emission: 593 | DK42: Excitation: 554, Emission: 593
C43: Optics: Bottom, Gain: 100 | S43: Optics: Bottom, Gain: 100 | AI43: Optics: Bottom, Gain: 100 | AY43: Read Speed: Normal, Delay: 100 msec, Measurements/Data Point: 10 | BO43: Optics: Bottom, Gain: 100 | CE43: Optics: Bottom, Gain: 100 | CU43: Optics: Bottom, Gain: 100 | DK43: Optics: Bottom, Gain: 100
C44: Light Source: Xenon Flash, Lamp Energy: High | S44: Light Source: Xenon Flash, Lamp Energy: High | AI44: Light Source: Xenon Flash, Lamp Energy: High | AY44: Read Height: 7 mm | BO44: Light Source: Xenon Flash, Lamp Energy: High | CE44: Light Source: Xenon Flash, Lamp Energy: High | CU44: Light Source: Xenon Flash, Lamp Energy: High | DK44: Light Source: Xenon Flash, Lamp Energy: High
C45: Read Speed: Normal, Delay: 100 msec, Measurements/Data Point: 10 | S45: Read Speed: Normal, Delay: 100 msec, Measurements/Data Point: 10 | AI45: Read Speed: Normal, Delay: 100 msec, Measurements/Data Point: 10 | BO45: Read Speed: Normal, Delay: 100 msec, Measurements/Data Point: 10 | CE45: Read Speed: Normal, Delay: 100 msec, Measurements/Data Point: 10 | CU45: Read Speed: Normal, Delay: 100 msec, Measurements/Data Point: 10 | DK45: Read Speed: Normal, Delay: 100 msec, Measurements/Data Point: 10
C46: Read Height: 7 mm | S46: Read Height: 7 mm | AI46: Read Height: 7 mm | BO46: Read Height: 7 mm | CE46: Read Height: 7 mm | CU46: Read Height: 7 mm | DK46: Read Height: 7 mm
B48: Resazurin:554,593 | R48: Resazurin:554,593 | AH48: Resazurin:554,593 | AX48: Resazurin:554,593 | BN48: Resazurin:554,593 | CD48: Resazurin:554,593 | CT48: Resazurin:554,593 | DJ48: Resazurin:554,593
B49: Actual Temperature: | C49: 37 | R49: Actual Temperature: | S49: 37 | AH49: Actual Temperature: | AI49: 37 | AX49: Actual Temperature: | AY49: 37 | BN49: Actual Temperature: | BO49: 37 | CD49: Actual Temperature: | CE49: 37 | CT49: Actual Temperature: | CU49: 37 | DJ49: Actual Temperature: | DK49: 37
D51: 1 | E51: 2 | F51: 3 | G51: 4 | H51: 5 | I51: 6 | J51: 7 | K51: 8 | L51: 9 | M51: 10 | N51: 11 | O51: 12 | T51: 1 | U51: 2 | V51: 3 | W51: 4 | X51: 5 | Y51: 6 | Z51: 7 | AA51: 8 | AB51: 9 | AC51: 10 | AD51: 11 | AE51: 12 | AJ51: 1 | AK51: 2 | AL51: 3 | AM51: 4 | AN51: 5 | AO51: 6 | AP51: 7 | AQ51: 8 | AR51: 9 | AS51: 10 | AT51: 11 | AU51: 12 | AZ51: 1 | BA51: 2 | BB51: 3 | BC51: 4 | BD51: 5 | BE51: 6 | BF51: 7 | BG51: 8 | BH51: 9 | BI51: 10 | BJ51: 11 | BK51: 12 | BP51: 1 | BQ51: 2 | BR51: 3 | BS51: 4 | BT51: 5 | BU51: 6 | BV51: 7 | BW51: 8 | BX51: 9 | BY51: 10 | BZ51: 11 | CA51: 12 | CF51: 1 | CG51: 2 | CH51: 3 | CI51: 4 | CJ51: 5 | CK51: 6 | CL51: 7 | CM51: 8 | CN51: 9 | CO51: 10 | CP51: 11 | CQ51: 12 | CV51: 1 | CW51: 2 | CX51: 3 | CY51: 4 | CZ51: 5 | DA51: 6 | DB51: 7 | DC51: 8 | DD51: 9 | DE51: 10 | DF51: 11 | DG51: 12 | DL51: 1 | DM51: 2 | DN51: 3 | DO51: 4 | DP51: 5 | DQ51: 6 | DR51: 7 | DS51: 8 | DT51: 9 | DU51: 10 | DV51: 11 | DW51: 12
C52: A | P52: Resazurin:554,593 | S52: A | AF52: Resazurin:554,593 | AI52: A | AV52: Resazurin:554,593 | AY52: A | BL52: Resazurin:554,593 | BO52: A | CB52: Resazurin:554,593 | CE52: A | CR52: Resazurin:554,593 | CU52: A | DH52: Resazurin:554,593 | DK52: A | DX52: Resazurin:554,593
C53: B | E53: 19217 | F53: 787267 | G53: 30970 | H53: 32500 | I53: 30442 | J53: 32811 | K53: 33144 | L53: 31114 | M53: 31722 | N53: 32148 | P53: Resazurin:554,593 | S53: B | U53: 19315 | V53: 783309 | W53: 32720 | X53: 32247 | Y53: 31474 | Z53: 32529 | AA53: 33277 | AB53: 32401 | AC53: 31482 | AD53: 33103 | AF53: Resazurin:554,593 | AI53: B | AK53: 22164 | AL53: 815236 | AM53: 71383 | AN53: 82045 | AO53: 73271 | AP53: 78773 | AQ53: 76085 | AR53: 71852 | AS53: 75188 | AT53: 84009 | AV53: Resazurin:554,593 | AY53: B | BA53: 21029 | BB53: 809588 | BC53: 47996 | BD53: 47715 | BE53: 45887 | BF53: 47154 | BG53: 51877 | BH53: 50952 | BI53: 58405 | BJ53: 60280 | BL53: Resazurin:554,593 | BO53: B | BQ53: 23395 | BR53: 820171 | BS53: 255508 | BT53: 284896 | BU53: 308359 | BV53: 302295 | BW53: 329746 | BX53: 332310 | BY53: 384465 | BZ53: 354268 | CB53: Resazurin:554,593 | CE53: B | CG53: 23388 | CH53: 826768 | CI53: 36524 | CJ53: 32722 | CK53: 35200 | CL53: 32689 | CM53: 35951 | CN53: 37847 | CO53: 44234 | CP53: 52759 | CR53: Resazurin:554,593 | CU53: B | CW53: 23424 | CX53: 820772 | CY53: 498362 | CZ53: 550794 | DA53: 493010 | DB53: 563625 | DC53: 493281 | DD53: 486172 | DE53: 522800 | DF53: 597390 | DH53: Resazurin:554,593 | DK53: B | DM53: 25806 | DN53: 809520 | DO53: 25021 | DP53: 24684 | DQ53: 25512 | DR53: 24752 | DS53: 25824 | DT53: 26504 | DU53: 27544 | DV53: 29047 | DX53: Resazurin:554,593
C54: C | E54: 19098 | F54: 787025 | G54: 32792 | H54: 32567 | I54: 32925 | J54: 33886 | K54: 31971 | L54: 33024 | M54: 31950 | N54: 35128 | P54: Resazurin:554,593 | S54: C | U54: 19220 | V54: 783131 | W54: 37832 | X54: 35887 | Y54: 37397 | Z54: 40666 | AA54: 36843 | AB54: 36235 | AC54: 34972 | AD54: 31307 | AF54: Resazurin:554,593 | AI54: C | AK54: 22412 | AL54: 814575 | AM54: 66732 | AN54: 62610 | AO54: 64065 | AP54: 65509 | AQ54: 62207 | AR54: 66927 | AS54: 84952 | AT54: 82638 | AV54: Resazurin:554,593 | AY54: C | BA54: 21349 | BB54: 810976 | BC54: 54104 | BD54: 40141 | BE54: 54007 | BF54: 49343 | BG54: 44242 | BH54: 55536 | BI54: 62474 | BJ54: 54413 | BL54: Resazurin:554,593 | BO54: C | BQ54: 23440 | BR54: 828516 | BS54: 189211 | BT54: 204772 | BU54: 164318 | BV54: 229227 | BW54: 220562 | BX54: 237408 | BY54: 227604 | BZ54: 256275 | CB54: Resazurin:554,593 | CE54: C | CG54: 23815 | CH54: 824024 | CI54: 38508 | CJ54: 38343 | CK54: 38344 | CL54: 40399 | CM54: 38103 | CN54: 39505 | CO54: 42204 | CP54: 33940 | CR54: Resazurin:554,593 | CU54: C | CW54: 23765 | CX54: 828066 | CY54: 372019 | CZ54: 371440 | DA54: 354358 | DB54: 350050 | DC54: 397575 | DD54: 391110 | DE54: 426284 | DF54: 421783 | DH54: Resazurin:554,593 | DK54: C | DM54: 24824 | DN54: 807175 | DO54: 25058 | DP54: 24228 | DQ54: 24468 | DR54: 23804 | DS54: 24406 | DT54: 23854 | DU54: 25134 | DV54: 24828 | DX54: Resazurin:554,593
C55: D | E55: 18862 | F55: 787694 | G55: 34788 | H55: 34130 | I55: 34877 | J55: 34443 | K55: 37393 | L55: 33376 | M55: 32598 | N55: 32497 | P55: Resazurin:554,593 | S55: D | U55: 19179 | V55: 791986 | W55: 38224 | X55: 35238 | Y55: 40236 | Z55: 39329 | AA55: 37389 | AB55: 39354 | AC55: 36116 | AD55: 32814 | AF55: Resazurin:554,593 | AI55: D | AK55: 22214 | AL55: 814577 | AM55: 63140 | AN55: 58970 | AO55: 68907 | AP55: 67029 | AQ55: 72095 | AR55: 70016 | AS55: 90895 | AT55: 78237 | AV55: Resazurin:554,593 | AY55: D | BA55: 20626 | BB55: 817425 | BC55: 49017 | BD55: 54564 | BE55: 55153 | BF55: 52998 | BG55: 52152 | BH55: 55003 | BI55: 53547 | BJ55: 48641 | BL55: Resazurin:554,593 | BO55: D | BQ55: 22869 | BR55: 827760 | BS55: 156468 | BT55: 150308 | BU55: 187648 | BV55: 160396 | BW55: 162703 | BX55: 156743 | BY55: 162776 | BZ55: 153095 | CB55: Resazurin:554,593 | CE55: D | CG55: 23439 | CH55: 827989 | CI55: 37148 | CJ55: 34869 | CK55: 33970 | CL55: 33486 | CM55: 35540 | CN55: 35215 | CO55: 39643 | CP55: 43795 | CR55: Resazurin:554,593 | CU55: D | CW55: 22614 | CX55: 830002 | CY55: 278839 | CZ55: 255105 | DA55: 272397 | DB55: 301669 | DC55: 260473 | DD55: 326158 | DE55: 229858 | DF55: 252743 | DH55: Resazurin:554,593 | DK55: D | DM55: 24228 | DN55: 814496 | DO55: 23814 | DP55: 24185 | DQ55: 24268 | DR55: 24171 | DS55: 24378 | DT55: 24398 | DU55: 24622 | DV55: 24377 | DX55: Resazurin:554,593
C56: E | E56: 18921 | F56: 786825 | G56: 34208 | H56: 32240 | I56: 32116 | J56: 31754 | K56: 34470 | L56: 33298 | M56: 32651 | N56: 34734 | P56: Resazurin:554,593 | S56: E | U56: 19021 | V56: 788270 | W56: 39315 | X56: 37211 | Y56: 36092 | Z56: 37211 | AA56: 40694 | AB56: 38934 | AC56: 35399 | AD56: 34506 | AF56: Resazurin:554,593 | AI56: E | AK56: 22222 | AL56: 813941 | AM56: 58544 | AN56: 56840 | AO56: 56286 | AP56: 59219 | AQ56: 55371 | AR56: 58511 | AS56: 58844 | AT56: 79358 | AV56: Resazurin:554,593 | AY56: E | BA56: 21576 | BB56: 815042 | BC56: 46608 | BD56: 43349 | BE56: 43211 | BF56: 40611 | BG56: 44472 | BH56: 46181 | BI56: 40580 | BJ56: 46536 | BL56: Resazurin:554,593 | BO56: E | BQ56: 23229 | BR56: 831213 | BS56: 74904 | BT56: 95881 | BU56: 109088 | BV56: 91105 | BW56: 91995 | BX56: 90229 | BY56: 80709 | BZ56: 95543 | CB56: Resazurin:554,593 | CE56: E | CG56: 23468 | CH56: 830082 | CI56: 34851 | CJ56: 32929 | CK56: 34888 | CL56: 31951 | CM56: 32312 | CN56: 32254 | CO56: 31835 | CP56: 39535 | CR56: Resazurin:554,593 | CU56: E | CW56: 24023 | CX56: 833574 | CY56: 99963 | CZ56: 89943 | DA56: 98397 | DB56: 85266 | DC56: 85902 | DD56: 101082 | DE56: 88053 | DF56: 120320 | DH56: Resazurin:554,593 | DK56: E | DM56: 24488 | DN56: 812977 | DO56: 24526 | DP56: 24308 | DQ56: 24284 | DR56: 24592 | DS56: 23978 | DT56: 24221 | DU56: 24317 | DV56: 24888 | DX56: Resazurin:554,593
C57: F | E57: 18846 | F57: 786624 | G57: 31129 | H57: 30435 | I57: 30795 | J57: 32082 | K57: 32295 | L57: 33119 | M57: 34409 | N57: 35347 | P57: Resazurin:554,593 | S57: F | U57: 19167 | V57: 786344 | W57: 37513 | X57: 33772 | Y57: 35302 | Z57: 35068 | AA57: 36179 | AB57: 36954 | AC57: 37225 | AD57: 33485 | AF57: Resazurin:554,593 | AI57: F | AK57: 22613 | AL57: 813752 | AM57: 51010 | AN57: 44042 | AO57: 51194 | AP57: 56900 | AQ57: 53103 | AR57: 60608 | AS57: 63856 | AT57: 76151 | AV57: Resazurin:554,593 | AY57: F | BA57: 22409 | BB57: 813369 | BC57: 37644 | BD57: 36869 | BE57: 40987 | BF57: 38970 | BG57: 39980 | BH57: 43283 | BI57: 43756 | BJ57: 46903 | BL57: Resazurin:554,593 | BO57: F | BQ57: 23565 | BR57: 819642 | BS57: 48897 | BT57: 46845 | BU57: 43350 | BV57: 49746 | BW57: 51693 | BX57: 57691 | BY57: 57918 | BZ57: 61338 | CB57: Resazurin:554,593 | CE57: F | CG57: 23810 | CH57: 828513 | CI57: 32201 | CJ57: 30924 | CK57: 32955 | CL57: 30886 | CM57: 30460 | CN57: 33967 | CO57: 31616 | CP57: 37663 | CR57: Resazurin:554,593 | CU57: F | CW57: 24032 | CX57: 824458 | CY57: 33674 | CZ57: 34969 | DA57: 34471 | DB57: 35559 | DC57: 33879 | DD57: 36072 | DE57: 37656 | DF57: 46514 | DH57: Resazurin:554,593 | DK57: F | DM57: 24415 | DN57: 815465 | DO57: 24185 | DP57: 24245 | DQ57: 24792 | DR57: 24325 | DS57: 24864 | DT57: 25117 | DU57: 24329 | DV57: 25355 | DX57: Resazurin:554,593
C58: G | E58: 19072 | F58: 795097 | G58: 30495 | H58: 32275 | I58: 30861 | J58: 32152 | K58: 31033 | L58: 32497 | M58: 34986 | N58: 33553 | P58: Resazurin:554,593 | S58: G | U58: 19277 | V58: 790328 | W58: 33680 | X58: 31757 | Y58: 31938 | Z58: 33661 | AA58: 33959 | AB58: 32984 | AC58: 32746 | AD58: 33231 | AF58: Resazurin:554,593 | AI58: G | AK58: 23169 | AL58: 817757 | AM58: 42981 | AN58: 68074 | AO58: 46832 | AP58: 56279 | AQ58: 45387 | AR58: 53353 | AS58: 56467 | AT58: 53456 | AV58: Resazurin:554,593 | AY58: G | BA58: 22860 | BB58: 810454 | BC58: 44244 | BD58: 46795 | BE58: 40907 | BF58: 46033 | BG58: 43341 | BH58: 40111 | BI58: 42550 | BJ58: 50535 | BL58: Resazurin:554,593 | BO58: G | BQ58: 478282 | BR58: 824079 | BS58: 34721 | BT58: 45351 | BU58: 42723 | BV58: 42993 | BW58: 36356 | BX58: 47514 | BY58: 52569 | BZ58: 43128 | CB58: Resazurin:554,593 | CE58: G | CG58: 23897 | CH58: 833435 | CI58: 30144 | CJ58: 31263 | CK58: 33371 | CL58: 35479 | CM58: 33237 | CN58: 33191 | CO58: 34925 | CP58: 36714 | CR58: Resazurin:554,593 | CU58: G | CW58: 74 | CX58: 823558 | CY58: 26479 | CZ58: 27031 | DA58: 26679 | DB58: 28300 | DC58: 27183 | DD58: 28540 | DE58: 30277 | DF58: 31593 | DH58: Resazurin:554,593 | DK58: G | DM58: 24194 | DN58: 810755 | DO58: 25420 | DP58: 25817 | DQ58: 25547 | DR58: 25981 | DS58: 25870 | DT58: 25888 | DU58: 26448 | DV58: 26613 | DX58: Resazurin:554,593
C59: H | P59: Resazurin:554,593 | S59: H | AF59: Resazurin:554,593 | AI59: H | AV59: Resazurin:554,593 | AY59: H | BL59: Resazurin:554,593 | BO59: H | CB59: Resazurin:554,593 | CE59: H | CR59: Resazurin:554,593 | CU59: H | DH59: Resazurin:554,593 | DK59: H | DX59: Resazurin:554,593
B61: Blank Resazurin:554,593 | R61: Blank Resazurin:554,593 | AH61: Blank Resazurin:554,593 | AX61: Blank Resazurin:554,593 | BN61: Blank Resazurin:554,593 | CD61: Blank Resazurin:554,593 | CT61: Blank Resazurin:554,593 | DJ61: Blank Resazurin:554,593
D63: 1 | E63: 2 | F63: 3 | G63: 4 | H63: 5 | I63: 6 | J63: 7 | K63: 8 | L63: 9 | M63: 10 | N63: 11 | O63: 12 | T63: 1 | U63: 2 | V63: 3 | W63: 4 | X63: 5 | Y63: 6 | Z63: 7 | AA63: 8 | AB63: 9 | AC63: 10 | AD63: 11 | AE63: 12 | AJ63: 1 | AK63: 2 | AL63: 3 | AM63: 4 | AN63: 5 | AO63: 6 | AP63: 7 | AQ63: 8 | AR63: 9 | AS63: 10 | AT63: 11 | AU63: 12 | AZ63: 1 | BA63: 2 | BB63: 3 | BC63: 4 | BD63: 5 | BE63: 6 | BF63: 7 | BG63: 8 | BH63: 9 | BI63: 10 | BJ63: 11 | BK63: 12 | BP63: 1 | BQ63: 2 | BR63: 3 | BS63: 4 | BT63: 5 | BU63: 6 | BV63: 7 | BW63: 8 | BX63: 9 | BY63: 10 | BZ63: 11 | CA63: 12 | CF63: 1 | CG63: 2 | CH63: 3 | CI63: 4 | CJ63: 5 | CK63: 6 | CL63: 7 | CM63: 8 | CN63: 9 | CO63: 10 | CP63: 11 | CQ63: 12 | CV63: 1 | CW63: 2 | CX63: 3 | CY63: 4 | CZ63: 5 | DA63: 6 | DB63: 7 | DC63: 8 | DD63: 9 | DE63: 10 | DF63: 11 | DG63: 12 | DL63: 1 | DM63: 2 | DN63: 3 | DO63: 4 | DP63: 5 | DQ63: 6 | DR63: 7 | DS63: 8 | DT63: 9 | DU63: 10 | DV63: 11 | DW63: 12
C64: A | P64: Blank Resazurin:554,593 | S64: A | AF64: Blank Resazurin:554,593 | AI64: A | AV64: Blank Resazurin:554,593 | AY64: A | BL64: Blank Resazurin:554,593 | BO64: A | CB64: Blank Resazurin:554,593 | CE64: A | CR64: Blank Resazurin:554,593 | CU64: A | DH64: Blank Resazurin:554,593 | DK64: A | DX64: Blank Resazurin:554,593
C65: B | E65: =E53-ROUND(AVERAGE($E$53:$E$58),0) -> 214 | F65: =F53-ROUND(AVERAGE($E$53:$E$58),0) -> 768264 | G65: =G53-ROUND(AVERAGE($E$53:$E$58),0) -> 11967 | H65: =H53-ROUND(AVERAGE($E$53:$E$58),0) -> 13497 | I65: =I53-ROUND(AVERAGE($E$53:$E$58),0) -> 11439 | J65: =J53-ROUND(AVERAGE($E$53:$E$58),0) -> 13808 | K65: =K53-ROUND(AVERAGE($E$53:$E$58),0) -> 14141 | L65: =L53-ROUND(AVERAGE($E$53:$E$58),0) -> 12111 | ... N65: =N53-ROUND(AVERAGE($E$53:$E$58),0) -> 13145 | P65: Blank Resazurin:554,593 | S65: B | U65: =U53-ROUND(AVERAGE($U$53:$U$58),0) -> 118 | V65: =V53-ROUND(AVERAGE($U$53:$U$58),0) -> 764112 | W65: =W53-ROUND(AVERAGE($U$53:$U$58),0) -> 13523 | X65: =X53-ROUND(AVERAGE($U$53:$U$58),0) -> 13050 | Y65: =Y53-ROUND(AVERAGE($U$53:$U$58),0) -> 12277 | Z65: =Z53-ROUND(AVERAGE($U$53:$U$58),0) -> 13332 | AA65: =AA53-ROUND(AVERAGE($U$53:$U$58),0) -> 14080 | AB65: =AB53-ROUND(AVERAGE($U$53:$U$58),0) -> 13204 | ... AD65: =AD53-ROUND(AVERAGE($U$53:$U$58),0) -> 13906 | AF65: Blank Resazurin:554,593 | AI65: B | AK65: =AK53-ROUND(AVERAGE($AK$53:$AK$58),0) -> -302 | AL65: =AL53-ROUND(AVERAGE($AK$53:$AK$58),0) -> 792770 | AM65: =AM53-ROUND(AVERAGE($AK$53:$AK$58),0) -> 48917 | AN65: =AN53-ROUND(AVERAGE($AK$53:$AK$58),0) -> 59579 | AO65: =AO53-ROUND(AVERAGE($AK$53:$AK$58),0) -> 50805 | AP65: =AP53-ROUND(AVERAGE($AK$53:$AK$58),0) -> 56307 | AQ65: =AQ53-ROUND(AVERAGE($AK$53:$AK$58),0) -> 53619 | AR65: =AR53-ROUND(AVERAGE($AK$53:$AK$58),0) -> 49386 | ... AT65: =AT53-ROUND(AVERAGE($AK$53:$AK$58),0) -> 61543 | AV65: Blank Resazurin:554,593 | AY65: B | BA65: =BA53-ROUND(AVERAGE($BA$53:$BA$58),0) -> -613 | BB65: =BB53-ROUND(AVERAGE($BA$53:$BA$58),0) -> 787946 | BC65: =BC53-ROUND(AVERAGE($BA$53:$BA$58),0) -> 26354 | BD65: =BD53-ROUND(AVERAGE($BA$53:$BA$58),0) -> 26073 | BE65: =BE53-ROUND(AVERAGE($BA$53:$BA$58),0) -> 24245 | BF65: =BF53-ROUND(AVERAGE($BA$53:$BA$58),0) -> 25512 | BG65: =BG53-ROUND(AVERAGE($BA$53:$BA$58),0) -> 30235 | BH65: =BH53-ROUND(AVERAGE($BA$53:$BA$58),0) -> 29310 | ... BJ65: =BJ53-ROUND(AVERAGE($BA$53:$BA$58),0) -> 38638 | BL65: Blank Resazurin:554,593 | BO65: B | BQ65: =BQ53-ROUND(AVERAGE($BQ$53:$BQ$57),0) -> 95 | BR65: =BR53-ROUND(AVERAGE($BQ$53:$BQ$57),0) -> 796871 | BS65: =BS53-ROUND(AVERAGE($BQ$53:$BQ$57),0) -> 232208 | BT65: =BT53-ROUND(AVERAGE($BQ$53:$BQ$57),0) -> 261596 | BU65: =BU53-ROUND(AVERAGE($BQ$53:$BQ$57),0) -> 285059 | BV65: =BV53-ROUND(AVERAGE($BQ$53:$BQ$57),0) -> 278995 | BW65: =BW53-ROUND(AVERAGE($BQ$53:$BQ$57),0) -> 306446 | BX65: =BX53-ROUND(AVERAGE($BQ$53:$BQ$57),0) -> 309010 | ... BZ65: =BZ53-ROUND(AVERAGE($BQ$53:$BQ$57),0) -> 330968 | CB65: Blank Resazurin:554,593 | CE65: B | CG65: =CG53-ROUND(AVERAGE($CG$53:$CG$58),0) -> -248 | CH65: =CH53-ROUND(AVERAGE($CG$53:$CG$58),0) -> 803132 | CI65: =CI53-ROUND(AVERAGE($CG$53:$CG$58),0) -> 12888 | CJ65: =CJ53-ROUND(AVERAGE($CG$53:$CG$58),0) -> 9086 | CK65: =CK53-ROUND(AVERAGE($CG$53:$CG$58),0) -> 11564 | CL65: =CL53-ROUND(AVERAGE($CG$53:$CG$58),0) -> 9053 | CM65: =CM53-ROUND(AVERAGE($CG$53:$CG$58),0) -> 12315 | CN65: =CN53-ROUND(AVERAGE($CG$53:$CG$58),0) -> 14211 | ... CP65: =CP53-ROUND(AVERAGE($CG$53:$CG$58),0) -> 29123 | CR65: Blank Resazurin:554,593 | CU65: B | CW65: =CW53-ROUND(AVERAGE($CW$53:$CW$57),0) -> -148 | CX65: =CX53-ROUND(AVERAGE($CW$53:$CW$57),0) -> 797200 | CY65: =CY53-ROUND(AVERAGE($CW$53:$CW$57),0) -> 474790 | CZ65: =CZ53-ROUND(AVERAGE($CW$53:$CW$57),0) -> 527222 | DA65: =DA53-ROUND(AVERAGE($CW$53:$CW$57),0) -> 469438 | DB65: =DB53-ROUND(AVERAGE($CW$53:$CW$57),0) -> 540053 | DC65: =DC53-ROUND(AVERAGE($CW$53:$CW$57),0) -> 469709 | DD65: =DD53-ROUND(AVERAGE($CW$53:$CW$57),0) -> 462600 | ... DF65: =DF53-ROUND(AVERAGE($CW$53:$CW$57),0) -> 573818 | DH65: Blank Resazurin:554,593 | DK65: B | DM65: =DM53-ROUND(AVERAGE($DM$53:$DM$58),0) -> 1147 | DN65: =DN53-ROUND(AVERAGE($DM$53:$DM$58),0) -> 784861 | DO65: =DO53-ROUND(AVERAGE($DM$53:$DM$58),0) -> 362 | DP65: =DP53-ROUND(AVERAGE($DM$53:$DM$58),0) -> 25 | DQ65: =DQ53-ROUND(AVERAGE($DM$53:$DM$58),0) -> 853 | DR65: =DR53-ROUND(AVERAGE($DM$53:$DM$58),0) -> 93 | DS65: =DS53-ROUND(AVERAGE($DM$53:$DM$58),0) -> 1165 | DT65: =DT53-ROUND(AVERAGE($DM$53:$DM$58),0) -> 1845 | ... DV65: =DV53-ROUND(AVERAGE($DM$53:$DM$58),0) -> 4388 | DX65: Blank Resazurin:554,593
C66: C | E66: =E54-ROUND(AVERAGE($E$53:$E$58),0) -> 95 | F66: =F54-ROUND(AVERAGE($E$53:$E$58),0) -> 768022 | G66: =G54-ROUND(AVERAGE($E$53:$E$58),0) -> 13789 | H66: =H54-ROUND(AVERAGE($E$53:$E$58),0) -> 13564 | I66: =I54-ROUND(AVERAGE($E$53:$E$58),0) -> 13922 | J66: =J54-ROUND(AVERAGE($E$53:$E$58),0) -> 14883 | K66: =K54-ROUND(AVERAGE($E$53:$E$58),0) -> 12968 | L66: =L54-ROUND(AVERAGE($E$53:$E$58),0) -> 14021 | ... N66: =N54-ROUND(AVERAGE($E$53:$E$58),0) -> 16125 | P66: Blank Resazurin:554,593 | S66: C | U66: =U54-ROUND(AVERAGE($U$53:$U$58),0) -> 23 | V66: =V54-ROUND(AVERAGE($U$53:$U$58),0) -> 763934 | W66: =W54-ROUND(AVERAGE($U$53:$U$58),0) -> 18635 | X66: =X54-ROUND(AVERAGE($U$53:$U$58),0) -> 16690 | Y66: =Y54-ROUND(AVERAGE($U$53:$U$58),0) -> 18200 | Z66: =Z54-ROUND(AVERAGE($U$53:$U$58),0) -> 21469 | AA66: =AA54-ROUND(AVERAGE($U$53:$U$58),0) -> 17646 | AB66: =AB54-ROUND(AVERAGE($U$53:$U$58),0) -> 17038 | ... AD66: =AD54-ROUND(AVERAGE($U$53:$U$58),0) -> 12110 | AF66: Blank Resazurin:554,593 | AI66: C | AK66: =AK54-ROUND(AVERAGE($AK$53:$AK$58),0) -> -54 | AL66: =AL54-ROUND(AVERAGE($AK$53:$AK$58),0) -> 792109 | AM66: =AM54-ROUND(AVERAGE($AK$53:$AK$58),0) -> 44266 | AN66: =AN54-ROUND(AVERAGE($AK$53:$AK$58),0) -> 40144 | AO66: =AO54-ROUND(AVERAGE($AK$53:$AK$58),0) -> 41599 | AP66: =AP54-ROUND(AVERAGE($AK$53:$AK$58),0) -> 43043 | AQ66: =AQ54-ROUND(AVERAGE($AK$53:$AK$58),0) -> 39741 | AR66: =AR54-ROUND(AVERAGE($AK$53:$AK$58),0) -> 44461 | ... AT66: =AT54-ROUND(AVERAGE($AK$53:$AK$58),0) -> 60172 | AV66: Blank Resazurin:554,593 | AY66: C | BA66: =BA54-ROUND(AVERAGE($BA$53:$BA$58),0) -> -293 | BB66: =BB54-ROUND(AVERAGE($BA$53:$BA$58),0) -> 789334 | BC66: =BC54-ROUND(AVERAGE($BA$53:$BA$58),0) -> 32462 | BD66: =BD54-ROUND(AVERAGE($BA$53:$BA$58),0) -> 18499 | BE66: =BE54-ROUND(AVERAGE($BA$53:$BA$58),0) -> 32365 | BF66: =BF54-ROUND(AVERAGE($BA$53:$BA$58),0) -> 27701 | BG66: =BG54-ROUND(AVERAGE($BA$53:$BA$58),0) -> 22600 | BH66: =BH54-ROUND(AVERAGE($BA$53:$BA$58),0) -> 33894 | ... BJ66: =BJ54-ROUND(AVERAGE($BA$53:$BA$58),0) -> 32771 | BL66: Blank Resazurin:554,593 | BO66: C | BQ66: =BQ54-ROUND(AVERAGE($BQ$53:$BQ$57),0) -> 140 | BR66: =BR54-ROUND(AVERAGE($BQ$53:$BQ$57),0) -> 805216 | BS66: =BS54-ROUND(AVERAGE($BQ$53:$BQ$57),0) -> 165911 | BT66: =BT54-ROUND(AVERAGE($BQ$53:$BQ$57),0) -> 181472 | BU66: =BU54-ROUND(AVERAGE($BQ$53:$BQ$57),0) -> 141018 | BV66: =BV54-ROUND(AVERAGE($BQ$53:$BQ$57),0) -> 205927 | BW66: =BW54-ROUND(AVERAGE($BQ$53:$BQ$57),0) -> 197262 | BX66: =BX54-ROUND(AVERAGE($BQ$53:$BQ$57),0) -> 214108 | ... BZ66: =BZ54-ROUND(AVERAGE($BQ$53:$BQ$57),0) -> 232975 | CB66: Blank Resazurin:554,593 | CE66: C | CG66: =CG54-ROUND(AVERAGE($CG$53:$CG$58),0) -> 179 | CH66: =CH54-ROUND(AVERAGE($CG$53:$CG$58),0) -> 800388 | CI66: =CI54-ROUND(AVERAGE($CG$53:$CG$58),0) -> 14872 | CJ66: =CJ54-ROUND(AVERAGE($CG$53:$CG$58),0) -> 14707 | CK66: =CK54-ROUND(AVERAGE($CG$53:$CG$58),0) -> 14708 | CL66: =CL54-ROUND(AVERAGE($CG$53:$CG$58),0) -> 16763 | CM66: =CM54-ROUND(AVERAGE($CG$53:$CG$58),0) -> 14467 | CN66: =CN54-ROUND(AVERAGE($CG$53:$CG$58),0) -> 15869 | ... CP66: =CP54-ROUND(AVERAGE($CG$53:$CG$58),0) -> 10304 | CR66: Blank Resazurin:554,593 | CU66: C | CW66: =CW54-ROUND(AVERAGE($CW$53:$CW$57),0) -> 193 | CX66: =CX54-ROUND(AVERAGE($CW$53:$CW$57),0) -> 804494 | CY66: =CY54-ROUND(AVERAGE($CW$53:$CW$57),0) -> 348447 | CZ66: =CZ54-ROUND(AVERAGE($CW$53:$CW$57),0) -> 347868 | DA66: =DA54-ROUND(AVERAGE($CW$53:$CW$57),0) -> 330786 | DB66: =DB54-ROUND(AVERAGE($CW$53:$CW$57),0) -> 326478 | DC66: =DC54-ROUND(AVERAGE($CW$53:$CW$57),0) -> 374003 | DD66: =DD54-ROUND(AVERAGE($CW$53:$CW$57),0) -> 367538 | ... DF66: =DF54-ROUND(AVERAGE($CW$53:$CW$57),0) -> 398211 | DH66: Blank Resazurin:554,593 | DK66: C | DM66: =DM54-ROUND(AVERAGE($DM$53:$DM$58),0) -> 165 | DN66: =DN54-ROUND(AVERAGE($DM$53:$DM$58),0) -> 782516 | DO66: =DO54-ROUND(AVERAGE($DM$53:$DM$58),0) -> 399 | DP66: =DP54-ROUND(AVERAGE($DM$53:$DM$58),0) -> -431 | DQ66: =DQ54-ROUND(AVERAGE($DM$53:$DM$58),0) -> -191 | DR66: =DR54-ROUND(AVERAGE($DM$53:$DM$58),0) -> -855 | DS66: =DS54-ROUND(AVERAGE($DM$53:$DM$58),0) -> -253 | DT66: =DT54-ROUND(AVERAGE($DM$53:$DM$58),0) -> -805 | ... DV66: =DV54-ROUND(AVERAGE($DM$53:$DM$58),0) -> 169 | DX66: Blank Resazurin:554,593
C67: D | E67: =E55-ROUND(AVERAGE($E$53:$E$58),0) -> -141 | F67: =F55-ROUND(AVERAGE($E$53:$E$58),0) -> 768691 | G67: =G55-ROUND(AVERAGE($E$53:$E$58),0) -> 15785 | H67: =H55-ROUND(AVERAGE($E$53:$E$58),0) -> 15127 | I67: =I55-ROUND(AVERAGE($E$53:$E$58),0) -> 15874 | J67: =J55-ROUND(AVERAGE($E$53:$E$58),0) -> 15440 | K67: =K55-ROUND(AVERAGE($E$53:$E$58),0) -> 18390 | L67: =L55-ROUND(AVERAGE($E$53:$E$58),0) -> 14373 | ... N67: =N55-ROUND(AVERAGE($E$53:$E$58),0) -> 13494 | P67: Blank Resazurin:554,593 | S67: D | U67: =U55-ROUND(AVERAGE($U$53:$U$58),0) -> -18 | V67: =V55-ROUND(AVERAGE($U$53:$U$58),0) -> 772789 | W67: =W55-ROUND(AVERAGE($U$53:$U$58),0) -> 19027 | X67: =X55-ROUND(AVERAGE($U$53:$U$58),0) -> 16041 | Y67: =Y55-ROUND(AVERAGE($U$53:$U$58),0) -> 21039 | Z67: =Z55-ROUND(AVERAGE($U$53:$U$58),0) -> 20132 | AA67: =AA55-ROUND(AVERAGE($U$53:$U$58),0) -> 18192 | AB67: =AB55-ROUND(AVERAGE($U$53:$U$58),0) -> 20157 | ... AD67: =AD55-ROUND(AVERAGE($U$53:$U$58),0) -> 13617 | AF67: Blank Resazurin:554,593 | AI67: D | AK67: =AK55-ROUND(AVERAGE($AK$53:$AK$58),0) -> -252 | AL67: =AL55-ROUND(AVERAGE($AK$53:$AK$58),0) -> 792111 | AM67: =AM55-ROUND(AVERAGE($AK$53:$AK$58),0) -> 40674 | AN67: =AN55-ROUND(AVERAGE($AK$53:$AK$58),0) -> 36504 | AO67: =AO55-ROUND(AVERAGE($AK$53:$AK$58),0) -> 46441 | AP67: =AP55-ROUND(AVERAGE($AK$53:$AK$58),0) -> 44563 | AQ67: =AQ55-ROUND(AVERAGE($AK$53:$AK$58),0) -> 49629 | AR67: =AR55-ROUND(AVERAGE($AK$53:$AK$58),0) -> 47550 | ... AT67: =AT55-ROUND(AVERAGE($AK$53:$AK$58),0) -> 55771 | AV67: Blank Resazurin:554,593 | AY67: D | BA67: =BA55-ROUND(AVERAGE($BA$53:$BA$58),0) -> -1016 | BB67: =BB55-ROUND(AVERAGE($BA$53:$BA$58),0) -> 795783 | BC67: =BC55-ROUND(AVERAGE($BA$53:$BA$58),0) -> 27375 | BD67: =BD55-ROUND(AVERAGE($BA$53:$BA$58),0) -> 32922 | BE67: =BE55-ROUND(AVERAGE($BA$53:$BA$58),0) -> 33511 | BF67: =BF55-ROUND(AVERAGE($BA$53:$BA$58),0) -> 31356 | BG67: =BG55-ROUND(AVERAGE($BA$53:$BA$58),0) -> 30510 | BH67: =BH55-ROUND(AVERAGE($BA$53:$BA$58),0) -> 33361 | ... BJ67: =BJ55-ROUND(AVERAGE($BA$53:$BA$58),0) -> 26999 | BL67: Blank Resazurin:554,593 | BO67: D | BQ67: =BQ55-ROUND(AVERAGE($BQ$53:$BQ$57),0) -> -431 | BR67: =BR55-ROUND(AVERAGE($BQ$53:$BQ$57),0) -> 804460 | BS67: =BS55-ROUND(AVERAGE($BQ$53:$BQ$57),0) -> 133168 | BT67: =BT55-ROUND(AVERAGE($BQ$53:$BQ$57),0) -> 127008 | BU67: =BU55-ROUND(AVERAGE($BQ$53:$BQ$57),0) -> 164348 | BV67: =BV55-ROUND(AVERAGE($BQ$53:$BQ$57),0) -> 137096 | BW67: =BW55-ROUND(AVERAGE($BQ$53:$BQ$57),0) -> 139403 | BX67: =BX55-ROUND(AVERAGE($BQ$53:$BQ$57),0) -> 133443 | ... BZ67: =BZ55-ROUND(AVERAGE($BQ$53:$BQ$57),0) -> 129795 | CB67: Blank Resazurin:554,593 | CE67: D | CG67: =CG55-ROUND(AVERAGE($CG$53:$CG$58),0) -> -197 | CH67: =CH55-ROUND(AVERAGE($CG$53:$CG$58),0) -> 804353 | CI67: =CI55-ROUND(AVERAGE($CG$53:$CG$58),0) -> 13512 | CJ67: =CJ55-ROUND(AVERAGE($CG$53:$CG$58),0) -> 11233 | CK67: =CK55-ROUND(AVERAGE($CG$53:$CG$58),0) -> 10334 | CL67: =CL55-ROUND(AVERAGE($CG$53:$CG$58),0) -> 9850 | CM67: =CM55-ROUND(AVERAGE($CG$53:$CG$58),0) -> 11904 | CN67: =CN55-ROUND(AVERAGE($CG$53:$CG$58),0) -> 11579 | ... CP67: =CP55-ROUND(AVERAGE($CG$53:$CG$58),0) -> 20159 | CR67: Blank Resazurin:554,593 | CU67: D | CW67: =CW55-ROUND(AVERAGE($CW$53:$CW$57),0) -> -958 | CX67: =CX55-ROUND(AVERAGE($CW$53:$CW$57),0) -> 806430 | CY67: =CY55-ROUND(AVERAGE($CW$53:$CW$57),0) -> 255267 | CZ67: =CZ55-ROUND(AVERAGE($CW$53:$CW$57),0) -> 231533 | DA67: =DA55-ROUND(AVERAGE($CW$53:$CW$57),0) -> 248825 | DB67: =DB55-ROUND(AVERAGE($CW$53:$CW$57),0) -> 278097 | DC67: =DC55-ROUND(AVERAGE($CW$53:$CW$57),0) -> 236901 | DD67: =DD55-ROUND(AVERAGE($CW$53:$CW$57),0) -> 302586 | ... DF67: =DF55-ROUND(AVERAGE($CW$53:$CW$57),0) -> 229171 | DH67: Blank Resazurin:554,593 | DK67: D | DM67: =DM55-ROUND(AVERAGE($DM$53:$DM$58),0) -> -431 | DN67: =DN55-ROUND(AVERAGE($DM$53:$DM$58),0) -> 789837 | DO67: =DO55-ROUND(AVERAGE($DM$53:$DM$58),0) -> -845 | DP67: =DP55-ROUND(AVERAGE($DM$53:$DM$58),0) -> -474 | DQ67: =DQ55-ROUND(AVERAGE($DM$53:$DM$58),0) -> -391 | DR67: =DR55-ROUND(AVERAGE($DM$53:$DM$58),0) -> -488 | DS67: =DS55-ROUND(AVERAGE($DM$53:$DM$58),0) -> -281 | DT67: =DT55-ROUND(AVERAGE($DM$53:$DM$58),0) -> -261 | ... DV67: =DV55-ROUND(AVERAGE($DM$53:$DM$58),0) -> -282 | DX67: Blank Resazurin:554,593
C68: E | E68: =E56-ROUND(AVERAGE($E$53:$E$58),0) -> -82 | F68: =F56-ROUND(AVERAGE($E$53:$E$58),0) -> 767822 | G68: =G56-ROUND(AVERAGE($E$53:$E$58),0) -> 15205 | H68: =H56-ROUND(AVERAGE($E$53:$E$58),0) -> 13237 | I68: =I56-ROUND(AVERAGE($E$53:$E$58),0) -> 13113 | J68: =J56-ROUND(AVERAGE($E$53:$E$58),0) -> 12751 | K68: =K56-ROUND(AVERAGE($E$53:$E$58),0) -> 15467 | L68: =L56-ROUND(AVERAGE($E$53:$E$58),0) -> 14295 | ... N68: =N56-ROUND(AVERAGE($E$53:$E$58),0) -> 15731 | P68: Blank Resazurin:554,593 | S68: E | U68: =U56-ROUND(AVERAGE($U$53:$U$58),0) -> -176 | V68: =V56-ROUND(AVERAGE($U$53:$U$58),0) -> 769073 | W68: =W56-ROUND(AVERAGE($U$53:$U$58),0) -> 20118 | X68: =X56-ROUND(AVERAGE($U$53:$U$58),0) -> 18014 | Y68: =Y56-ROUND(AVERAGE($U$53:$U$58),0) -> 16895 | Z68: =Z56-ROUND(AVERAGE($U$53:$U$58),0) -> 18014 | AA68: =AA56-ROUND(AVERAGE($U$53:$U$58),0) -> 21497 | AB68: =AB56-ROUND(AVERAGE($U$53:$U$58),0) -> 19737 | ... AD68: =AD56-ROUND(AVERAGE($U$53:$U$58),0) -> 15309 | AF68: Blank Resazurin:554,593 | AI68: E | AK68: =AK56-ROUND(AVERAGE($AK$53:$AK$58),0) -> -244 | AL68: =AL56-ROUND(AVERAGE($AK$53:$AK$58),0) -> 791475 | AM68: =AM56-ROUND(AVERAGE($AK$53:$AK$58),0) -> 36078 | AN68: =AN56-ROUND(AVERAGE($AK$53:$AK$58),0) -> 34374 | AO68: =AO56-ROUND(AVERAGE($AK$53:$AK$58),0) -> 33820 | AP68: =AP56-ROUND(AVERAGE($AK$53:$AK$58),0) -> 36753 | AQ68: =AQ56-ROUND(AVERAGE($AK$53:$AK$58),0) -> 32905 | AR68: =AR56-ROUND(AVERAGE($AK$53:$AK$58),0) -> 36045 | ... AT68: =AT56-ROUND(AVERAGE($AK$53:$AK$58),0) -> 56892 | AV68: Blank Resazurin:554,593 | AY68: E | BA68: =BA56-ROUND(AVERAGE($BA$53:$BA$58),0) -> -66 | BB68: =BB56-ROUND(AVERAGE($BA$53:$BA$58),0) -> 793400 | BC68: =BC56-ROUND(AVERAGE($BA$53:$BA$58),0) -> 24966 | BD68: =BD56-ROUND(AVERAGE($BA$53:$BA$58),0) -> 21707 | BE68: =BE56-ROUND(AVERAGE($BA$53:$BA$58),0) -> 21569 | BF68: =BF56-ROUND(AVERAGE($BA$53:$BA$58),0) -> 18969 | BG68: =BG56-ROUND(AVERAGE($BA$53:$BA$58),0) -> 22830 | BH68: =BH56-ROUND(AVERAGE($BA$53:$BA$58),0) -> 24539 | ... BJ68: =BJ56-ROUND(AVERAGE($BA$53:$BA$58),0) -> 24894 | BL68: Blank Resazurin:554,593 | BO68: E | BQ68: =BQ56-ROUND(AVERAGE($BQ$53:$BQ$57),0) -> -71 | BR68: =BR56-ROUND(AVERAGE($BQ$53:$BQ$57),0) -> 807913 | BS68: =BS56-ROUND(AVERAGE($BQ$53:$BQ$57),0) -> 51604 | BT68: =BT56-ROUND(AVERAGE($BQ$53:$BQ$57),0) -> 72581 | BU68: =BU56-ROUND(AVERAGE($BQ$53:$BQ$57),0) -> 85788 | BV68: =BV56-ROUND(AVERAGE($BQ$53:$BQ$57),0) -> 67805 | BW68: =BW56-ROUND(AVERAGE($BQ$53:$BQ$57),0) -> 68695 | BX68: =BX56-ROUND(AVERAGE($BQ$53:$BQ$57),0) -> 66929 | ... BZ68: =BZ56-ROUND(AVERAGE($BQ$53:$BQ$57),0) -> 72243 | CB68: Blank Resazurin:554,593 | CE68: E | CG68: =CG56-ROUND(AVERAGE($CG$53:$CG$58),0) -> -168 | CH68: =CH56-ROUND(AVERAGE($CG$53:$CG$58),0) -> 806446 | CI68: =CI56-ROUND(AVERAGE($CG$53:$CG$58),0) -> 11215 | CJ68: =CJ56-ROUND(AVERAGE($CG$53:$CG$58),0) -> 9293 | CK68: =CK56-ROUND(AVERAGE($CG$53:$CG$58),0) -> 11252 | CL68: =CL56-ROUND(AVERAGE($CG$53:$CG$58),0) -> 8315 | CM68: =CM56-ROUND(AVERAGE($CG$53:$CG$58),0) -> 8676 | CN68: =CN56-ROUND(AVERAGE($CG$53:$CG$58),0) -> 8618 | ... CP68: =CP56-ROUND(AVERAGE($CG$53:$CG$58),0) -> 15899 | CR68: Blank Resazurin:554,593 | CU68: E | CW68: =CW56-ROUND(AVERAGE($CW$53:$CW$57),0) -> 451 | CX68: =CX56-ROUND(AVERAGE($CW$53:$CW$57),0) -> 810002 | CY68: =CY56-ROUND(AVERAGE($CW$53:$CW$57),0) -> 76391 | CZ68: =CZ56-ROUND(AVERAGE($CW$53:$CW$57),0) -> 66371 | DA68: =DA56-ROUND(AVERAGE($CW$53:$CW$57),0) -> 74825 | DB68: =DB56-ROUND(AVERAGE($CW$53:$CW$57),0) -> 61694 | DC68: =DC56-ROUND(AVERAGE($CW$53:$CW$57),0) -> 62330 | DD68: =DD56-ROUND(AVERAGE($CW$53:$CW$57),0) -> 77510 | ... DF68: =DF56-ROUND(AVERAGE($CW$53:$CW$57),0) -> 96748 | DH68: Blank Resazurin:554,593 | DK68: E | DM68: =DM56-ROUND(AVERAGE($DM$53:$DM$58),0) -> -171 | DN68: =DN56-ROUND(AVERAGE($DM$53:$DM$58),0) -> 788318 | DO68: =DO56-ROUND(AVERAGE($DM$53:$DM$58),0) -> -133 | DP68: =DP56-ROUND(AVERAGE($DM$53:$DM$58),0) -> -351 | DQ68: =DQ56-ROUND(AVERAGE($DM$53:$DM$58),0) -> -375 | DR68: =DR56-ROUND(AVERAGE($DM$53:$DM$58),0) -> -67 | DS68: =DS56-ROUND(AVERAGE($DM$53:$DM$58),0) -> -681 | DT68: =DT56-ROUND(AVERAGE($DM$53:$DM$58),0) -> -438 | ... DV68: =DV56-ROUND(AVERAGE($DM$53:$DM$58),0) -> 229 | DX68: Blank Resazurin:554,593
C69: F | E69: =E57-ROUND(AVERAGE($E$53:$E$58),0) -> -157 | F69: =F57-ROUND(AVERAGE($E$53:$E$58),0) -> 767621 | G69: =G57-ROUND(AVERAGE($E$53:$E$58),0) -> 12126 | H69: =H57-ROUND(AVERAGE($E$53:$E$58),0) -> 11432 | I69: =I57-ROUND(AVERAGE($E$53:$E$58),0) -> 11792 | J69: =J57-ROUND(AVERAGE($E$53:$E$58),0) -> 13079 | K69: =K57-ROUND(AVERAGE($E$53:$E$58),0) -> 13292 | L69: =L57-ROUND(AVERAGE($E$53:$E$58),0) -> 14116 | ... N69: =N57-ROUND(AVERAGE($E$53:$E$58),0) -> 16344 | P69: Blank Resazurin:554,593 | S69: F | U69: =U57-ROUND(AVERAGE($U$53:$U$58),0) -> -30 | V69: =V57-ROUND(AVERAGE($U$53:$U$58),0) -> 767147 | W69: =W57-ROUND(AVERAGE($U$53:$U$58),0) -> 18316 | X69: =X57-ROUND(AVERAGE($U$53:$U$58),0) -> 14575 | Y69: =Y57-ROUND(AVERAGE($U$53:$U$58),0) -> 16105 | Z69: =Z57-ROUND(AVERAGE($U$53:$U$58),0) -> 15871 | AA69: =AA57-ROUND(AVERAGE($U$53:$U$58),0) -> 16982 | AB69: =AB57-ROUND(AVERAGE($U$53:$U$58),0) -> 17757 | ... AD69: =AD57-ROUND(AVERAGE($U$53:$U$58),0) -> 14288 | AF69: Blank Resazurin:554,593 | AI69: F | AK69: =AK57-ROUND(AVERAGE($AK$53:$AK$58),0) -> 147 | AL69: =AL57-ROUND(AVERAGE($AK$53:$AK$58),0) -> 791286 | AM69: =AM57-ROUND(AVERAGE($AK$53:$AK$58),0) -> 28544 | AN69: =AN57-ROUND(AVERAGE($AK$53:$AK$58),0) -> 21576 | AO69: =AO57-ROUND(AVERAGE($AK$53:$AK$58),0) -> 28728 | AP69: =AP57-ROUND(AVERAGE($AK$53:$AK$58),0) -> 34434 | AQ69: =AQ57-ROUND(AVERAGE($AK$53:$AK$58),0) -> 30637 | AR69: =AR57-ROUND(AVERAGE($AK$53:$AK$58),0) -> 38142 | ... AT69: =AT57-ROUND(AVERAGE($AK$53:$AK$58),0) -> 53685 | AV69: Blank Resazurin:554,593 | AY69: F | BA69: =BA57-ROUND(AVERAGE($BA$53:$BA$58),0) -> 767 | BB69: =BB57-ROUND(AVERAGE($BA$53:$BA$58),0) -> 791727 | BC69: =BC57-ROUND(AVERAGE($BA$53:$BA$58),0) -> 16002 | BD69: =BD57-ROUND(AVERAGE($BA$53:$BA$58),0) -> 15227 | BE69: =BE57-ROUND(AVERAGE($BA$53:$BA$58),0) -> 19345 | BF69: =BF57-ROUND(AVERAGE($BA$53:$BA$58),0) -> 17328 | BG69: =BG57-ROUND(AVERAGE($BA$53:$BA$58),0) -> 18338 | BH69: =BH57-ROUND(AVERAGE($BA$53:$BA$58),0) -> 21641 | ... BJ69: =BJ57-ROUND(AVERAGE($BA$53:$BA$58),0) -> 25261 | BL69: Blank Resazurin:554,593 | BO69: F | BQ69: =BQ57-ROUND(AVERAGE($BQ$53:$BQ$57),0) -> 265 | BR69: =BR57-ROUND(AVERAGE($BQ$53:$BQ$57),0) -> 796342 | BS69: =BS57-ROUND(AVERAGE($BQ$53:$BQ$57),0) -> 25597 | BT69: =BT57-ROUND(AVERAGE($BQ$53:$BQ$57),0) -> 23545 | BU69: =BU57-ROUND(AVERAGE($BQ$53:$BQ$57),0) -> 20050 | BV69: =BV57-ROUND(AVERAGE($BQ$53:$BQ$57),0) -> 26446 | BW69: =BW57-ROUND(AVERAGE($BQ$53:$BQ$57),0) -> 28393 | BX69: =BX57-ROUND(AVERAGE($BQ$53:$BQ$57),0) -> 34391 | ... BZ69: =BZ57-ROUND(AVERAGE($BQ$53:$BQ$57),0) -> 38038 | CB69: Blank Resazurin:554,593 | CE69: F | CG69: =CG57-ROUND(AVERAGE($CG$53:$CG$58),0) -> 174 | CH69: =CH57-ROUND(AVERAGE($CG$53:$CG$58),0) -> 804877 | CI69: =CI57-ROUND(AVERAGE($CG$53:$CG$58),0) -> 8565 | CJ69: =CJ57-ROUND(AVERAGE($CG$53:$CG$58),0) -> 7288 | CK69: =CK57-ROUND(AVERAGE($CG$53:$CG$58),0) -> 9319 | CL69: =CL57-ROUND(AVERAGE($CG$53:$CG$58),0) -> 7250 | CM69: =CM57-ROUND(AVERAGE($CG$53:$CG$58),0) -> 6824 | CN69: =CN57-ROUND(AVERAGE($CG$53:$CG$58),0) -> 10331 | ... CP69: =CP57-ROUND(AVERAGE($CG$53:$CG$58),0) -> 14027 | CR69: Blank Resazurin:554,593 | CU69: F | CW69: =CW57-ROUND(AVERAGE($CW$53:$CW$57),0) -> 460 | CX69: =CX57-ROUND(AVERAGE($CW$53:$CW$57),0) -> 800886 | CY69: =CY57-ROUND(AVERAGE($CW$53:$CW$57),0) -> 10102 | CZ69: =CZ57-ROUND(AVERAGE($CW$53:$CW$57),0) -> 11397 | DA69: =DA57-ROUND(AVERAGE($CW$53:$CW$57),0) -> 10899 | DB69: =DB57-ROUND(AVERAGE($CW$53:$CW$57),0) -> 11987 | DC69: =DC57-ROUND(AVERAGE($CW$53:$CW$57),0) -> 10307 | DD69: =DD57-ROUND(AVERAGE($CW$53:$CW$57),0) -> 12500 | ... DF69: =DF57-ROUND(AVERAGE($CW$53:$CW$57),0) -> 22942 | DH69: Blank Resazurin:554,593 | DK69: F | DM69: =DM57-ROUND(AVERAGE($DM$53:$DM$58),0) -> -244 | DN69: =DN57-ROUND(AVERAGE($DM$53:$DM$58),0) -> 790806 | DO69: =DO57-ROUND(AVERAGE($DM$53:$DM$58),0) -> -474 | DP69: =DP57-ROUND(AVERAGE($DM$53:$DM$58),0) -> -414 | DQ69: =DQ57-ROUND(AVERAGE($DM$53:$DM$58),0) -> 133 | DR69: =DR57-ROUND(AVERAGE($DM$53:$DM$58),0) -> -334 | DS69: =DS57-ROUND(AVERAGE($DM$53:$DM$58),0) -> 205 | DT69: =DT57-ROUND(AVERAGE($DM$53:$DM$58),0) -> 458 | ... DV69: =DV57-ROUND(AVERAGE($DM$53:$DM$58),0) -> 696 | DX69: Blank Resazurin:554,593
